[2025-09-15 09:26:21] [CUSTOM] [::1] Database connection established successfully
Context: {
    "host": "localhost",
    "database": "voting_system"
}
Request URI: /voting-system/admin/admin.php
User Agent: Mozilla/5.0 (Windows NT 10.0; Win64; x64) AppleWebKit/537.36 (KHTML, like Gecko) Chrome/140.0.0.0 Safari/537.36
--------------------------------------------------------------------------------
[2025-09-15 09:26:21] [CUSTOM] [::1] Database connection established successfully
Context: {
    "host": "localhost",
    "database": "voting_system"
}
Request URI: /voting-system/admin/admin.php
User Agent: Mozilla/5.0 (Windows NT 10.0; Win64; x64) AppleWebKit/537.36 (KHTML, like Gecko) Chrome/140.0.0.0 Safari/537.36
--------------------------------------------------------------------------------
[2025-09-15 09:26:21] [CUSTOM] [::1] Database connection established successfully
Context: {
    "host": "localhost",
    "database": "voting_system"
}
Request URI: /voting-system/admin/admin.php
User Agent: Mozilla/5.0 (Windows NT 10.0; Win64; x64) AppleWebKit/537.36 (KHTML, like Gecko) Chrome/140.0.0.0 Safari/537.36
--------------------------------------------------------------------------------
[2025-09-15 09:26:21] [CUSTOM] [::1] Database connection established successfully
Context: {
    "host": "localhost",
    "database": "voting_system"
}
Request URI: /voting-system/admin/admin.php
User Agent: Mozilla/5.0 (Windows NT 10.0; Win64; x64) AppleWebKit/537.36 (KHTML, like Gecko) Chrome/140.0.0.0 Safari/537.36
--------------------------------------------------------------------------------
[2025-09-15 09:26:21] [EXCEPTION] [::1] electionStatus.php:400 - Unmatched '}'
Stack Trace:
#0 {main}
Request URI: /voting-system/admin/admin.php
User Agent: Mozilla/5.0 (Windows NT 10.0; Win64; x64) AppleWebKit/537.36 (KHTML, like Gecko) Chrome/140.0.0.0 Safari/537.36
--------------------------------------------------------------------------------
[2025-09-15 09:26:40] [CUSTOM] [::1] Database connection established successfully
Context: {
    "host": "localhost",
    "database": "voting_system"
}
Request URI: /voting-system/admin/viewApplicant.php?name=David%20Wilson
User Agent: Mozilla/5.0 (Windows NT 10.0; Win64; x64) AppleWebKit/537.36 (KHTML, like Gecko) Chrome/140.0.0.0 Safari/537.36
--------------------------------------------------------------------------------
[2025-09-15 09:26:45] [CUSTOM] [::1] Database connection established successfully
Context: {
    "host": "localhost",
    "database": "voting_system"
}
Request URI: /voting-system/common/formActions.php?name=David%20Wilson&attempts=0&status=A&comments=
User Agent: Mozilla/5.0 (Windows NT 10.0; Win64; x64) AppleWebKit/537.36 (KHTML, like Gecko) Chrome/140.0.0.0 Safari/537.36
--------------------------------------------------------------------------------
[2025-09-15 09:26:45] [CUSTOM] [::1] Database connection established successfully
Context: {
    "host": "localhost",
    "database": "voting_system"
}
Request URI: /voting-system/admin/admin.php
User Agent: Mozilla/5.0 (Windows NT 10.0; Win64; x64) AppleWebKit/537.36 (KHTML, like Gecko) Chrome/140.0.0.0 Safari/537.36
--------------------------------------------------------------------------------
[2025-09-15 09:26:45] [CUSTOM] [::1] Database connection established successfully
Context: {
    "host": "localhost",
    "database": "voting_system"
}
Request URI: /voting-system/admin/admin.php
User Agent: Mozilla/5.0 (Windows NT 10.0; Win64; x64) AppleWebKit/537.36 (KHTML, like Gecko) Chrome/140.0.0.0 Safari/537.36
--------------------------------------------------------------------------------
[2025-09-15 09:26:45] [CUSTOM] [::1] Database connection established successfully
Context: {
    "host": "localhost",
    "database": "voting_system"
}
Request URI: /voting-system/admin/admin.php
User Agent: Mozilla/5.0 (Windows NT 10.0; Win64; x64) AppleWebKit/537.36 (KHTML, like Gecko) Chrome/140.0.0.0 Safari/537.36
--------------------------------------------------------------------------------
[2025-09-15 09:26:45] [CUSTOM] [::1] Database connection established successfully
Context: {
    "host": "localhost",
    "database": "voting_system"
}
Request URI: /voting-system/admin/admin.php
User Agent: Mozilla/5.0 (Windows NT 10.0; Win64; x64) AppleWebKit/537.36 (KHTML, like Gecko) Chrome/140.0.0.0 Safari/537.36
--------------------------------------------------------------------------------
[2025-09-15 09:26:45] [EXCEPTION] [::1] electionStatus.php:400 - Unmatched '}'
Stack Trace:
#0 {main}
Request URI: /voting-system/admin/admin.php
User Agent: Mozilla/5.0 (Windows NT 10.0; Win64; x64) AppleWebKit/537.36 (KHTML, like Gecko) Chrome/140.0.0.0 Safari/537.36
--------------------------------------------------------------------------------
[2025-09-15 09:31:14] [CUSTOM] [::1] Database connection established successfully
Context: {
    "host": "localhost",
    "database": "voting_system"
}
Request URI: /voting-system/admin/admin.php
User Agent: Mozilla/5.0 (Windows NT 10.0; Win64; x64) AppleWebKit/537.36 (KHTML, like Gecko) Chrome/140.0.0.0 Safari/537.36
--------------------------------------------------------------------------------
[2025-09-15 09:31:14] [CUSTOM] [::1] Database connection established successfully
Context: {
    "host": "localhost",
    "database": "voting_system"
}
Request URI: /voting-system/admin/admin.php
User Agent: Mozilla/5.0 (Windows NT 10.0; Win64; x64) AppleWebKit/537.36 (KHTML, like Gecko) Chrome/140.0.0.0 Safari/537.36
--------------------------------------------------------------------------------
[2025-09-15 09:31:14] [CUSTOM] [::1] Database connection established successfully
Context: {
    "host": "localhost",
    "database": "voting_system"
}
Request URI: /voting-system/admin/admin.php
User Agent: Mozilla/5.0 (Windows NT 10.0; Win64; x64) AppleWebKit/537.36 (KHTML, like Gecko) Chrome/140.0.0.0 Safari/537.36
--------------------------------------------------------------------------------
[2025-09-15 09:31:14] [CUSTOM] [::1] Database connection established successfully
Context: {
    "host": "localhost",
    "database": "voting_system"
}
Request URI: /voting-system/admin/admin.php
User Agent: Mozilla/5.0 (Windows NT 10.0; Win64; x64) AppleWebKit/537.36 (KHTML, like Gecko) Chrome/140.0.0.0 Safari/537.36
--------------------------------------------------------------------------------
[2025-09-15 09:31:14] [EXCEPTION] [::1] electionStatus.php:400 - Unmatched '}'
Stack Trace:
#0 {main}
Request URI: /voting-system/admin/admin.php
User Agent: Mozilla/5.0 (Windows NT 10.0; Win64; x64) AppleWebKit/537.36 (KHTML, like Gecko) Chrome/140.0.0.0 Safari/537.36
--------------------------------------------------------------------------------
[2025-09-15 09:34:56] [CUSTOM] [::1] Database connection established successfully
Context: {
    "host": "localhost",
    "database": "voting_system"
}
Request URI: /voting-system/admin/admin.php
User Agent: Mozilla/5.0 (Windows NT 10.0; Win64; x64) AppleWebKit/537.36 (KHTML, like Gecko) Chrome/140.0.0.0 Safari/537.36
--------------------------------------------------------------------------------
[2025-09-15 09:34:56] [CUSTOM] [::1] Database connection established successfully
Context: {
    "host": "localhost",
    "database": "voting_system"
}
Request URI: /voting-system/admin/admin.php
User Agent: Mozilla/5.0 (Windows NT 10.0; Win64; x64) AppleWebKit/537.36 (KHTML, like Gecko) Chrome/140.0.0.0 Safari/537.36
--------------------------------------------------------------------------------
[2025-09-15 09:34:56] [CUSTOM] [::1] Database connection established successfully
Context: {
    "host": "localhost",
    "database": "voting_system"
}
Request URI: /voting-system/admin/admin.php
User Agent: Mozilla/5.0 (Windows NT 10.0; Win64; x64) AppleWebKit/537.36 (KHTML, like Gecko) Chrome/140.0.0.0 Safari/537.36
--------------------------------------------------------------------------------
[2025-09-15 09:34:56] [CUSTOM] [::1] Database connection established successfully
Context: {
    "host": "localhost",
    "database": "voting_system"
}
Request URI: /voting-system/admin/admin.php
User Agent: Mozilla/5.0 (Windows NT 10.0; Win64; x64) AppleWebKit/537.36 (KHTML, like Gecko) Chrome/140.0.0.0 Safari/537.36
--------------------------------------------------------------------------------
[2025-09-15 09:34:59] [CUSTOM] [::1] Database connection established successfully
Context: {
    "host": "localhost",
    "database": "voting_system"
}
Request URI: /voting-system/admin/admin.php
User Agent: Mozilla/5.0 (Windows NT 10.0; Win64; x64) AppleWebKit/537.36 (KHTML, like Gecko) Chrome/140.0.0.0 Safari/537.36
--------------------------------------------------------------------------------
[2025-09-15 09:34:59] [CUSTOM] [::1] Database connection established successfully
Context: {
    "host": "localhost",
    "database": "voting_system"
}
Request URI: /voting-system/admin/admin.php
User Agent: Mozilla/5.0 (Windows NT 10.0; Win64; x64) AppleWebKit/537.36 (KHTML, like Gecko) Chrome/140.0.0.0 Safari/537.36
--------------------------------------------------------------------------------
[2025-09-15 09:34:59] [CUSTOM] [::1] Database connection established successfully
Context: {
    "host": "localhost",
    "database": "voting_system"
}
Request URI: /voting-system/admin/admin.php
User Agent: Mozilla/5.0 (Windows NT 10.0; Win64; x64) AppleWebKit/537.36 (KHTML, like Gecko) Chrome/140.0.0.0 Safari/537.36
--------------------------------------------------------------------------------
[2025-09-15 09:34:59] [CUSTOM] [::1] Database connection established successfully
Context: {
    "host": "localhost",
    "database": "voting_system"
}
Request URI: /voting-system/admin/admin.php
User Agent: Mozilla/5.0 (Windows NT 10.0; Win64; x64) AppleWebKit/537.36 (KHTML, like Gecko) Chrome/140.0.0.0 Safari/537.36
--------------------------------------------------------------------------------
[2025-09-15 09:36:09] [CUSTOM] [::1] Database connection established successfully
Context: {
    "host": "localhost",
    "database": "voting_system"
}
Request URI: /voting-system/admin/admin.php
User Agent: Mozilla/5.0 (Windows NT 10.0; Win64; x64) AppleWebKit/537.36 (KHTML, like Gecko) Chrome/140.0.0.0 Safari/537.36
--------------------------------------------------------------------------------
[2025-09-15 09:36:09] [CUSTOM] [::1] Database connection established successfully
Context: {
    "host": "localhost",
    "database": "voting_system"
}
Request URI: /voting-system/admin/admin.php
User Agent: Mozilla/5.0 (Windows NT 10.0; Win64; x64) AppleWebKit/537.36 (KHTML, like Gecko) Chrome/140.0.0.0 Safari/537.36
--------------------------------------------------------------------------------
[2025-09-15 09:36:09] [CUSTOM] [::1] Database connection established successfully
Context: {
    "host": "localhost",
    "database": "voting_system"
}
Request URI: /voting-system/admin/admin.php
User Agent: Mozilla/5.0 (Windows NT 10.0; Win64; x64) AppleWebKit/537.36 (KHTML, like Gecko) Chrome/140.0.0.0 Safari/537.36
--------------------------------------------------------------------------------
[2025-09-15 09:36:09] [CUSTOM] [::1] Database connection established successfully
Context: {
    "host": "localhost",
    "database": "voting_system"
}
Request URI: /voting-system/admin/admin.php
User Agent: Mozilla/5.0 (Windows NT 10.0; Win64; x64) AppleWebKit/537.36 (KHTML, like Gecko) Chrome/140.0.0.0 Safari/537.36
--------------------------------------------------------------------------------
[2025-09-15 09:36:09] [NOTICE] [::1] dashboard.php:4 - session_start(): Ignoring session_start() because a session is already active
Request URI: /voting-system/admin/admin.php
User Agent: Mozilla/5.0 (Windows NT 10.0; Win64; x64) AppleWebKit/537.36 (KHTML, like Gecko) Chrome/140.0.0.0 Safari/537.36
--------------------------------------------------------------------------------
[2025-09-15 09:36:09] [CUSTOM] [::1] Database connection established successfully
Context: {
    "host": "localhost",
    "database": "voting_system"
}
Request URI: /voting-system/admin/admin.php
User Agent: Mozilla/5.0 (Windows NT 10.0; Win64; x64) AppleWebKit/537.36 (KHTML, like Gecko) Chrome/140.0.0.0 Safari/537.36
--------------------------------------------------------------------------------
[2025-09-15 09:36:09] [CUSTOM] [::1] Database connection established successfully
Context: {
    "host": "localhost",
    "database": "voting_system"
}
Request URI: /voting-system/admin/admin.php
User Agent: Mozilla/5.0 (Windows NT 10.0; Win64; x64) AppleWebKit/537.36 (KHTML, like Gecko) Chrome/140.0.0.0 Safari/537.36
--------------------------------------------------------------------------------
[2025-09-15 09:36:57] [CUSTOM] [::1] Database connection established successfully
Context: {
    "host": "localhost",
    "database": "voting_system"
}
Request URI: /voting-system/admin/admin.php
User Agent: Mozilla/5.0 (Windows NT 10.0; Win64; x64) AppleWebKit/537.36 (KHTML, like Gecko) Chrome/140.0.0.0 Safari/537.36
--------------------------------------------------------------------------------
[2025-09-15 09:36:57] [CUSTOM] [::1] Database connection established successfully
Context: {
    "host": "localhost",
    "database": "voting_system"
}
Request URI: /voting-system/admin/admin.php
User Agent: Mozilla/5.0 (Windows NT 10.0; Win64; x64) AppleWebKit/537.36 (KHTML, like Gecko) Chrome/140.0.0.0 Safari/537.36
--------------------------------------------------------------------------------
[2025-09-15 09:36:57] [CUSTOM] [::1] Database connection established successfully
Context: {
    "host": "localhost",
    "database": "voting_system"
}
Request URI: /voting-system/admin/admin.php
User Agent: Mozilla/5.0 (Windows NT 10.0; Win64; x64) AppleWebKit/537.36 (KHTML, like Gecko) Chrome/140.0.0.0 Safari/537.36
--------------------------------------------------------------------------------
[2025-09-15 09:36:57] [CUSTOM] [::1] Database connection established successfully
Context: {
    "host": "localhost",
    "database": "voting_system"
}
Request URI: /voting-system/admin/admin.php
User Agent: Mozilla/5.0 (Windows NT 10.0; Win64; x64) AppleWebKit/537.36 (KHTML, like Gecko) Chrome/140.0.0.0 Safari/537.36
--------------------------------------------------------------------------------
[2025-09-15 09:36:57] [NOTICE] [::1] dashboard.php:4 - session_start(): Ignoring session_start() because a session is already active
Request URI: /voting-system/admin/admin.php
User Agent: Mozilla/5.0 (Windows NT 10.0; Win64; x64) AppleWebKit/537.36 (KHTML, like Gecko) Chrome/140.0.0.0 Safari/537.36
--------------------------------------------------------------------------------
[2025-09-15 09:36:57] [CUSTOM] [::1] Database connection established successfully
Context: {
    "host": "localhost",
    "database": "voting_system"
}
Request URI: /voting-system/admin/admin.php
User Agent: Mozilla/5.0 (Windows NT 10.0; Win64; x64) AppleWebKit/537.36 (KHTML, like Gecko) Chrome/140.0.0.0 Safari/537.36
--------------------------------------------------------------------------------
[2025-09-15 09:36:57] [CUSTOM] [::1] Database connection established successfully
Context: {
    "host": "localhost",
    "database": "voting_system"
}
Request URI: /voting-system/admin/admin.php
User Agent: Mozilla/5.0 (Windows NT 10.0; Win64; x64) AppleWebKit/537.36 (KHTML, like Gecko) Chrome/140.0.0.0 Safari/537.36
--------------------------------------------------------------------------------
[2025-09-15 09:37:12] [CUSTOM] [::1] Database connection established successfully
Context: {
    "host": "localhost",
    "database": "voting_system"
}
Request URI: /voting-system/admin/admin.php
User Agent: Mozilla/5.0 (Windows NT 10.0; Win64; x64) AppleWebKit/537.36 (KHTML, like Gecko) Chrome/140.0.0.0 Safari/537.36
--------------------------------------------------------------------------------
[2025-09-15 09:37:12] [CUSTOM] [::1] Database connection established successfully
Context: {
    "host": "localhost",
    "database": "voting_system"
}
Request URI: /voting-system/admin/admin.php
User Agent: Mozilla/5.0 (Windows NT 10.0; Win64; x64) AppleWebKit/537.36 (KHTML, like Gecko) Chrome/140.0.0.0 Safari/537.36
--------------------------------------------------------------------------------
[2025-09-15 09:37:12] [CUSTOM] [::1] Database connection established successfully
Context: {
    "host": "localhost",
    "database": "voting_system"
}
Request URI: /voting-system/admin/admin.php
User Agent: Mozilla/5.0 (Windows NT 10.0; Win64; x64) AppleWebKit/537.36 (KHTML, like Gecko) Chrome/140.0.0.0 Safari/537.36
--------------------------------------------------------------------------------
[2025-09-15 09:37:12] [CUSTOM] [::1] Database connection established successfully
Context: {
    "host": "localhost",
    "database": "voting_system"
}
Request URI: /voting-system/admin/admin.php
User Agent: Mozilla/5.0 (Windows NT 10.0; Win64; x64) AppleWebKit/537.36 (KHTML, like Gecko) Chrome/140.0.0.0 Safari/537.36
--------------------------------------------------------------------------------
[2025-09-15 09:37:12] [NOTICE] [::1] dashboard.php:4 - session_start(): Ignoring session_start() because a session is already active
Request URI: /voting-system/admin/admin.php
User Agent: Mozilla/5.0 (Windows NT 10.0; Win64; x64) AppleWebKit/537.36 (KHTML, like Gecko) Chrome/140.0.0.0 Safari/537.36
--------------------------------------------------------------------------------
[2025-09-15 09:37:12] [CUSTOM] [::1] Database connection established successfully
Context: {
    "host": "localhost",
    "database": "voting_system"
}
Request URI: /voting-system/admin/admin.php
User Agent: Mozilla/5.0 (Windows NT 10.0; Win64; x64) AppleWebKit/537.36 (KHTML, like Gecko) Chrome/140.0.0.0 Safari/537.36
--------------------------------------------------------------------------------
[2025-09-15 09:37:13] [CUSTOM] [::1] Database connection established successfully
Context: {
    "host": "localhost",
    "database": "voting_system"
}
Request URI: /voting-system/admin/admin.php
User Agent: Mozilla/5.0 (Windows NT 10.0; Win64; x64) AppleWebKit/537.36 (KHTML, like Gecko) Chrome/140.0.0.0 Safari/537.36
--------------------------------------------------------------------------------
[2025-09-15 09:37:31] [CUSTOM] [::1] Database connection established successfully
Context: {
    "host": "localhost",
    "database": "voting_system"
}
Request URI: /voting-system/admin/admin.php
User Agent: Mozilla/5.0 (Windows NT 10.0; Win64; x64) AppleWebKit/537.36 (KHTML, like Gecko) Chrome/140.0.0.0 Safari/537.36
--------------------------------------------------------------------------------
[2025-09-15 09:37:31] [CUSTOM] [::1] Database connection established successfully
Context: {
    "host": "localhost",
    "database": "voting_system"
}
Request URI: /voting-system/admin/admin.php
User Agent: Mozilla/5.0 (Windows NT 10.0; Win64; x64) AppleWebKit/537.36 (KHTML, like Gecko) Chrome/140.0.0.0 Safari/537.36
--------------------------------------------------------------------------------
[2025-09-15 09:37:31] [CUSTOM] [::1] Database connection established successfully
Context: {
    "host": "localhost",
    "database": "voting_system"
}
Request URI: /voting-system/admin/admin.php
User Agent: Mozilla/5.0 (Windows NT 10.0; Win64; x64) AppleWebKit/537.36 (KHTML, like Gecko) Chrome/140.0.0.0 Safari/537.36
--------------------------------------------------------------------------------
[2025-09-15 09:37:31] [CUSTOM] [::1] Database connection established successfully
Context: {
    "host": "localhost",
    "database": "voting_system"
}
Request URI: /voting-system/admin/admin.php
User Agent: Mozilla/5.0 (Windows NT 10.0; Win64; x64) AppleWebKit/537.36 (KHTML, like Gecko) Chrome/140.0.0.0 Safari/537.36
--------------------------------------------------------------------------------
[2025-09-15 09:37:31] [NOTICE] [::1] dashboard.php:4 - session_start(): Ignoring session_start() because a session is already active
Request URI: /voting-system/admin/admin.php
User Agent: Mozilla/5.0 (Windows NT 10.0; Win64; x64) AppleWebKit/537.36 (KHTML, like Gecko) Chrome/140.0.0.0 Safari/537.36
--------------------------------------------------------------------------------
[2025-09-15 09:37:31] [CUSTOM] [::1] Database connection established successfully
Context: {
    "host": "localhost",
    "database": "voting_system"
}
Request URI: /voting-system/admin/admin.php
User Agent: Mozilla/5.0 (Windows NT 10.0; Win64; x64) AppleWebKit/537.36 (KHTML, like Gecko) Chrome/140.0.0.0 Safari/537.36
--------------------------------------------------------------------------------
[2025-09-15 09:37:31] [CUSTOM] [::1] Database connection established successfully
Context: {
    "host": "localhost",
    "database": "voting_system"
}
Request URI: /voting-system/admin/admin.php
User Agent: Mozilla/5.0 (Windows NT 10.0; Win64; x64) AppleWebKit/537.36 (KHTML, like Gecko) Chrome/140.0.0.0 Safari/537.36
--------------------------------------------------------------------------------
[2025-09-15 09:37:58] [CUSTOM] [::1] Database connection established successfully
Context: {
    "host": "localhost",
    "database": "voting_system"
}
Request URI: /voting-system/admin/admin.php
User Agent: Mozilla/5.0 (Windows NT 10.0; Win64; x64) AppleWebKit/537.36 (KHTML, like Gecko) Chrome/140.0.0.0 Safari/537.36
--------------------------------------------------------------------------------
[2025-09-15 09:37:58] [CUSTOM] [::1] Database connection established successfully
Context: {
    "host": "localhost",
    "database": "voting_system"
}
Request URI: /voting-system/admin/admin.php
User Agent: Mozilla/5.0 (Windows NT 10.0; Win64; x64) AppleWebKit/537.36 (KHTML, like Gecko) Chrome/140.0.0.0 Safari/537.36
--------------------------------------------------------------------------------
[2025-09-15 09:37:58] [CUSTOM] [::1] Database connection established successfully
Context: {
    "host": "localhost",
    "database": "voting_system"
}
Request URI: /voting-system/admin/admin.php
User Agent: Mozilla/5.0 (Windows NT 10.0; Win64; x64) AppleWebKit/537.36 (KHTML, like Gecko) Chrome/140.0.0.0 Safari/537.36
--------------------------------------------------------------------------------
[2025-09-15 09:38:07] [CUSTOM] [::1] Database connection established successfully
Context: {
    "host": "localhost",
    "database": "voting_system"
}
Request URI: /voting-system/admin/admin.php?page=electionStatus
User Agent: Mozilla/5.0 (Windows NT 10.0; Win64; x64) AppleWebKit/537.36 (KHTML, like Gecko) Chrome/140.0.0.0 Safari/537.36
--------------------------------------------------------------------------------
[2025-09-15 09:38:07] [CUSTOM] [::1] Database connection established successfully
Context: {
    "host": "localhost",
    "database": "voting_system"
}
Request URI: /voting-system/admin/admin.php?page=electionStatus
User Agent: Mozilla/5.0 (Windows NT 10.0; Win64; x64) AppleWebKit/537.36 (KHTML, like Gecko) Chrome/140.0.0.0 Safari/537.36
--------------------------------------------------------------------------------
[2025-09-15 09:38:07] [CUSTOM] [::1] Database connection established successfully
Context: {
    "host": "localhost",
    "database": "voting_system"
}
Request URI: /voting-system/admin/admin.php?page=electionStatus
User Agent: Mozilla/5.0 (Windows NT 10.0; Win64; x64) AppleWebKit/537.36 (KHTML, like Gecko) Chrome/140.0.0.0 Safari/537.36
--------------------------------------------------------------------------------
[2025-09-15 09:38:09] [CUSTOM] [::1] Database connection established successfully
Context: {
    "host": "localhost",
    "database": "voting_system"
}
Request URI: /voting-system/admin/admin.php?page=candidates
User Agent: Mozilla/5.0 (Windows NT 10.0; Win64; x64) AppleWebKit/537.36 (KHTML, like Gecko) Chrome/140.0.0.0 Safari/537.36
--------------------------------------------------------------------------------
[2025-09-15 09:38:09] [CUSTOM] [::1] Database connection established successfully
Context: {
    "host": "localhost",
    "database": "voting_system"
}
Request URI: /voting-system/admin/admin.php?page=candidates
User Agent: Mozilla/5.0 (Windows NT 10.0; Win64; x64) AppleWebKit/537.36 (KHTML, like Gecko) Chrome/140.0.0.0 Safari/537.36
--------------------------------------------------------------------------------
[2025-09-15 09:38:09] [CUSTOM] [::1] Database connection established successfully
Context: {
    "host": "localhost",
    "database": "voting_system"
}
Request URI: /voting-system/admin/admin.php?page=candidates
User Agent: Mozilla/5.0 (Windows NT 10.0; Win64; x64) AppleWebKit/537.36 (KHTML, like Gecko) Chrome/140.0.0.0 Safari/537.36
--------------------------------------------------------------------------------
[2025-09-15 09:38:09] [CUSTOM] [::1] Database connection established successfully
Context: {
    "host": "localhost",
    "database": "voting_system"
}
Request URI: /voting-system/admin/admin.php?page=applications
User Agent: Mozilla/5.0 (Windows NT 10.0; Win64; x64) AppleWebKit/537.36 (KHTML, like Gecko) Chrome/140.0.0.0 Safari/537.36
--------------------------------------------------------------------------------
[2025-09-15 09:38:09] [CUSTOM] [::1] Database connection established successfully
Context: {
    "host": "localhost",
    "database": "voting_system"
}
Request URI: /voting-system/admin/admin.php?page=applications
User Agent: Mozilla/5.0 (Windows NT 10.0; Win64; x64) AppleWebKit/537.36 (KHTML, like Gecko) Chrome/140.0.0.0 Safari/537.36
--------------------------------------------------------------------------------
[2025-09-15 09:38:09] [CUSTOM] [::1] Database connection established successfully
Context: {
    "host": "localhost",
    "database": "voting_system"
}
Request URI: /voting-system/admin/admin.php?page=applications
User Agent: Mozilla/5.0 (Windows NT 10.0; Win64; x64) AppleWebKit/537.36 (KHTML, like Gecko) Chrome/140.0.0.0 Safari/537.36
--------------------------------------------------------------------------------
[2025-09-15 09:38:10] [CUSTOM] [::1] Database connection established successfully
Context: {
    "host": "localhost",
    "database": "voting_system"
}
Request URI: /voting-system/admin/admin.php?page=applications
User Agent: Mozilla/5.0 (Windows NT 10.0; Win64; x64) AppleWebKit/537.36 (KHTML, like Gecko) Chrome/140.0.0.0 Safari/537.36
--------------------------------------------------------------------------------
[2025-09-15 09:38:10] [CUSTOM] [::1] Database connection established successfully
Context: {
    "host": "localhost",
    "database": "voting_system"
}
Request URI: /voting-system/admin/admin.php?page=applications
User Agent: Mozilla/5.0 (Windows NT 10.0; Win64; x64) AppleWebKit/537.36 (KHTML, like Gecko) Chrome/140.0.0.0 Safari/537.36
--------------------------------------------------------------------------------
[2025-09-15 09:38:10] [CUSTOM] [::1] Database connection established successfully
Context: {
    "host": "localhost",
    "database": "voting_system"
}
Request URI: /voting-system/admin/admin.php?page=applications
User Agent: Mozilla/5.0 (Windows NT 10.0; Win64; x64) AppleWebKit/537.36 (KHTML, like Gecko) Chrome/140.0.0.0 Safari/537.36
--------------------------------------------------------------------------------
[2025-09-15 09:38:11] [CUSTOM] [::1] Database connection established successfully
Context: {
    "host": "localhost",
    "database": "voting_system"
}
Request URI: /voting-system/admin/admin.php?page=dashboard
User Agent: Mozilla/5.0 (Windows NT 10.0; Win64; x64) AppleWebKit/537.36 (KHTML, like Gecko) Chrome/140.0.0.0 Safari/537.36
--------------------------------------------------------------------------------
[2025-09-15 09:38:11] [CUSTOM] [::1] Database connection established successfully
Context: {
    "host": "localhost",
    "database": "voting_system"
}
Request URI: /voting-system/admin/admin.php?page=dashboard
User Agent: Mozilla/5.0 (Windows NT 10.0; Win64; x64) AppleWebKit/537.36 (KHTML, like Gecko) Chrome/140.0.0.0 Safari/537.36
--------------------------------------------------------------------------------
[2025-09-15 09:38:11] [CUSTOM] [::1] Database connection established successfully
Context: {
    "host": "localhost",
    "database": "voting_system"
}
Request URI: /voting-system/admin/admin.php?page=dashboard
User Agent: Mozilla/5.0 (Windows NT 10.0; Win64; x64) AppleWebKit/537.36 (KHTML, like Gecko) Chrome/140.0.0.0 Safari/537.36
--------------------------------------------------------------------------------
[2025-09-15 09:38:43] [CUSTOM] [::1] Database connection established successfully
Context: {
    "host": "localhost",
    "database": "voting_system"
}
Request URI: /voting-system/admin/admin.php?page=electionStatus
User Agent: Mozilla/5.0 (Windows NT 10.0; Win64; x64) AppleWebKit/537.36 (KHTML, like Gecko) Chrome/140.0.0.0 Safari/537.36
--------------------------------------------------------------------------------
[2025-09-15 09:38:43] [CUSTOM] [::1] Database connection established successfully
Context: {
    "host": "localhost",
    "database": "voting_system"
}
Request URI: /voting-system/admin/admin.php?page=electionStatus
User Agent: Mozilla/5.0 (Windows NT 10.0; Win64; x64) AppleWebKit/537.36 (KHTML, like Gecko) Chrome/140.0.0.0 Safari/537.36
--------------------------------------------------------------------------------
[2025-09-15 09:38:43] [CUSTOM] [::1] Database connection established successfully
Context: {
    "host": "localhost",
    "database": "voting_system"
}
Request URI: /voting-system/admin/admin.php?page=electionStatus
User Agent: Mozilla/5.0 (Windows NT 10.0; Win64; x64) AppleWebKit/537.36 (KHTML, like Gecko) Chrome/140.0.0.0 Safari/537.36
--------------------------------------------------------------------------------
[2025-09-15 09:38:44] [CUSTOM] [::1] Database connection established successfully
Context: {
    "host": "localhost",
    "database": "voting_system"
}
Request URI: /voting-system/admin/admin.php?page=candidates
User Agent: Mozilla/5.0 (Windows NT 10.0; Win64; x64) AppleWebKit/537.36 (KHTML, like Gecko) Chrome/140.0.0.0 Safari/537.36
--------------------------------------------------------------------------------
[2025-09-15 09:38:44] [CUSTOM] [::1] Database connection established successfully
Context: {
    "host": "localhost",
    "database": "voting_system"
}
Request URI: /voting-system/admin/admin.php?page=candidates
User Agent: Mozilla/5.0 (Windows NT 10.0; Win64; x64) AppleWebKit/537.36 (KHTML, like Gecko) Chrome/140.0.0.0 Safari/537.36
--------------------------------------------------------------------------------
[2025-09-15 09:38:44] [CUSTOM] [::1] Database connection established successfully
Context: {
    "host": "localhost",
    "database": "voting_system"
}
Request URI: /voting-system/admin/admin.php?page=candidates
User Agent: Mozilla/5.0 (Windows NT 10.0; Win64; x64) AppleWebKit/537.36 (KHTML, like Gecko) Chrome/140.0.0.0 Safari/537.36
--------------------------------------------------------------------------------
[2025-09-15 09:38:45] [CUSTOM] [::1] Database connection established successfully
Context: {
    "host": "localhost",
    "database": "voting_system"
}
Request URI: /voting-system/admin/admin.php?page=electionStatus
User Agent: Mozilla/5.0 (Windows NT 10.0; Win64; x64) AppleWebKit/537.36 (KHTML, like Gecko) Chrome/140.0.0.0 Safari/537.36
--------------------------------------------------------------------------------
[2025-09-15 09:38:45] [CUSTOM] [::1] Database connection established successfully
Context: {
    "host": "localhost",
    "database": "voting_system"
}
Request URI: /voting-system/admin/admin.php?page=electionStatus
User Agent: Mozilla/5.0 (Windows NT 10.0; Win64; x64) AppleWebKit/537.36 (KHTML, like Gecko) Chrome/140.0.0.0 Safari/537.36
--------------------------------------------------------------------------------
[2025-09-15 09:38:45] [CUSTOM] [::1] Database connection established successfully
Context: {
    "host": "localhost",
    "database": "voting_system"
}
Request URI: /voting-system/admin/admin.php?page=electionStatus
User Agent: Mozilla/5.0 (Windows NT 10.0; Win64; x64) AppleWebKit/537.36 (KHTML, like Gecko) Chrome/140.0.0.0 Safari/537.36
--------------------------------------------------------------------------------
[2025-09-15 09:39:19] [CUSTOM] [::1] Database connection established successfully
Context: {
    "host": "localhost",
    "database": "voting_system"
}
Request URI: /voting-system/admin/admin.php?page=electionStatus
User Agent: Mozilla/5.0 (Windows NT 10.0; Win64; x64) AppleWebKit/537.36 (KHTML, like Gecko) Chrome/140.0.0.0 Safari/537.36
--------------------------------------------------------------------------------
[2025-09-15 09:39:19] [CUSTOM] [::1] Database connection established successfully
Context: {
    "host": "localhost",
    "database": "voting_system"
}
Request URI: /voting-system/admin/admin.php?page=electionStatus
User Agent: Mozilla/5.0 (Windows NT 10.0; Win64; x64) AppleWebKit/537.36 (KHTML, like Gecko) Chrome/140.0.0.0 Safari/537.36
--------------------------------------------------------------------------------
[2025-09-15 09:39:19] [CUSTOM] [::1] Database connection established successfully
Context: {
    "host": "localhost",
    "database": "voting_system"
}
Request URI: /voting-system/admin/admin.php?page=electionStatus
User Agent: Mozilla/5.0 (Windows NT 10.0; Win64; x64) AppleWebKit/537.36 (KHTML, like Gecko) Chrome/140.0.0.0 Safari/537.36
--------------------------------------------------------------------------------
[2025-09-15 09:39:19] [EXCEPTION] [::1] electionStatus.php:288 - Unmatched '}'
Stack Trace:
#0 {main}
Request URI: /voting-system/admin/admin.php?page=electionStatus
User Agent: Mozilla/5.0 (Windows NT 10.0; Win64; x64) AppleWebKit/537.36 (KHTML, like Gecko) Chrome/140.0.0.0 Safari/537.36
--------------------------------------------------------------------------------
[2025-09-15 09:39:22] [CUSTOM] [::1] Database connection established successfully
Context: {
    "host": "localhost",
    "database": "voting_system"
}
Request URI: /voting-system/admin/admin.php?page=electionStatus
User Agent: Mozilla/5.0 (Windows NT 10.0; Win64; x64) AppleWebKit/537.36 (KHTML, like Gecko) Chrome/140.0.0.0 Safari/537.36
--------------------------------------------------------------------------------
[2025-09-15 09:39:22] [CUSTOM] [::1] Database connection established successfully
Context: {
    "host": "localhost",
    "database": "voting_system"
}
Request URI: /voting-system/admin/admin.php?page=electionStatus
User Agent: Mozilla/5.0 (Windows NT 10.0; Win64; x64) AppleWebKit/537.36 (KHTML, like Gecko) Chrome/140.0.0.0 Safari/537.36
--------------------------------------------------------------------------------
[2025-09-15 09:39:22] [CUSTOM] [::1] Database connection established successfully
Context: {
    "host": "localhost",
    "database": "voting_system"
}
Request URI: /voting-system/admin/admin.php?page=electionStatus
User Agent: Mozilla/5.0 (Windows NT 10.0; Win64; x64) AppleWebKit/537.36 (KHTML, like Gecko) Chrome/140.0.0.0 Safari/537.36
--------------------------------------------------------------------------------
[2025-09-15 09:39:22] [EXCEPTION] [::1] electionStatus.php:288 - Unmatched '}'
Stack Trace:
#0 {main}
Request URI: /voting-system/admin/admin.php?page=electionStatus
User Agent: Mozilla/5.0 (Windows NT 10.0; Win64; x64) AppleWebKit/537.36 (KHTML, like Gecko) Chrome/140.0.0.0 Safari/537.36
--------------------------------------------------------------------------------
[2025-09-15 09:39:23] [CUSTOM] [::1] Database connection established successfully
Context: {
    "host": "localhost",
    "database": "voting_system"
}
Request URI: /voting-system/admin/admin.php?page=electionStatus
User Agent: Mozilla/5.0 (Windows NT 10.0; Win64; x64) AppleWebKit/537.36 (KHTML, like Gecko) Chrome/140.0.0.0 Safari/537.36
--------------------------------------------------------------------------------
[2025-09-15 09:39:23] [CUSTOM] [::1] Database connection established successfully
Context: {
    "host": "localhost",
    "database": "voting_system"
}
Request URI: /voting-system/admin/admin.php?page=electionStatus
User Agent: Mozilla/5.0 (Windows NT 10.0; Win64; x64) AppleWebKit/537.36 (KHTML, like Gecko) Chrome/140.0.0.0 Safari/537.36
--------------------------------------------------------------------------------
[2025-09-15 09:39:23] [CUSTOM] [::1] Database connection established successfully
Context: {
    "host": "localhost",
    "database": "voting_system"
}
Request URI: /voting-system/admin/admin.php?page=electionStatus
User Agent: Mozilla/5.0 (Windows NT 10.0; Win64; x64) AppleWebKit/537.36 (KHTML, like Gecko) Chrome/140.0.0.0 Safari/537.36
--------------------------------------------------------------------------------
[2025-09-15 09:39:23] [EXCEPTION] [::1] electionStatus.php:288 - Unmatched '}'
Stack Trace:
#0 {main}
Request URI: /voting-system/admin/admin.php?page=electionStatus
User Agent: Mozilla/5.0 (Windows NT 10.0; Win64; x64) AppleWebKit/537.36 (KHTML, like Gecko) Chrome/140.0.0.0 Safari/537.36
--------------------------------------------------------------------------------
[2025-09-15 09:39:23] [CUSTOM] [::1] Database connection established successfully
Context: {
    "host": "localhost",
    "database": "voting_system"
}
Request URI: /voting-system/admin/admin.php?page=electionStatus
User Agent: Mozilla/5.0 (Windows NT 10.0; Win64; x64) AppleWebKit/537.36 (KHTML, like Gecko) Chrome/140.0.0.0 Safari/537.36
--------------------------------------------------------------------------------
[2025-09-15 09:39:23] [CUSTOM] [::1] Database connection established successfully
Context: {
    "host": "localhost",
    "database": "voting_system"
}
Request URI: /voting-system/admin/admin.php?page=electionStatus
User Agent: Mozilla/5.0 (Windows NT 10.0; Win64; x64) AppleWebKit/537.36 (KHTML, like Gecko) Chrome/140.0.0.0 Safari/537.36
--------------------------------------------------------------------------------
[2025-09-15 09:39:23] [CUSTOM] [::1] Database connection established successfully
Context: {
    "host": "localhost",
    "database": "voting_system"
}
Request URI: /voting-system/admin/admin.php?page=electionStatus
User Agent: Mozilla/5.0 (Windows NT 10.0; Win64; x64) AppleWebKit/537.36 (KHTML, like Gecko) Chrome/140.0.0.0 Safari/537.36
--------------------------------------------------------------------------------
[2025-09-15 09:39:23] [EXCEPTION] [::1] electionStatus.php:288 - Unmatched '}'
Stack Trace:
#0 {main}
Request URI: /voting-system/admin/admin.php?page=electionStatus
User Agent: Mozilla/5.0 (Windows NT 10.0; Win64; x64) AppleWebKit/537.36 (KHTML, like Gecko) Chrome/140.0.0.0 Safari/537.36
--------------------------------------------------------------------------------
[2025-09-15 09:39:23] [CUSTOM] [::1] Database connection established successfully
Context: {
    "host": "localhost",
    "database": "voting_system"
}
Request URI: /voting-system/admin/admin.php?page=electionStatus
User Agent: Mozilla/5.0 (Windows NT 10.0; Win64; x64) AppleWebKit/537.36 (KHTML, like Gecko) Chrome/140.0.0.0 Safari/537.36
--------------------------------------------------------------------------------
[2025-09-15 09:39:23] [CUSTOM] [::1] Database connection established successfully
Context: {
    "host": "localhost",
    "database": "voting_system"
}
Request URI: /voting-system/admin/admin.php?page=electionStatus
User Agent: Mozilla/5.0 (Windows NT 10.0; Win64; x64) AppleWebKit/537.36 (KHTML, like Gecko) Chrome/140.0.0.0 Safari/537.36
--------------------------------------------------------------------------------
[2025-09-15 09:39:23] [CUSTOM] [::1] Database connection established successfully
Context: {
    "host": "localhost",
    "database": "voting_system"
}
Request URI: /voting-system/admin/admin.php?page=electionStatus
User Agent: Mozilla/5.0 (Windows NT 10.0; Win64; x64) AppleWebKit/537.36 (KHTML, like Gecko) Chrome/140.0.0.0 Safari/537.36
--------------------------------------------------------------------------------
[2025-09-15 09:39:23] [EXCEPTION] [::1] electionStatus.php:288 - Unmatched '}'
Stack Trace:
#0 {main}
Request URI: /voting-system/admin/admin.php?page=electionStatus
User Agent: Mozilla/5.0 (Windows NT 10.0; Win64; x64) AppleWebKit/537.36 (KHTML, like Gecko) Chrome/140.0.0.0 Safari/537.36
--------------------------------------------------------------------------------
[2025-09-15 09:39:23] [CUSTOM] [::1] Database connection established successfully
Context: {
    "host": "localhost",
    "database": "voting_system"
}
Request URI: /voting-system/admin/admin.php?page=electionStatus
User Agent: Mozilla/5.0 (Windows NT 10.0; Win64; x64) AppleWebKit/537.36 (KHTML, like Gecko) Chrome/140.0.0.0 Safari/537.36
--------------------------------------------------------------------------------
[2025-09-15 09:39:23] [CUSTOM] [::1] Database connection established successfully
Context: {
    "host": "localhost",
    "database": "voting_system"
}
Request URI: /voting-system/admin/admin.php?page=electionStatus
User Agent: Mozilla/5.0 (Windows NT 10.0; Win64; x64) AppleWebKit/537.36 (KHTML, like Gecko) Chrome/140.0.0.0 Safari/537.36
--------------------------------------------------------------------------------
[2025-09-15 09:39:23] [CUSTOM] [::1] Database connection established successfully
Context: {
    "host": "localhost",
    "database": "voting_system"
}
Request URI: /voting-system/admin/admin.php?page=electionStatus
User Agent: Mozilla/5.0 (Windows NT 10.0; Win64; x64) AppleWebKit/537.36 (KHTML, like Gecko) Chrome/140.0.0.0 Safari/537.36
--------------------------------------------------------------------------------
[2025-09-15 09:39:23] [EXCEPTION] [::1] electionStatus.php:288 - Unmatched '}'
Stack Trace:
#0 {main}
Request URI: /voting-system/admin/admin.php?page=electionStatus
User Agent: Mozilla/5.0 (Windows NT 10.0; Win64; x64) AppleWebKit/537.36 (KHTML, like Gecko) Chrome/140.0.0.0 Safari/537.36
--------------------------------------------------------------------------------
[2025-09-15 09:39:38] [CUSTOM] [::1] Database connection established successfully
Context: {
    "host": "localhost",
    "database": "voting_system"
}
Request URI: /voting-system/admin/admin.php?page=candidates
User Agent: Mozilla/5.0 (Windows NT 10.0; Win64; x64) AppleWebKit/537.36 (KHTML, like Gecko) Chrome/140.0.0.0 Safari/537.36
--------------------------------------------------------------------------------
[2025-09-15 09:39:38] [CUSTOM] [::1] Database connection established successfully
Context: {
    "host": "localhost",
    "database": "voting_system"
}
Request URI: /voting-system/admin/admin.php?page=candidates
User Agent: Mozilla/5.0 (Windows NT 10.0; Win64; x64) AppleWebKit/537.36 (KHTML, like Gecko) Chrome/140.0.0.0 Safari/537.36
--------------------------------------------------------------------------------
[2025-09-15 09:39:38] [CUSTOM] [::1] Database connection established successfully
Context: {
    "host": "localhost",
    "database": "voting_system"
}
Request URI: /voting-system/admin/admin.php?page=candidates
User Agent: Mozilla/5.0 (Windows NT 10.0; Win64; x64) AppleWebKit/537.36 (KHTML, like Gecko) Chrome/140.0.0.0 Safari/537.36
--------------------------------------------------------------------------------
[2025-09-15 09:39:39] [CUSTOM] [::1] Database connection established successfully
Context: {
    "host": "localhost",
    "database": "voting_system"
}
Request URI: /voting-system/admin/admin.php?page=candidates
User Agent: Mozilla/5.0 (Windows NT 10.0; Win64; x64) AppleWebKit/537.36 (KHTML, like Gecko) Chrome/140.0.0.0 Safari/537.36
--------------------------------------------------------------------------------
[2025-09-15 09:39:39] [CUSTOM] [::1] Database connection established successfully
Context: {
    "host": "localhost",
    "database": "voting_system"
}
Request URI: /voting-system/admin/admin.php?page=candidates
User Agent: Mozilla/5.0 (Windows NT 10.0; Win64; x64) AppleWebKit/537.36 (KHTML, like Gecko) Chrome/140.0.0.0 Safari/537.36
--------------------------------------------------------------------------------
[2025-09-15 09:39:39] [CUSTOM] [::1] Database connection established successfully
Context: {
    "host": "localhost",
    "database": "voting_system"
}
Request URI: /voting-system/admin/admin.php?page=candidates
User Agent: Mozilla/5.0 (Windows NT 10.0; Win64; x64) AppleWebKit/537.36 (KHTML, like Gecko) Chrome/140.0.0.0 Safari/537.36
--------------------------------------------------------------------------------
[2025-09-15 09:39:39] [CUSTOM] [::1] Database connection established successfully
Context: {
    "host": "localhost",
    "database": "voting_system"
}
Request URI: /voting-system/admin/admin.php?page=candidates
User Agent: Mozilla/5.0 (Windows NT 10.0; Win64; x64) AppleWebKit/537.36 (KHTML, like Gecko) Chrome/140.0.0.0 Safari/537.36
--------------------------------------------------------------------------------
[2025-09-15 09:39:39] [CUSTOM] [::1] Database connection established successfully
Context: {
    "host": "localhost",
    "database": "voting_system"
}
Request URI: /voting-system/admin/admin.php?page=candidates
User Agent: Mozilla/5.0 (Windows NT 10.0; Win64; x64) AppleWebKit/537.36 (KHTML, like Gecko) Chrome/140.0.0.0 Safari/537.36
--------------------------------------------------------------------------------
[2025-09-15 09:39:39] [CUSTOM] [::1] Database connection established successfully
Context: {
    "host": "localhost",
    "database": "voting_system"
}
Request URI: /voting-system/admin/admin.php?page=candidates
User Agent: Mozilla/5.0 (Windows NT 10.0; Win64; x64) AppleWebKit/537.36 (KHTML, like Gecko) Chrome/140.0.0.0 Safari/537.36
--------------------------------------------------------------------------------
[2025-09-15 09:39:39] [CUSTOM] [::1] Database connection established successfully
Context: {
    "host": "localhost",
    "database": "voting_system"
}
Request URI: /voting-system/admin/admin.php?page=applications
User Agent: Mozilla/5.0 (Windows NT 10.0; Win64; x64) AppleWebKit/537.36 (KHTML, like Gecko) Chrome/140.0.0.0 Safari/537.36
--------------------------------------------------------------------------------
[2025-09-15 09:39:39] [CUSTOM] [::1] Database connection established successfully
Context: {
    "host": "localhost",
    "database": "voting_system"
}
Request URI: /voting-system/admin/admin.php?page=applications
User Agent: Mozilla/5.0 (Windows NT 10.0; Win64; x64) AppleWebKit/537.36 (KHTML, like Gecko) Chrome/140.0.0.0 Safari/537.36
--------------------------------------------------------------------------------
[2025-09-15 09:39:39] [CUSTOM] [::1] Database connection established successfully
Context: {
    "host": "localhost",
    "database": "voting_system"
}
Request URI: /voting-system/admin/admin.php?page=applications
User Agent: Mozilla/5.0 (Windows NT 10.0; Win64; x64) AppleWebKit/537.36 (KHTML, like Gecko) Chrome/140.0.0.0 Safari/537.36
--------------------------------------------------------------------------------
[2025-09-15 09:39:40] [CUSTOM] [::1] Database connection established successfully
Context: {
    "host": "localhost",
    "database": "voting_system"
}
Request URI: /voting-system/admin/admin.php?page=applications
User Agent: Mozilla/5.0 (Windows NT 10.0; Win64; x64) AppleWebKit/537.36 (KHTML, like Gecko) Chrome/140.0.0.0 Safari/537.36
--------------------------------------------------------------------------------
[2025-09-15 09:39:40] [CUSTOM] [::1] Database connection established successfully
Context: {
    "host": "localhost",
    "database": "voting_system"
}
Request URI: /voting-system/admin/admin.php?page=applications
User Agent: Mozilla/5.0 (Windows NT 10.0; Win64; x64) AppleWebKit/537.36 (KHTML, like Gecko) Chrome/140.0.0.0 Safari/537.36
--------------------------------------------------------------------------------
[2025-09-15 09:39:40] [CUSTOM] [::1] Database connection established successfully
Context: {
    "host": "localhost",
    "database": "voting_system"
}
Request URI: /voting-system/admin/admin.php?page=applications
User Agent: Mozilla/5.0 (Windows NT 10.0; Win64; x64) AppleWebKit/537.36 (KHTML, like Gecko) Chrome/140.0.0.0 Safari/537.36
--------------------------------------------------------------------------------
[2025-09-15 09:39:41] [CUSTOM] [::1] Database connection established successfully
Context: {
    "host": "localhost",
    "database": "voting_system"
}
Request URI: /voting-system/admin/admin.php?page=electionStatus
User Agent: Mozilla/5.0 (Windows NT 10.0; Win64; x64) AppleWebKit/537.36 (KHTML, like Gecko) Chrome/140.0.0.0 Safari/537.36
--------------------------------------------------------------------------------
[2025-09-15 09:39:41] [CUSTOM] [::1] Database connection established successfully
Context: {
    "host": "localhost",
    "database": "voting_system"
}
Request URI: /voting-system/admin/admin.php?page=electionStatus
User Agent: Mozilla/5.0 (Windows NT 10.0; Win64; x64) AppleWebKit/537.36 (KHTML, like Gecko) Chrome/140.0.0.0 Safari/537.36
--------------------------------------------------------------------------------
[2025-09-15 09:39:41] [CUSTOM] [::1] Database connection established successfully
Context: {
    "host": "localhost",
    "database": "voting_system"
}
Request URI: /voting-system/admin/admin.php?page=electionStatus
User Agent: Mozilla/5.0 (Windows NT 10.0; Win64; x64) AppleWebKit/537.36 (KHTML, like Gecko) Chrome/140.0.0.0 Safari/537.36
--------------------------------------------------------------------------------
[2025-09-15 09:39:41] [EXCEPTION] [::1] electionStatus.php:288 - Unmatched '}'
Stack Trace:
#0 {main}
Request URI: /voting-system/admin/admin.php?page=electionStatus
User Agent: Mozilla/5.0 (Windows NT 10.0; Win64; x64) AppleWebKit/537.36 (KHTML, like Gecko) Chrome/140.0.0.0 Safari/537.36
--------------------------------------------------------------------------------
[2025-09-15 09:39:43] [CUSTOM] [::1] Database connection established successfully
Context: {
    "host": "localhost",
    "database": "voting_system"
}
Request URI: /voting-system/admin/admin.php?page=dashboard
User Agent: Mozilla/5.0 (Windows NT 10.0; Win64; x64) AppleWebKit/537.36 (KHTML, like Gecko) Chrome/140.0.0.0 Safari/537.36
--------------------------------------------------------------------------------
[2025-09-15 09:39:43] [CUSTOM] [::1] Database connection established successfully
Context: {
    "host": "localhost",
    "database": "voting_system"
}
Request URI: /voting-system/admin/admin.php?page=dashboard
User Agent: Mozilla/5.0 (Windows NT 10.0; Win64; x64) AppleWebKit/537.36 (KHTML, like Gecko) Chrome/140.0.0.0 Safari/537.36
--------------------------------------------------------------------------------
[2025-09-15 09:39:43] [CUSTOM] [::1] Database connection established successfully
Context: {
    "host": "localhost",
    "database": "voting_system"
}
Request URI: /voting-system/admin/admin.php?page=dashboard
User Agent: Mozilla/5.0 (Windows NT 10.0; Win64; x64) AppleWebKit/537.36 (KHTML, like Gecko) Chrome/140.0.0.0 Safari/537.36
--------------------------------------------------------------------------------
[2025-09-15 09:40:05] [CUSTOM] [::1] Database connection established successfully
Context: {
    "host": "localhost",
    "database": "voting_system"
}
Request URI: /voting-system/admin/admin.php?page=electionStatus
User Agent: Mozilla/5.0 (Windows NT 10.0; Win64; x64) AppleWebKit/537.36 (KHTML, like Gecko) Chrome/140.0.0.0 Safari/537.36
--------------------------------------------------------------------------------
[2025-09-15 09:40:05] [CUSTOM] [::1] Database connection established successfully
Context: {
    "host": "localhost",
    "database": "voting_system"
}
Request URI: /voting-system/admin/admin.php?page=electionStatus
User Agent: Mozilla/5.0 (Windows NT 10.0; Win64; x64) AppleWebKit/537.36 (KHTML, like Gecko) Chrome/140.0.0.0 Safari/537.36
--------------------------------------------------------------------------------
[2025-09-15 09:40:05] [CUSTOM] [::1] Database connection established successfully
Context: {
    "host": "localhost",
    "database": "voting_system"
}
Request URI: /voting-system/admin/admin.php?page=electionStatus
User Agent: Mozilla/5.0 (Windows NT 10.0; Win64; x64) AppleWebKit/537.36 (KHTML, like Gecko) Chrome/140.0.0.0 Safari/537.36
--------------------------------------------------------------------------------
[2025-09-15 09:40:05] [CUSTOM] [::1] Database connection established successfully
Context: {
    "host": "localhost",
    "database": "voting_system"
}
Request URI: /voting-system/admin/admin.php?page=electionStatus
User Agent: Mozilla/5.0 (Windows NT 10.0; Win64; x64) AppleWebKit/537.36 (KHTML, like Gecko) Chrome/140.0.0.0 Safari/537.36
--------------------------------------------------------------------------------
[2025-09-15 09:40:31] [CUSTOM] [::1] Database connection established successfully
Context: {
    "host": "localhost",
    "database": "voting_system"
}
Request URI: /voting-system/admin/admin.php?page=candidates
User Agent: Mozilla/5.0 (Windows NT 10.0; Win64; x64) AppleWebKit/537.36 (KHTML, like Gecko) Chrome/140.0.0.0 Safari/537.36
--------------------------------------------------------------------------------
[2025-09-15 09:40:31] [CUSTOM] [::1] Database connection established successfully
Context: {
    "host": "localhost",
    "database": "voting_system"
}
Request URI: /voting-system/admin/admin.php?page=candidates
User Agent: Mozilla/5.0 (Windows NT 10.0; Win64; x64) AppleWebKit/537.36 (KHTML, like Gecko) Chrome/140.0.0.0 Safari/537.36
--------------------------------------------------------------------------------
[2025-09-15 09:40:31] [CUSTOM] [::1] Database connection established successfully
Context: {
    "host": "localhost",
    "database": "voting_system"
}
Request URI: /voting-system/admin/admin.php?page=candidates
User Agent: Mozilla/5.0 (Windows NT 10.0; Win64; x64) AppleWebKit/537.36 (KHTML, like Gecko) Chrome/140.0.0.0 Safari/537.36
--------------------------------------------------------------------------------
[2025-09-15 09:40:31] [CUSTOM] [::1] Database connection established successfully
Context: {
    "host": "localhost",
    "database": "voting_system"
}
Request URI: /voting-system/admin/admin.php?page=applications
User Agent: Mozilla/5.0 (Windows NT 10.0; Win64; x64) AppleWebKit/537.36 (KHTML, like Gecko) Chrome/140.0.0.0 Safari/537.36
--------------------------------------------------------------------------------
[2025-09-15 09:40:31] [CUSTOM] [::1] Database connection established successfully
Context: {
    "host": "localhost",
    "database": "voting_system"
}
Request URI: /voting-system/admin/admin.php?page=applications
User Agent: Mozilla/5.0 (Windows NT 10.0; Win64; x64) AppleWebKit/537.36 (KHTML, like Gecko) Chrome/140.0.0.0 Safari/537.36
--------------------------------------------------------------------------------
[2025-09-15 09:40:31] [CUSTOM] [::1] Database connection established successfully
Context: {
    "host": "localhost",
    "database": "voting_system"
}
Request URI: /voting-system/admin/admin.php?page=applications
User Agent: Mozilla/5.0 (Windows NT 10.0; Win64; x64) AppleWebKit/537.36 (KHTML, like Gecko) Chrome/140.0.0.0 Safari/537.36
--------------------------------------------------------------------------------
[2025-09-15 09:40:32] [CUSTOM] [::1] Database connection established successfully
Context: {
    "host": "localhost",
    "database": "voting_system"
}
Request URI: /voting-system/admin/admin.php?page=voteHistory
User Agent: Mozilla/5.0 (Windows NT 10.0; Win64; x64) AppleWebKit/537.36 (KHTML, like Gecko) Chrome/140.0.0.0 Safari/537.36
--------------------------------------------------------------------------------
[2025-09-15 09:40:32] [CUSTOM] [::1] Database connection established successfully
Context: {
    "host": "localhost",
    "database": "voting_system"
}
Request URI: /voting-system/admin/admin.php?page=voteHistory
User Agent: Mozilla/5.0 (Windows NT 10.0; Win64; x64) AppleWebKit/537.36 (KHTML, like Gecko) Chrome/140.0.0.0 Safari/537.36
--------------------------------------------------------------------------------
[2025-09-15 09:40:32] [CUSTOM] [::1] Database connection established successfully
Context: {
    "host": "localhost",
    "database": "voting_system"
}
Request URI: /voting-system/admin/admin.php?page=voteHistory
User Agent: Mozilla/5.0 (Windows NT 10.0; Win64; x64) AppleWebKit/537.36 (KHTML, like Gecko) Chrome/140.0.0.0 Safari/537.36
--------------------------------------------------------------------------------
[2025-09-15 09:40:34] [CUSTOM] [::1] Database connection established successfully
Context: {
    "host": "localhost",
    "database": "voting_system"
}
Request URI: /voting-system/admin/admin.php?page=candidates
User Agent: Mozilla/5.0 (Windows NT 10.0; Win64; x64) AppleWebKit/537.36 (KHTML, like Gecko) Chrome/140.0.0.0 Safari/537.36
--------------------------------------------------------------------------------
[2025-09-15 09:40:34] [CUSTOM] [::1] Database connection established successfully
Context: {
    "host": "localhost",
    "database": "voting_system"
}
Request URI: /voting-system/admin/admin.php?page=candidates
User Agent: Mozilla/5.0 (Windows NT 10.0; Win64; x64) AppleWebKit/537.36 (KHTML, like Gecko) Chrome/140.0.0.0 Safari/537.36
--------------------------------------------------------------------------------
[2025-09-15 09:40:34] [CUSTOM] [::1] Database connection established successfully
Context: {
    "host": "localhost",
    "database": "voting_system"
}
Request URI: /voting-system/admin/admin.php?page=candidates
User Agent: Mozilla/5.0 (Windows NT 10.0; Win64; x64) AppleWebKit/537.36 (KHTML, like Gecko) Chrome/140.0.0.0 Safari/537.36
--------------------------------------------------------------------------------
[2025-09-15 09:40:34] [CUSTOM] [::1] Database connection established successfully
Context: {
    "host": "localhost",
    "database": "voting_system"
}
Request URI: /voting-system/admin/admin.php?page=electionStatus
User Agent: Mozilla/5.0 (Windows NT 10.0; Win64; x64) AppleWebKit/537.36 (KHTML, like Gecko) Chrome/140.0.0.0 Safari/537.36
--------------------------------------------------------------------------------
[2025-09-15 09:40:34] [CUSTOM] [::1] Database connection established successfully
Context: {
    "host": "localhost",
    "database": "voting_system"
}
Request URI: /voting-system/admin/admin.php?page=electionStatus
User Agent: Mozilla/5.0 (Windows NT 10.0; Win64; x64) AppleWebKit/537.36 (KHTML, like Gecko) Chrome/140.0.0.0 Safari/537.36
--------------------------------------------------------------------------------
[2025-09-15 09:40:34] [CUSTOM] [::1] Database connection established successfully
Context: {
    "host": "localhost",
    "database": "voting_system"
}
Request URI: /voting-system/admin/admin.php?page=electionStatus
User Agent: Mozilla/5.0 (Windows NT 10.0; Win64; x64) AppleWebKit/537.36 (KHTML, like Gecko) Chrome/140.0.0.0 Safari/537.36
--------------------------------------------------------------------------------
[2025-09-15 09:40:34] [CUSTOM] [::1] Database connection established successfully
Context: {
    "host": "localhost",
    "database": "voting_system"
}
Request URI: /voting-system/admin/admin.php?page=electionStatus
User Agent: Mozilla/5.0 (Windows NT 10.0; Win64; x64) AppleWebKit/537.36 (KHTML, like Gecko) Chrome/140.0.0.0 Safari/537.36
--------------------------------------------------------------------------------
[2025-09-15 09:40:41] [CUSTOM] [::1] Database connection established successfully
Context: {
    "host": "localhost",
    "database": "voting_system"
}
Request URI: /voting-system/admin/admin.php?page=candidates
User Agent: Mozilla/5.0 (Windows NT 10.0; Win64; x64) AppleWebKit/537.36 (KHTML, like Gecko) Chrome/140.0.0.0 Safari/537.36
--------------------------------------------------------------------------------
[2025-09-15 09:40:41] [CUSTOM] [::1] Database connection established successfully
Context: {
    "host": "localhost",
    "database": "voting_system"
}
Request URI: /voting-system/admin/admin.php?page=candidates
User Agent: Mozilla/5.0 (Windows NT 10.0; Win64; x64) AppleWebKit/537.36 (KHTML, like Gecko) Chrome/140.0.0.0 Safari/537.36
--------------------------------------------------------------------------------
[2025-09-15 09:40:41] [CUSTOM] [::1] Database connection established successfully
Context: {
    "host": "localhost",
    "database": "voting_system"
}
Request URI: /voting-system/admin/admin.php?page=candidates
User Agent: Mozilla/5.0 (Windows NT 10.0; Win64; x64) AppleWebKit/537.36 (KHTML, like Gecko) Chrome/140.0.0.0 Safari/537.36
--------------------------------------------------------------------------------
[2025-09-15 09:40:42] [CUSTOM] [::1] Database connection established successfully
Context: {
    "host": "localhost",
    "database": "voting_system"
}
Request URI: /voting-system/admin/admin.php?page=applications
User Agent: Mozilla/5.0 (Windows NT 10.0; Win64; x64) AppleWebKit/537.36 (KHTML, like Gecko) Chrome/140.0.0.0 Safari/537.36
--------------------------------------------------------------------------------
[2025-09-15 09:40:42] [CUSTOM] [::1] Database connection established successfully
Context: {
    "host": "localhost",
    "database": "voting_system"
}
Request URI: /voting-system/admin/admin.php?page=applications
User Agent: Mozilla/5.0 (Windows NT 10.0; Win64; x64) AppleWebKit/537.36 (KHTML, like Gecko) Chrome/140.0.0.0 Safari/537.36
--------------------------------------------------------------------------------
[2025-09-15 09:40:42] [CUSTOM] [::1] Database connection established successfully
Context: {
    "host": "localhost",
    "database": "voting_system"
}
Request URI: /voting-system/admin/admin.php?page=applications
User Agent: Mozilla/5.0 (Windows NT 10.0; Win64; x64) AppleWebKit/537.36 (KHTML, like Gecko) Chrome/140.0.0.0 Safari/537.36
--------------------------------------------------------------------------------
[2025-09-15 09:40:42] [CUSTOM] [::1] Database connection established successfully
Context: {
    "host": "localhost",
    "database": "voting_system"
}
Request URI: /voting-system/admin/admin.php?page=voteHistory
User Agent: Mozilla/5.0 (Windows NT 10.0; Win64; x64) AppleWebKit/537.36 (KHTML, like Gecko) Chrome/140.0.0.0 Safari/537.36
--------------------------------------------------------------------------------
[2025-09-15 09:40:42] [CUSTOM] [::1] Database connection established successfully
Context: {
    "host": "localhost",
    "database": "voting_system"
}
Request URI: /voting-system/admin/admin.php?page=voteHistory
User Agent: Mozilla/5.0 (Windows NT 10.0; Win64; x64) AppleWebKit/537.36 (KHTML, like Gecko) Chrome/140.0.0.0 Safari/537.36
--------------------------------------------------------------------------------
[2025-09-15 09:40:42] [CUSTOM] [::1] Database connection established successfully
Context: {
    "host": "localhost",
    "database": "voting_system"
}
Request URI: /voting-system/admin/admin.php?page=voteHistory
User Agent: Mozilla/5.0 (Windows NT 10.0; Win64; x64) AppleWebKit/537.36 (KHTML, like Gecko) Chrome/140.0.0.0 Safari/537.36
--------------------------------------------------------------------------------
[2025-09-15 09:40:43] [CUSTOM] [::1] Database connection established successfully
Context: {
    "host": "localhost",
    "database": "voting_system"
}
Request URI: /voting-system/admin/admin.php?page=analytics
User Agent: Mozilla/5.0 (Windows NT 10.0; Win64; x64) AppleWebKit/537.36 (KHTML, like Gecko) Chrome/140.0.0.0 Safari/537.36
--------------------------------------------------------------------------------
[2025-09-15 09:40:43] [CUSTOM] [::1] Database connection established successfully
Context: {
    "host": "localhost",
    "database": "voting_system"
}
Request URI: /voting-system/admin/admin.php?page=analytics
User Agent: Mozilla/5.0 (Windows NT 10.0; Win64; x64) AppleWebKit/537.36 (KHTML, like Gecko) Chrome/140.0.0.0 Safari/537.36
--------------------------------------------------------------------------------
[2025-09-15 09:40:43] [CUSTOM] [::1] Database connection established successfully
Context: {
    "host": "localhost",
    "database": "voting_system"
}
Request URI: /voting-system/admin/admin.php?page=analytics
User Agent: Mozilla/5.0 (Windows NT 10.0; Win64; x64) AppleWebKit/537.36 (KHTML, like Gecko) Chrome/140.0.0.0 Safari/537.36
--------------------------------------------------------------------------------
[2025-09-15 09:40:43] [CUSTOM] [::1] Database connection established successfully
Context: {
    "host": "localhost",
    "database": "voting_system"
}
Request URI: /voting-system/admin/admin.php?page=voteHistory
User Agent: Mozilla/5.0 (Windows NT 10.0; Win64; x64) AppleWebKit/537.36 (KHTML, like Gecko) Chrome/140.0.0.0 Safari/537.36
--------------------------------------------------------------------------------
[2025-09-15 09:40:43] [CUSTOM] [::1] Database connection established successfully
Context: {
    "host": "localhost",
    "database": "voting_system"
}
Request URI: /voting-system/admin/admin.php?page=voteHistory
User Agent: Mozilla/5.0 (Windows NT 10.0; Win64; x64) AppleWebKit/537.36 (KHTML, like Gecko) Chrome/140.0.0.0 Safari/537.36
--------------------------------------------------------------------------------
[2025-09-15 09:40:43] [CUSTOM] [::1] Database connection established successfully
Context: {
    "host": "localhost",
    "database": "voting_system"
}
Request URI: /voting-system/admin/admin.php?page=voteHistory
User Agent: Mozilla/5.0 (Windows NT 10.0; Win64; x64) AppleWebKit/537.36 (KHTML, like Gecko) Chrome/140.0.0.0 Safari/537.36
--------------------------------------------------------------------------------
[2025-09-15 09:40:44] [CUSTOM] [::1] Database connection established successfully
Context: {
    "host": "localhost",
    "database": "voting_system"
}
Request URI: /voting-system/admin/admin.php?page=applications
User Agent: Mozilla/5.0 (Windows NT 10.0; Win64; x64) AppleWebKit/537.36 (KHTML, like Gecko) Chrome/140.0.0.0 Safari/537.36
--------------------------------------------------------------------------------
[2025-09-15 09:40:44] [CUSTOM] [::1] Database connection established successfully
Context: {
    "host": "localhost",
    "database": "voting_system"
}
Request URI: /voting-system/admin/admin.php?page=applications
User Agent: Mozilla/5.0 (Windows NT 10.0; Win64; x64) AppleWebKit/537.36 (KHTML, like Gecko) Chrome/140.0.0.0 Safari/537.36
--------------------------------------------------------------------------------
[2025-09-15 09:40:44] [CUSTOM] [::1] Database connection established successfully
Context: {
    "host": "localhost",
    "database": "voting_system"
}
Request URI: /voting-system/admin/admin.php?page=applications
User Agent: Mozilla/5.0 (Windows NT 10.0; Win64; x64) AppleWebKit/537.36 (KHTML, like Gecko) Chrome/140.0.0.0 Safari/537.36
--------------------------------------------------------------------------------
[2025-09-15 09:40:48] [CUSTOM] [::1] Database connection established successfully
Context: {
    "host": "localhost",
    "database": "voting_system"
}
Request URI: /voting-system/admin/admin.php?page=voteHistory
User Agent: Mozilla/5.0 (Windows NT 10.0; Win64; x64) AppleWebKit/537.36 (KHTML, like Gecko) Chrome/140.0.0.0 Safari/537.36
--------------------------------------------------------------------------------
[2025-09-15 09:40:48] [CUSTOM] [::1] Database connection established successfully
Context: {
    "host": "localhost",
    "database": "voting_system"
}
Request URI: /voting-system/admin/admin.php?page=voteHistory
User Agent: Mozilla/5.0 (Windows NT 10.0; Win64; x64) AppleWebKit/537.36 (KHTML, like Gecko) Chrome/140.0.0.0 Safari/537.36
--------------------------------------------------------------------------------
[2025-09-15 09:40:48] [CUSTOM] [::1] Database connection established successfully
Context: {
    "host": "localhost",
    "database": "voting_system"
}
Request URI: /voting-system/admin/admin.php?page=voteHistory
User Agent: Mozilla/5.0 (Windows NT 10.0; Win64; x64) AppleWebKit/537.36 (KHTML, like Gecko) Chrome/140.0.0.0 Safari/537.36
--------------------------------------------------------------------------------
[2025-09-15 09:40:48] [EXCEPTION] [::1] voteHistory.php:80 - mysqli_num_rows(): Argument #1 ($result) must be of type mysqli_result, bool given
Stack Trace:
#0 D:\OFFICE\TpotsProject\www\voting-system\admin\content\voteHistory.php(80): mysqli_num_rows(false)
#1 D:\OFFICE\TpotsProject\www\voting-system\admin\admin.php(310): include('D:\\OFFICE\\Tpots...')
#2 {main}
Request URI: /voting-system/admin/admin.php?page=voteHistory
User Agent: Mozilla/5.0 (Windows NT 10.0; Win64; x64) AppleWebKit/537.36 (KHTML, like Gecko) Chrome/140.0.0.0 Safari/537.36
--------------------------------------------------------------------------------
[2025-09-15 09:40:54] [CUSTOM] [::1] Database connection established successfully
Context: {
    "host": "localhost",
    "database": "voting_system"
}
Request URI: /voting-system/admin/admin.php?page=analytics
User Agent: Mozilla/5.0 (Windows NT 10.0; Win64; x64) AppleWebKit/537.36 (KHTML, like Gecko) Chrome/140.0.0.0 Safari/537.36
--------------------------------------------------------------------------------
[2025-09-15 09:40:54] [CUSTOM] [::1] Database connection established successfully
Context: {
    "host": "localhost",
    "database": "voting_system"
}
Request URI: /voting-system/admin/admin.php?page=analytics
User Agent: Mozilla/5.0 (Windows NT 10.0; Win64; x64) AppleWebKit/537.36 (KHTML, like Gecko) Chrome/140.0.0.0 Safari/537.36
--------------------------------------------------------------------------------
[2025-09-15 09:40:54] [CUSTOM] [::1] Database connection established successfully
Context: {
    "host": "localhost",
    "database": "voting_system"
}
Request URI: /voting-system/admin/admin.php?page=analytics
User Agent: Mozilla/5.0 (Windows NT 10.0; Win64; x64) AppleWebKit/537.36 (KHTML, like Gecko) Chrome/140.0.0.0 Safari/537.36
--------------------------------------------------------------------------------
[2025-09-15 09:40:56] [CUSTOM] [::1] Database connection established successfully
Context: {
    "host": "localhost",
    "database": "voting_system"
}
Request URI: /voting-system/admin/admin.php?page=userManagement
User Agent: Mozilla/5.0 (Windows NT 10.0; Win64; x64) AppleWebKit/537.36 (KHTML, like Gecko) Chrome/140.0.0.0 Safari/537.36
--------------------------------------------------------------------------------
[2025-09-15 09:40:56] [CUSTOM] [::1] Database connection established successfully
Context: {
    "host": "localhost",
    "database": "voting_system"
}
Request URI: /voting-system/admin/admin.php?page=userManagement
User Agent: Mozilla/5.0 (Windows NT 10.0; Win64; x64) AppleWebKit/537.36 (KHTML, like Gecko) Chrome/140.0.0.0 Safari/537.36
--------------------------------------------------------------------------------
[2025-09-15 09:40:56] [CUSTOM] [::1] Database connection established successfully
Context: {
    "host": "localhost",
    "database": "voting_system"
}
Request URI: /voting-system/admin/admin.php?page=userManagement
User Agent: Mozilla/5.0 (Windows NT 10.0; Win64; x64) AppleWebKit/537.36 (KHTML, like Gecko) Chrome/140.0.0.0 Safari/537.36
--------------------------------------------------------------------------------
[2025-09-15 09:40:57] [CUSTOM] [::1] Database connection established successfully
Context: {
    "host": "localhost",
    "database": "voting_system"
}
Request URI: /voting-system/admin/admin.php?page=errorLogs
User Agent: Mozilla/5.0 (Windows NT 10.0; Win64; x64) AppleWebKit/537.36 (KHTML, like Gecko) Chrome/140.0.0.0 Safari/537.36
--------------------------------------------------------------------------------
[2025-09-15 09:40:57] [CUSTOM] [::1] Database connection established successfully
Context: {
    "host": "localhost",
    "database": "voting_system"
}
Request URI: /voting-system/admin/admin.php?page=errorLogs
User Agent: Mozilla/5.0 (Windows NT 10.0; Win64; x64) AppleWebKit/537.36 (KHTML, like Gecko) Chrome/140.0.0.0 Safari/537.36
--------------------------------------------------------------------------------
[2025-09-15 09:40:57] [CUSTOM] [::1] Database connection established successfully
Context: {
    "host": "localhost",
    "database": "voting_system"
}
Request URI: /voting-system/admin/admin.php?page=errorLogs
User Agent: Mozilla/5.0 (Windows NT 10.0; Win64; x64) AppleWebKit/537.36 (KHTML, like Gecko) Chrome/140.0.0.0 Safari/537.36
--------------------------------------------------------------------------------
[2025-09-15 09:41:06] [CUSTOM] [::1] Database connection established successfully
Context: {
    "host": "localhost",
    "database": "voting_system"
}
Request URI: /voting-system/admin/admin.php?page=analytics
User Agent: Mozilla/5.0 (Windows NT 10.0; Win64; x64) AppleWebKit/537.36 (KHTML, like Gecko) Chrome/140.0.0.0 Safari/537.36
--------------------------------------------------------------------------------
[2025-09-15 09:41:06] [CUSTOM] [::1] Database connection established successfully
Context: {
    "host": "localhost",
    "database": "voting_system"
}
Request URI: /voting-system/admin/admin.php?page=analytics
User Agent: Mozilla/5.0 (Windows NT 10.0; Win64; x64) AppleWebKit/537.36 (KHTML, like Gecko) Chrome/140.0.0.0 Safari/537.36
--------------------------------------------------------------------------------
[2025-09-15 09:41:06] [CUSTOM] [::1] Database connection established successfully
Context: {
    "host": "localhost",
    "database": "voting_system"
}
Request URI: /voting-system/admin/admin.php?page=analytics
User Agent: Mozilla/5.0 (Windows NT 10.0; Win64; x64) AppleWebKit/537.36 (KHTML, like Gecko) Chrome/140.0.0.0 Safari/537.36
--------------------------------------------------------------------------------
[2025-09-15 09:41:21] [CUSTOM] [::1] Database connection established successfully
Context: {
    "host": "localhost",
    "database": "voting_system"
}
Request URI: /voting-system/admin/admin.php?page=electionStatus
User Agent: Mozilla/5.0 (Windows NT 10.0; Win64; x64) AppleWebKit/537.36 (KHTML, like Gecko) Chrome/140.0.0.0 Safari/537.36
--------------------------------------------------------------------------------
[2025-09-15 09:41:22] [CUSTOM] [::1] Database connection established successfully
Context: {
    "host": "localhost",
    "database": "voting_system"
}
Request URI: /voting-system/admin/admin.php?page=electionStatus
User Agent: Mozilla/5.0 (Windows NT 10.0; Win64; x64) AppleWebKit/537.36 (KHTML, like Gecko) Chrome/140.0.0.0 Safari/537.36
--------------------------------------------------------------------------------
[2025-09-15 09:41:22] [CUSTOM] [::1] Database connection established successfully
Context: {
    "host": "localhost",
    "database": "voting_system"
}
Request URI: /voting-system/admin/admin.php?page=electionStatus
User Agent: Mozilla/5.0 (Windows NT 10.0; Win64; x64) AppleWebKit/537.36 (KHTML, like Gecko) Chrome/140.0.0.0 Safari/537.36
--------------------------------------------------------------------------------
[2025-09-15 09:41:22] [CUSTOM] [::1] Database connection established successfully
Context: {
    "host": "localhost",
    "database": "voting_system"
}
Request URI: /voting-system/admin/admin.php?page=electionStatus
User Agent: Mozilla/5.0 (Windows NT 10.0; Win64; x64) AppleWebKit/537.36 (KHTML, like Gecko) Chrome/140.0.0.0 Safari/537.36
--------------------------------------------------------------------------------
[2025-09-15 09:41:33] [CUSTOM] [::1] Database connection established successfully
Context: {
    "host": "localhost",
    "database": "voting_system"
}
Request URI: /voting-system/admin/admin.php?page=voteHistory
User Agent: Mozilla/5.0 (Windows NT 10.0; Win64; x64) AppleWebKit/537.36 (KHTML, like Gecko) Chrome/140.0.0.0 Safari/537.36
--------------------------------------------------------------------------------
[2025-09-15 09:41:33] [CUSTOM] [::1] Database connection established successfully
Context: {
    "host": "localhost",
    "database": "voting_system"
}
Request URI: /voting-system/admin/admin.php?page=voteHistory
User Agent: Mozilla/5.0 (Windows NT 10.0; Win64; x64) AppleWebKit/537.36 (KHTML, like Gecko) Chrome/140.0.0.0 Safari/537.36
--------------------------------------------------------------------------------
[2025-09-15 09:41:33] [CUSTOM] [::1] Database connection established successfully
Context: {
    "host": "localhost",
    "database": "voting_system"
}
Request URI: /voting-system/admin/admin.php?page=voteHistory
User Agent: Mozilla/5.0 (Windows NT 10.0; Win64; x64) AppleWebKit/537.36 (KHTML, like Gecko) Chrome/140.0.0.0 Safari/537.36
--------------------------------------------------------------------------------
[2025-09-15 09:41:33] [EXCEPTION] [::1] voteHistory.php:80 - mysqli_num_rows(): Argument #1 ($result) must be of type mysqli_result, bool given
Stack Trace:
#0 D:\OFFICE\TpotsProject\www\voting-system\admin\content\voteHistory.php(80): mysqli_num_rows(false)
#1 D:\OFFICE\TpotsProject\www\voting-system\admin\admin.php(310): include('D:\\OFFICE\\Tpots...')
#2 {main}
Request URI: /voting-system/admin/admin.php?page=voteHistory
User Agent: Mozilla/5.0 (Windows NT 10.0; Win64; x64) AppleWebKit/537.36 (KHTML, like Gecko) Chrome/140.0.0.0 Safari/537.36
--------------------------------------------------------------------------------
[2025-09-15 09:41:34] [CUSTOM] [::1] Database connection established successfully
Context: {
    "host": "localhost",
    "database": "voting_system"
}
Request URI: /voting-system/admin/admin.php?page=analytics
User Agent: Mozilla/5.0 (Windows NT 10.0; Win64; x64) AppleWebKit/537.36 (KHTML, like Gecko) Chrome/140.0.0.0 Safari/537.36
--------------------------------------------------------------------------------
[2025-09-15 09:41:34] [CUSTOM] [::1] Database connection established successfully
Context: {
    "host": "localhost",
    "database": "voting_system"
}
Request URI: /voting-system/admin/admin.php?page=analytics
User Agent: Mozilla/5.0 (Windows NT 10.0; Win64; x64) AppleWebKit/537.36 (KHTML, like Gecko) Chrome/140.0.0.0 Safari/537.36
--------------------------------------------------------------------------------
[2025-09-15 09:41:34] [CUSTOM] [::1] Database connection established successfully
Context: {
    "host": "localhost",
    "database": "voting_system"
}
Request URI: /voting-system/admin/admin.php?page=analytics
User Agent: Mozilla/5.0 (Windows NT 10.0; Win64; x64) AppleWebKit/537.36 (KHTML, like Gecko) Chrome/140.0.0.0 Safari/537.36
--------------------------------------------------------------------------------
[2025-09-15 09:41:34] [EXCEPTION] [::1] analytics.php:150 - mysqli_fetch_assoc(): Argument #1 ($result) must be of type mysqli_result, bool given
Stack Trace:
#0 D:\OFFICE\TpotsProject\www\voting-system\admin\content\analytics.php(150): mysqli_fetch_assoc(false)
#1 D:\OFFICE\TpotsProject\www\voting-system\admin\admin.php(310): include('D:\\OFFICE\\Tpots...')
#2 {main}
Request URI: /voting-system/admin/admin.php?page=analytics
User Agent: Mozilla/5.0 (Windows NT 10.0; Win64; x64) AppleWebKit/537.36 (KHTML, like Gecko) Chrome/140.0.0.0 Safari/537.36
--------------------------------------------------------------------------------
[2025-09-15 09:41:44] [CUSTOM] [::1] Database connection established successfully
Context: {
    "host": "localhost",
    "database": "voting_system"
}
Request URI: /voting-system/admin/admin.php?page=userManagement
User Agent: Mozilla/5.0 (Windows NT 10.0; Win64; x64) AppleWebKit/537.36 (KHTML, like Gecko) Chrome/140.0.0.0 Safari/537.36
--------------------------------------------------------------------------------
[2025-09-15 09:41:44] [CUSTOM] [::1] Database connection established successfully
Context: {
    "host": "localhost",
    "database": "voting_system"
}
Request URI: /voting-system/admin/admin.php?page=userManagement
User Agent: Mozilla/5.0 (Windows NT 10.0; Win64; x64) AppleWebKit/537.36 (KHTML, like Gecko) Chrome/140.0.0.0 Safari/537.36
--------------------------------------------------------------------------------
[2025-09-15 09:41:44] [CUSTOM] [::1] Database connection established successfully
Context: {
    "host": "localhost",
    "database": "voting_system"
}
Request URI: /voting-system/admin/admin.php?page=userManagement
User Agent: Mozilla/5.0 (Windows NT 10.0; Win64; x64) AppleWebKit/537.36 (KHTML, like Gecko) Chrome/140.0.0.0 Safari/537.36
--------------------------------------------------------------------------------
[2025-09-15 09:41:46] [CUSTOM] [::1] Database connection established successfully
Context: {
    "host": "localhost",
    "database": "voting_system"
}
Request URI: /voting-system/admin/admin.php?page=errorLogs
User Agent: Mozilla/5.0 (Windows NT 10.0; Win64; x64) AppleWebKit/537.36 (KHTML, like Gecko) Chrome/140.0.0.0 Safari/537.36
--------------------------------------------------------------------------------
[2025-09-15 09:41:46] [CUSTOM] [::1] Database connection established successfully
Context: {
    "host": "localhost",
    "database": "voting_system"
}
Request URI: /voting-system/admin/admin.php?page=errorLogs
User Agent: Mozilla/5.0 (Windows NT 10.0; Win64; x64) AppleWebKit/537.36 (KHTML, like Gecko) Chrome/140.0.0.0 Safari/537.36
--------------------------------------------------------------------------------
[2025-09-15 09:41:46] [CUSTOM] [::1] Database connection established successfully
Context: {
    "host": "localhost",
    "database": "voting_system"
}
Request URI: /voting-system/admin/admin.php?page=errorLogs
User Agent: Mozilla/5.0 (Windows NT 10.0; Win64; x64) AppleWebKit/537.36 (KHTML, like Gecko) Chrome/140.0.0.0 Safari/537.36
--------------------------------------------------------------------------------
[2025-09-15 09:41:46] [CUSTOM] [::1] Database connection established successfully
Context: {
    "host": "localhost",
    "database": "voting_system"
}
Request URI: /voting-system/admin/admin.php?page=userManagement
User Agent: Mozilla/5.0 (Windows NT 10.0; Win64; x64) AppleWebKit/537.36 (KHTML, like Gecko) Chrome/140.0.0.0 Safari/537.36
--------------------------------------------------------------------------------
[2025-09-15 09:41:46] [CUSTOM] [::1] Database connection established successfully
Context: {
    "host": "localhost",
    "database": "voting_system"
}
Request URI: /voting-system/admin/admin.php?page=userManagement
User Agent: Mozilla/5.0 (Windows NT 10.0; Win64; x64) AppleWebKit/537.36 (KHTML, like Gecko) Chrome/140.0.0.0 Safari/537.36
--------------------------------------------------------------------------------
[2025-09-15 09:41:46] [CUSTOM] [::1] Database connection established successfully
Context: {
    "host": "localhost",
    "database": "voting_system"
}
Request URI: /voting-system/admin/admin.php?page=userManagement
User Agent: Mozilla/5.0 (Windows NT 10.0; Win64; x64) AppleWebKit/537.36 (KHTML, like Gecko) Chrome/140.0.0.0 Safari/537.36
--------------------------------------------------------------------------------
[2025-09-15 09:41:47] [CUSTOM] [::1] Database connection established successfully
Context: {
    "host": "localhost",
    "database": "voting_system"
}
Request URI: /voting-system/admin/admin.php?page=voteHistory
User Agent: Mozilla/5.0 (Windows NT 10.0; Win64; x64) AppleWebKit/537.36 (KHTML, like Gecko) Chrome/140.0.0.0 Safari/537.36
--------------------------------------------------------------------------------
[2025-09-15 09:41:47] [CUSTOM] [::1] Database connection established successfully
Context: {
    "host": "localhost",
    "database": "voting_system"
}
Request URI: /voting-system/admin/admin.php?page=voteHistory
User Agent: Mozilla/5.0 (Windows NT 10.0; Win64; x64) AppleWebKit/537.36 (KHTML, like Gecko) Chrome/140.0.0.0 Safari/537.36
--------------------------------------------------------------------------------
[2025-09-15 09:41:47] [CUSTOM] [::1] Database connection established successfully
Context: {
    "host": "localhost",
    "database": "voting_system"
}
Request URI: /voting-system/admin/admin.php?page=voteHistory
User Agent: Mozilla/5.0 (Windows NT 10.0; Win64; x64) AppleWebKit/537.36 (KHTML, like Gecko) Chrome/140.0.0.0 Safari/537.36
--------------------------------------------------------------------------------
[2025-09-15 09:41:47] [EXCEPTION] [::1] voteHistory.php:80 - mysqli_num_rows(): Argument #1 ($result) must be of type mysqli_result, bool given
Stack Trace:
#0 D:\OFFICE\TpotsProject\www\voting-system\admin\content\voteHistory.php(80): mysqli_num_rows(false)
#1 D:\OFFICE\TpotsProject\www\voting-system\admin\admin.php(310): include('D:\\OFFICE\\Tpots...')
#2 {main}
Request URI: /voting-system/admin/admin.php?page=voteHistory
User Agent: Mozilla/5.0 (Windows NT 10.0; Win64; x64) AppleWebKit/537.36 (KHTML, like Gecko) Chrome/140.0.0.0 Safari/537.36
--------------------------------------------------------------------------------
[2025-09-15 09:41:47] [CUSTOM] [::1] Database connection established successfully
Context: {
    "host": "localhost",
    "database": "voting_system"
}
Request URI: /voting-system/admin/admin.php?page=candidates
User Agent: Mozilla/5.0 (Windows NT 10.0; Win64; x64) AppleWebKit/537.36 (KHTML, like Gecko) Chrome/140.0.0.0 Safari/537.36
--------------------------------------------------------------------------------
[2025-09-15 09:41:47] [CUSTOM] [::1] Database connection established successfully
Context: {
    "host": "localhost",
    "database": "voting_system"
}
Request URI: /voting-system/admin/admin.php?page=candidates
User Agent: Mozilla/5.0 (Windows NT 10.0; Win64; x64) AppleWebKit/537.36 (KHTML, like Gecko) Chrome/140.0.0.0 Safari/537.36
--------------------------------------------------------------------------------
[2025-09-15 09:41:47] [CUSTOM] [::1] Database connection established successfully
Context: {
    "host": "localhost",
    "database": "voting_system"
}
Request URI: /voting-system/admin/admin.php?page=candidates
User Agent: Mozilla/5.0 (Windows NT 10.0; Win64; x64) AppleWebKit/537.36 (KHTML, like Gecko) Chrome/140.0.0.0 Safari/537.36
--------------------------------------------------------------------------------
[2025-09-15 09:41:48] [CUSTOM] [::1] Database connection established successfully
Context: {
    "host": "localhost",
    "database": "voting_system"
}
Request URI: /voting-system/admin/admin.php?page=electionStatus
User Agent: Mozilla/5.0 (Windows NT 10.0; Win64; x64) AppleWebKit/537.36 (KHTML, like Gecko) Chrome/140.0.0.0 Safari/537.36
--------------------------------------------------------------------------------
[2025-09-15 09:41:48] [CUSTOM] [::1] Database connection established successfully
Context: {
    "host": "localhost",
    "database": "voting_system"
}
Request URI: /voting-system/admin/admin.php?page=electionStatus
User Agent: Mozilla/5.0 (Windows NT 10.0; Win64; x64) AppleWebKit/537.36 (KHTML, like Gecko) Chrome/140.0.0.0 Safari/537.36
--------------------------------------------------------------------------------
[2025-09-15 09:41:48] [CUSTOM] [::1] Database connection established successfully
Context: {
    "host": "localhost",
    "database": "voting_system"
}
Request URI: /voting-system/admin/admin.php?page=electionStatus
User Agent: Mozilla/5.0 (Windows NT 10.0; Win64; x64) AppleWebKit/537.36 (KHTML, like Gecko) Chrome/140.0.0.0 Safari/537.36
--------------------------------------------------------------------------------
[2025-09-15 09:41:48] [CUSTOM] [::1] Database connection established successfully
Context: {
    "host": "localhost",
    "database": "voting_system"
}
Request URI: /voting-system/admin/admin.php?page=electionStatus
User Agent: Mozilla/5.0 (Windows NT 10.0; Win64; x64) AppleWebKit/537.36 (KHTML, like Gecko) Chrome/140.0.0.0 Safari/537.36
--------------------------------------------------------------------------------
[2025-09-15 09:41:48] [CUSTOM] [::1] Database connection established successfully
Context: {
    "host": "localhost",
    "database": "voting_system"
}
Request URI: /voting-system/admin/admin.php?page=electionStatus
User Agent: Mozilla/5.0 (Windows NT 10.0; Win64; x64) AppleWebKit/537.36 (KHTML, like Gecko) Chrome/140.0.0.0 Safari/537.36
--------------------------------------------------------------------------------
[2025-09-15 09:41:49] [CUSTOM] [::1] Database connection established successfully
Context: {
    "host": "localhost",
    "database": "voting_system"
}
Request URI: /voting-system/admin/admin.php?page=electionStatus
User Agent: Mozilla/5.0 (Windows NT 10.0; Win64; x64) AppleWebKit/537.36 (KHTML, like Gecko) Chrome/140.0.0.0 Safari/537.36
--------------------------------------------------------------------------------
[2025-09-15 09:41:49] [CUSTOM] [::1] Database connection established successfully
Context: {
    "host": "localhost",
    "database": "voting_system"
}
Request URI: /voting-system/admin/admin.php?page=electionStatus
User Agent: Mozilla/5.0 (Windows NT 10.0; Win64; x64) AppleWebKit/537.36 (KHTML, like Gecko) Chrome/140.0.0.0 Safari/537.36
--------------------------------------------------------------------------------
[2025-09-15 09:41:49] [CUSTOM] [::1] Database connection established successfully
Context: {
    "host": "localhost",
    "database": "voting_system"
}
Request URI: /voting-system/admin/admin.php?page=electionStatus
User Agent: Mozilla/5.0 (Windows NT 10.0; Win64; x64) AppleWebKit/537.36 (KHTML, like Gecko) Chrome/140.0.0.0 Safari/537.36
--------------------------------------------------------------------------------
[2025-09-15 09:41:49] [CUSTOM] [::1] Database connection established successfully
Context: {
    "host": "localhost",
    "database": "voting_system"
}
Request URI: /voting-system/admin/admin.php?page=candidates
User Agent: Mozilla/5.0 (Windows NT 10.0; Win64; x64) AppleWebKit/537.36 (KHTML, like Gecko) Chrome/140.0.0.0 Safari/537.36
--------------------------------------------------------------------------------
[2025-09-15 09:41:49] [CUSTOM] [::1] Database connection established successfully
Context: {
    "host": "localhost",
    "database": "voting_system"
}
Request URI: /voting-system/admin/admin.php?page=candidates
User Agent: Mozilla/5.0 (Windows NT 10.0; Win64; x64) AppleWebKit/537.36 (KHTML, like Gecko) Chrome/140.0.0.0 Safari/537.36
--------------------------------------------------------------------------------
[2025-09-15 09:41:49] [CUSTOM] [::1] Database connection established successfully
Context: {
    "host": "localhost",
    "database": "voting_system"
}
Request URI: /voting-system/admin/admin.php?page=candidates
User Agent: Mozilla/5.0 (Windows NT 10.0; Win64; x64) AppleWebKit/537.36 (KHTML, like Gecko) Chrome/140.0.0.0 Safari/537.36
--------------------------------------------------------------------------------
[2025-09-15 09:41:50] [CUSTOM] [::1] Database connection established successfully
Context: {
    "host": "localhost",
    "database": "voting_system"
}
Request URI: /voting-system/admin/admin.php?page=electionStatus
User Agent: Mozilla/5.0 (Windows NT 10.0; Win64; x64) AppleWebKit/537.36 (KHTML, like Gecko) Chrome/140.0.0.0 Safari/537.36
--------------------------------------------------------------------------------
[2025-09-15 09:41:50] [CUSTOM] [::1] Database connection established successfully
Context: {
    "host": "localhost",
    "database": "voting_system"
}
Request URI: /voting-system/admin/admin.php?page=electionStatus
User Agent: Mozilla/5.0 (Windows NT 10.0; Win64; x64) AppleWebKit/537.36 (KHTML, like Gecko) Chrome/140.0.0.0 Safari/537.36
--------------------------------------------------------------------------------
[2025-09-15 09:41:50] [CUSTOM] [::1] Database connection established successfully
Context: {
    "host": "localhost",
    "database": "voting_system"
}
Request URI: /voting-system/admin/admin.php?page=electionStatus
User Agent: Mozilla/5.0 (Windows NT 10.0; Win64; x64) AppleWebKit/537.36 (KHTML, like Gecko) Chrome/140.0.0.0 Safari/537.36
--------------------------------------------------------------------------------
[2025-09-15 09:41:50] [CUSTOM] [::1] Database connection established successfully
Context: {
    "host": "localhost",
    "database": "voting_system"
}
Request URI: /voting-system/admin/admin.php?page=electionStatus
User Agent: Mozilla/5.0 (Windows NT 10.0; Win64; x64) AppleWebKit/537.36 (KHTML, like Gecko) Chrome/140.0.0.0 Safari/537.36
--------------------------------------------------------------------------------
[2025-09-15 09:41:51] [CUSTOM] [::1] Database connection established successfully
Context: {
    "host": "localhost",
    "database": "voting_system"
}
Request URI: /voting-system/admin/admin.php?page=voteHistory
User Agent: Mozilla/5.0 (Windows NT 10.0; Win64; x64) AppleWebKit/537.36 (KHTML, like Gecko) Chrome/140.0.0.0 Safari/537.36
--------------------------------------------------------------------------------
[2025-09-15 09:41:51] [CUSTOM] [::1] Database connection established successfully
Context: {
    "host": "localhost",
    "database": "voting_system"
}
Request URI: /voting-system/admin/admin.php?page=voteHistory
User Agent: Mozilla/5.0 (Windows NT 10.0; Win64; x64) AppleWebKit/537.36 (KHTML, like Gecko) Chrome/140.0.0.0 Safari/537.36
--------------------------------------------------------------------------------
[2025-09-15 09:41:51] [CUSTOM] [::1] Database connection established successfully
Context: {
    "host": "localhost",
    "database": "voting_system"
}
Request URI: /voting-system/admin/admin.php?page=voteHistory
User Agent: Mozilla/5.0 (Windows NT 10.0; Win64; x64) AppleWebKit/537.36 (KHTML, like Gecko) Chrome/140.0.0.0 Safari/537.36
--------------------------------------------------------------------------------
[2025-09-15 09:41:51] [EXCEPTION] [::1] voteHistory.php:80 - mysqli_num_rows(): Argument #1 ($result) must be of type mysqli_result, bool given
Stack Trace:
#0 D:\OFFICE\TpotsProject\www\voting-system\admin\content\voteHistory.php(80): mysqli_num_rows(false)
#1 D:\OFFICE\TpotsProject\www\voting-system\admin\admin.php(310): include('D:\\OFFICE\\Tpots...')
#2 {main}
Request URI: /voting-system/admin/admin.php?page=voteHistory
User Agent: Mozilla/5.0 (Windows NT 10.0; Win64; x64) AppleWebKit/537.36 (KHTML, like Gecko) Chrome/140.0.0.0 Safari/537.36
--------------------------------------------------------------------------------
[2025-09-15 09:41:52] [CUSTOM] [::1] Database connection established successfully
Context: {
    "host": "localhost",
    "database": "voting_system"
}
Request URI: /voting-system/admin/admin.php?page=analytics
User Agent: Mozilla/5.0 (Windows NT 10.0; Win64; x64) AppleWebKit/537.36 (KHTML, like Gecko) Chrome/140.0.0.0 Safari/537.36
--------------------------------------------------------------------------------
[2025-09-15 09:41:52] [CUSTOM] [::1] Database connection established successfully
Context: {
    "host": "localhost",
    "database": "voting_system"
}
Request URI: /voting-system/admin/admin.php?page=analytics
User Agent: Mozilla/5.0 (Windows NT 10.0; Win64; x64) AppleWebKit/537.36 (KHTML, like Gecko) Chrome/140.0.0.0 Safari/537.36
--------------------------------------------------------------------------------
[2025-09-15 09:41:52] [CUSTOM] [::1] Database connection established successfully
Context: {
    "host": "localhost",
    "database": "voting_system"
}
Request URI: /voting-system/admin/admin.php?page=analytics
User Agent: Mozilla/5.0 (Windows NT 10.0; Win64; x64) AppleWebKit/537.36 (KHTML, like Gecko) Chrome/140.0.0.0 Safari/537.36
--------------------------------------------------------------------------------
[2025-09-15 09:41:52] [EXCEPTION] [::1] analytics.php:150 - mysqli_fetch_assoc(): Argument #1 ($result) must be of type mysqli_result, bool given
Stack Trace:
#0 D:\OFFICE\TpotsProject\www\voting-system\admin\content\analytics.php(150): mysqli_fetch_assoc(false)
#1 D:\OFFICE\TpotsProject\www\voting-system\admin\admin.php(310): include('D:\\OFFICE\\Tpots...')
#2 {main}
Request URI: /voting-system/admin/admin.php?page=analytics
User Agent: Mozilla/5.0 (Windows NT 10.0; Win64; x64) AppleWebKit/537.36 (KHTML, like Gecko) Chrome/140.0.0.0 Safari/537.36
--------------------------------------------------------------------------------
[2025-09-15 09:41:52] [CUSTOM] [::1] Database connection established successfully
Context: {
    "host": "localhost",
    "database": "voting_system"
}
Request URI: /voting-system/admin/admin.php?page=userManagement
User Agent: Mozilla/5.0 (Windows NT 10.0; Win64; x64) AppleWebKit/537.36 (KHTML, like Gecko) Chrome/140.0.0.0 Safari/537.36
--------------------------------------------------------------------------------
[2025-09-15 09:41:52] [CUSTOM] [::1] Database connection established successfully
Context: {
    "host": "localhost",
    "database": "voting_system"
}
Request URI: /voting-system/admin/admin.php?page=userManagement
User Agent: Mozilla/5.0 (Windows NT 10.0; Win64; x64) AppleWebKit/537.36 (KHTML, like Gecko) Chrome/140.0.0.0 Safari/537.36
--------------------------------------------------------------------------------
[2025-09-15 09:41:52] [CUSTOM] [::1] Database connection established successfully
Context: {
    "host": "localhost",
    "database": "voting_system"
}
Request URI: /voting-system/admin/admin.php?page=userManagement
User Agent: Mozilla/5.0 (Windows NT 10.0; Win64; x64) AppleWebKit/537.36 (KHTML, like Gecko) Chrome/140.0.0.0 Safari/537.36
--------------------------------------------------------------------------------
[2025-09-15 09:41:53] [CUSTOM] [::1] Database connection established successfully
Context: {
    "host": "localhost",
    "database": "voting_system"
}
Request URI: /voting-system/admin/admin.php?page=errorLogs
User Agent: Mozilla/5.0 (Windows NT 10.0; Win64; x64) AppleWebKit/537.36 (KHTML, like Gecko) Chrome/140.0.0.0 Safari/537.36
--------------------------------------------------------------------------------
[2025-09-15 09:41:53] [CUSTOM] [::1] Database connection established successfully
Context: {
    "host": "localhost",
    "database": "voting_system"
}
Request URI: /voting-system/admin/admin.php?page=errorLogs
User Agent: Mozilla/5.0 (Windows NT 10.0; Win64; x64) AppleWebKit/537.36 (KHTML, like Gecko) Chrome/140.0.0.0 Safari/537.36
--------------------------------------------------------------------------------
[2025-09-15 09:41:53] [CUSTOM] [::1] Database connection established successfully
Context: {
    "host": "localhost",
    "database": "voting_system"
}
Request URI: /voting-system/admin/admin.php?page=errorLogs
User Agent: Mozilla/5.0 (Windows NT 10.0; Win64; x64) AppleWebKit/537.36 (KHTML, like Gecko) Chrome/140.0.0.0 Safari/537.36
--------------------------------------------------------------------------------
[2025-09-15 09:41:54] [CUSTOM] [::1] Database connection established successfully
Context: {
    "host": "localhost",
    "database": "voting_system"
}
Request URI: /voting-system/admin/admin.php?page=dashboard
User Agent: Mozilla/5.0 (Windows NT 10.0; Win64; x64) AppleWebKit/537.36 (KHTML, like Gecko) Chrome/140.0.0.0 Safari/537.36
--------------------------------------------------------------------------------
[2025-09-15 09:41:54] [CUSTOM] [::1] Database connection established successfully
Context: {
    "host": "localhost",
    "database": "voting_system"
}
Request URI: /voting-system/admin/admin.php?page=dashboard
User Agent: Mozilla/5.0 (Windows NT 10.0; Win64; x64) AppleWebKit/537.36 (KHTML, like Gecko) Chrome/140.0.0.0 Safari/537.36
--------------------------------------------------------------------------------
[2025-09-15 09:41:54] [CUSTOM] [::1] Database connection established successfully
Context: {
    "host": "localhost",
    "database": "voting_system"
}
Request URI: /voting-system/admin/admin.php?page=dashboard
User Agent: Mozilla/5.0 (Windows NT 10.0; Win64; x64) AppleWebKit/537.36 (KHTML, like Gecko) Chrome/140.0.0.0 Safari/537.36
--------------------------------------------------------------------------------
[2025-09-15 09:41:55] [CUSTOM] [::1] Database connection established successfully
Context: {
    "host": "localhost",
    "database": "voting_system"
}
Request URI: /voting-system/admin/admin.php?page=electionStatus
User Agent: Mozilla/5.0 (Windows NT 10.0; Win64; x64) AppleWebKit/537.36 (KHTML, like Gecko) Chrome/140.0.0.0 Safari/537.36
--------------------------------------------------------------------------------
[2025-09-15 09:41:55] [CUSTOM] [::1] Database connection established successfully
Context: {
    "host": "localhost",
    "database": "voting_system"
}
Request URI: /voting-system/admin/admin.php?page=electionStatus
User Agent: Mozilla/5.0 (Windows NT 10.0; Win64; x64) AppleWebKit/537.36 (KHTML, like Gecko) Chrome/140.0.0.0 Safari/537.36
--------------------------------------------------------------------------------
[2025-09-15 09:41:55] [CUSTOM] [::1] Database connection established successfully
Context: {
    "host": "localhost",
    "database": "voting_system"
}
Request URI: /voting-system/admin/admin.php?page=electionStatus
User Agent: Mozilla/5.0 (Windows NT 10.0; Win64; x64) AppleWebKit/537.36 (KHTML, like Gecko) Chrome/140.0.0.0 Safari/537.36
--------------------------------------------------------------------------------
[2025-09-15 09:41:55] [CUSTOM] [::1] Database connection established successfully
Context: {
    "host": "localhost",
    "database": "voting_system"
}
Request URI: /voting-system/admin/admin.php?page=electionStatus
User Agent: Mozilla/5.0 (Windows NT 10.0; Win64; x64) AppleWebKit/537.36 (KHTML, like Gecko) Chrome/140.0.0.0 Safari/537.36
--------------------------------------------------------------------------------
[2025-09-15 09:41:57] [CUSTOM] [::1] Database connection established successfully
Context: {
    "host": "localhost",
    "database": "voting_system"
}
Request URI: /voting-system/admin/admin.php?page=candidates
User Agent: Mozilla/5.0 (Windows NT 10.0; Win64; x64) AppleWebKit/537.36 (KHTML, like Gecko) Chrome/140.0.0.0 Safari/537.36
--------------------------------------------------------------------------------
[2025-09-15 09:41:57] [CUSTOM] [::1] Database connection established successfully
Context: {
    "host": "localhost",
    "database": "voting_system"
}
Request URI: /voting-system/admin/admin.php?page=candidates
User Agent: Mozilla/5.0 (Windows NT 10.0; Win64; x64) AppleWebKit/537.36 (KHTML, like Gecko) Chrome/140.0.0.0 Safari/537.36
--------------------------------------------------------------------------------
[2025-09-15 09:41:57] [CUSTOM] [::1] Database connection established successfully
Context: {
    "host": "localhost",
    "database": "voting_system"
}
Request URI: /voting-system/admin/admin.php?page=candidates
User Agent: Mozilla/5.0 (Windows NT 10.0; Win64; x64) AppleWebKit/537.36 (KHTML, like Gecko) Chrome/140.0.0.0 Safari/537.36
--------------------------------------------------------------------------------
[2025-09-15 09:41:57] [CUSTOM] [::1] Database connection established successfully
Context: {
    "host": "localhost",
    "database": "voting_system"
}
Request URI: /voting-system/admin/admin.php?page=applications
User Agent: Mozilla/5.0 (Windows NT 10.0; Win64; x64) AppleWebKit/537.36 (KHTML, like Gecko) Chrome/140.0.0.0 Safari/537.36
--------------------------------------------------------------------------------
[2025-09-15 09:41:57] [CUSTOM] [::1] Database connection established successfully
Context: {
    "host": "localhost",
    "database": "voting_system"
}
Request URI: /voting-system/admin/admin.php?page=applications
User Agent: Mozilla/5.0 (Windows NT 10.0; Win64; x64) AppleWebKit/537.36 (KHTML, like Gecko) Chrome/140.0.0.0 Safari/537.36
--------------------------------------------------------------------------------
[2025-09-15 09:41:57] [CUSTOM] [::1] Database connection established successfully
Context: {
    "host": "localhost",
    "database": "voting_system"
}
Request URI: /voting-system/admin/admin.php?page=applications
User Agent: Mozilla/5.0 (Windows NT 10.0; Win64; x64) AppleWebKit/537.36 (KHTML, like Gecko) Chrome/140.0.0.0 Safari/537.36
--------------------------------------------------------------------------------
[2025-09-15 09:41:58] [CUSTOM] [::1] Database connection established successfully
Context: {
    "host": "localhost",
    "database": "voting_system"
}
Request URI: /voting-system/admin/admin.php?page=candidates
User Agent: Mozilla/5.0 (Windows NT 10.0; Win64; x64) AppleWebKit/537.36 (KHTML, like Gecko) Chrome/140.0.0.0 Safari/537.36
--------------------------------------------------------------------------------
[2025-09-15 09:41:58] [CUSTOM] [::1] Database connection established successfully
Context: {
    "host": "localhost",
    "database": "voting_system"
}
Request URI: /voting-system/admin/admin.php?page=candidates
User Agent: Mozilla/5.0 (Windows NT 10.0; Win64; x64) AppleWebKit/537.36 (KHTML, like Gecko) Chrome/140.0.0.0 Safari/537.36
--------------------------------------------------------------------------------
[2025-09-15 09:41:58] [CUSTOM] [::1] Database connection established successfully
Context: {
    "host": "localhost",
    "database": "voting_system"
}
Request URI: /voting-system/admin/admin.php?page=candidates
User Agent: Mozilla/5.0 (Windows NT 10.0; Win64; x64) AppleWebKit/537.36 (KHTML, like Gecko) Chrome/140.0.0.0 Safari/537.36
--------------------------------------------------------------------------------
[2025-09-15 09:43:04] [CUSTOM] [::1] Database connection established successfully
Context: {
    "host": "localhost",
    "database": "voting_system"
}
Request URI: /voting-system/admin/admin.php?page=applications
User Agent: Mozilla/5.0 (Windows NT 10.0; Win64; x64) AppleWebKit/537.36 (KHTML, like Gecko) Chrome/140.0.0.0 Safari/537.36
--------------------------------------------------------------------------------
[2025-09-15 09:43:04] [CUSTOM] [::1] Database connection established successfully
Context: {
    "host": "localhost",
    "database": "voting_system"
}
Request URI: /voting-system/admin/admin.php?page=applications
User Agent: Mozilla/5.0 (Windows NT 10.0; Win64; x64) AppleWebKit/537.36 (KHTML, like Gecko) Chrome/140.0.0.0 Safari/537.36
--------------------------------------------------------------------------------
[2025-09-15 09:43:04] [CUSTOM] [::1] Database connection established successfully
Context: {
    "host": "localhost",
    "database": "voting_system"
}
Request URI: /voting-system/admin/admin.php?page=applications
User Agent: Mozilla/5.0 (Windows NT 10.0; Win64; x64) AppleWebKit/537.36 (KHTML, like Gecko) Chrome/140.0.0.0 Safari/537.36
--------------------------------------------------------------------------------
[2025-09-15 09:43:05] [CUSTOM] [::1] Database connection established successfully
Context: {
    "host": "localhost",
    "database": "voting_system"
}
Request URI: /voting-system/admin/admin.php?page=voteHistory
User Agent: Mozilla/5.0 (Windows NT 10.0; Win64; x64) AppleWebKit/537.36 (KHTML, like Gecko) Chrome/140.0.0.0 Safari/537.36
--------------------------------------------------------------------------------
[2025-09-15 09:43:05] [CUSTOM] [::1] Database connection established successfully
Context: {
    "host": "localhost",
    "database": "voting_system"
}
Request URI: /voting-system/admin/admin.php?page=voteHistory
User Agent: Mozilla/5.0 (Windows NT 10.0; Win64; x64) AppleWebKit/537.36 (KHTML, like Gecko) Chrome/140.0.0.0 Safari/537.36
--------------------------------------------------------------------------------
[2025-09-15 09:43:05] [CUSTOM] [::1] Database connection established successfully
Context: {
    "host": "localhost",
    "database": "voting_system"
}
Request URI: /voting-system/admin/admin.php?page=voteHistory
User Agent: Mozilla/5.0 (Windows NT 10.0; Win64; x64) AppleWebKit/537.36 (KHTML, like Gecko) Chrome/140.0.0.0 Safari/537.36
--------------------------------------------------------------------------------
[2025-09-15 09:43:05] [EXCEPTION] [::1] voteHistory.php:80 - mysqli_num_rows(): Argument #1 ($result) must be of type mysqli_result, bool given
Stack Trace:
#0 D:\OFFICE\TpotsProject\www\voting-system\admin\content\voteHistory.php(80): mysqli_num_rows(false)
#1 D:\OFFICE\TpotsProject\www\voting-system\admin\admin.php(310): include('D:\\OFFICE\\Tpots...')
#2 {main}
Request URI: /voting-system/admin/admin.php?page=voteHistory
User Agent: Mozilla/5.0 (Windows NT 10.0; Win64; x64) AppleWebKit/537.36 (KHTML, like Gecko) Chrome/140.0.0.0 Safari/537.36
--------------------------------------------------------------------------------
[2025-09-15 09:43:06] [CUSTOM] [::1] Database connection established successfully
Context: {
    "host": "localhost",
    "database": "voting_system"
}
Request URI: /voting-system/admin/admin.php?page=analytics
User Agent: Mozilla/5.0 (Windows NT 10.0; Win64; x64) AppleWebKit/537.36 (KHTML, like Gecko) Chrome/140.0.0.0 Safari/537.36
--------------------------------------------------------------------------------
[2025-09-15 09:43:06] [CUSTOM] [::1] Database connection established successfully
Context: {
    "host": "localhost",
    "database": "voting_system"
}
Request URI: /voting-system/admin/admin.php?page=analytics
User Agent: Mozilla/5.0 (Windows NT 10.0; Win64; x64) AppleWebKit/537.36 (KHTML, like Gecko) Chrome/140.0.0.0 Safari/537.36
--------------------------------------------------------------------------------
[2025-09-15 09:43:06] [CUSTOM] [::1] Database connection established successfully
Context: {
    "host": "localhost",
    "database": "voting_system"
}
Request URI: /voting-system/admin/admin.php?page=analytics
User Agent: Mozilla/5.0 (Windows NT 10.0; Win64; x64) AppleWebKit/537.36 (KHTML, like Gecko) Chrome/140.0.0.0 Safari/537.36
--------------------------------------------------------------------------------
[2025-09-15 09:43:06] [EXCEPTION] [::1] analytics.php:150 - mysqli_fetch_assoc(): Argument #1 ($result) must be of type mysqli_result, bool given
Stack Trace:
#0 D:\OFFICE\TpotsProject\www\voting-system\admin\content\analytics.php(150): mysqli_fetch_assoc(false)
#1 D:\OFFICE\TpotsProject\www\voting-system\admin\admin.php(310): include('D:\\OFFICE\\Tpots...')
#2 {main}
Request URI: /voting-system/admin/admin.php?page=analytics
User Agent: Mozilla/5.0 (Windows NT 10.0; Win64; x64) AppleWebKit/537.36 (KHTML, like Gecko) Chrome/140.0.0.0 Safari/537.36
--------------------------------------------------------------------------------
[2025-09-15 09:43:06] [CUSTOM] [::1] Database connection established successfully
Context: {
    "host": "localhost",
    "database": "voting_system"
}
Request URI: /voting-system/admin/admin.php?page=userManagement
User Agent: Mozilla/5.0 (Windows NT 10.0; Win64; x64) AppleWebKit/537.36 (KHTML, like Gecko) Chrome/140.0.0.0 Safari/537.36
--------------------------------------------------------------------------------
[2025-09-15 09:43:06] [CUSTOM] [::1] Database connection established successfully
Context: {
    "host": "localhost",
    "database": "voting_system"
}
Request URI: /voting-system/admin/admin.php?page=userManagement
User Agent: Mozilla/5.0 (Windows NT 10.0; Win64; x64) AppleWebKit/537.36 (KHTML, like Gecko) Chrome/140.0.0.0 Safari/537.36
--------------------------------------------------------------------------------
[2025-09-15 09:43:06] [CUSTOM] [::1] Database connection established successfully
Context: {
    "host": "localhost",
    "database": "voting_system"
}
Request URI: /voting-system/admin/admin.php?page=userManagement
User Agent: Mozilla/5.0 (Windows NT 10.0; Win64; x64) AppleWebKit/537.36 (KHTML, like Gecko) Chrome/140.0.0.0 Safari/537.36
--------------------------------------------------------------------------------
[2025-09-15 09:43:07] [CUSTOM] [::1] Database connection established successfully
Context: {
    "host": "localhost",
    "database": "voting_system"
}
Request URI: /voting-system/admin/admin.php?page=errorLogs
User Agent: Mozilla/5.0 (Windows NT 10.0; Win64; x64) AppleWebKit/537.36 (KHTML, like Gecko) Chrome/140.0.0.0 Safari/537.36
--------------------------------------------------------------------------------
[2025-09-15 09:43:07] [CUSTOM] [::1] Database connection established successfully
Context: {
    "host": "localhost",
    "database": "voting_system"
}
Request URI: /voting-system/admin/admin.php?page=errorLogs
User Agent: Mozilla/5.0 (Windows NT 10.0; Win64; x64) AppleWebKit/537.36 (KHTML, like Gecko) Chrome/140.0.0.0 Safari/537.36
--------------------------------------------------------------------------------
[2025-09-15 09:43:07] [CUSTOM] [::1] Database connection established successfully
Context: {
    "host": "localhost",
    "database": "voting_system"
}
Request URI: /voting-system/admin/admin.php?page=errorLogs
User Agent: Mozilla/5.0 (Windows NT 10.0; Win64; x64) AppleWebKit/537.36 (KHTML, like Gecko) Chrome/140.0.0.0 Safari/537.36
--------------------------------------------------------------------------------
[2025-09-15 09:43:11] [CUSTOM] [::1] Database connection established successfully
Context: {
    "host": "localhost",
    "database": "voting_system"
}
Request URI: /voting-system/admin/admin.php?page=userManagement
User Agent: Mozilla/5.0 (Windows NT 10.0; Win64; x64) AppleWebKit/537.36 (KHTML, like Gecko) Chrome/140.0.0.0 Safari/537.36
--------------------------------------------------------------------------------
[2025-09-15 09:43:11] [CUSTOM] [::1] Database connection established successfully
Context: {
    "host": "localhost",
    "database": "voting_system"
}
Request URI: /voting-system/admin/admin.php?page=userManagement
User Agent: Mozilla/5.0 (Windows NT 10.0; Win64; x64) AppleWebKit/537.36 (KHTML, like Gecko) Chrome/140.0.0.0 Safari/537.36
--------------------------------------------------------------------------------
[2025-09-15 09:43:11] [CUSTOM] [::1] Database connection established successfully
Context: {
    "host": "localhost",
    "database": "voting_system"
}
Request URI: /voting-system/admin/admin.php?page=userManagement
User Agent: Mozilla/5.0 (Windows NT 10.0; Win64; x64) AppleWebKit/537.36 (KHTML, like Gecko) Chrome/140.0.0.0 Safari/537.36
--------------------------------------------------------------------------------
[2025-09-15 09:43:15] [CUSTOM] [::1] Database connection established successfully
Context: {
    "host": "localhost",
    "database": "voting_system"
}
Request URI: /voting-system/admin/admin.php?page=analytics
User Agent: Mozilla/5.0 (Windows NT 10.0; Win64; x64) AppleWebKit/537.36 (KHTML, like Gecko) Chrome/140.0.0.0 Safari/537.36
--------------------------------------------------------------------------------
[2025-09-15 09:43:15] [CUSTOM] [::1] Database connection established successfully
Context: {
    "host": "localhost",
    "database": "voting_system"
}
Request URI: /voting-system/admin/admin.php?page=analytics
User Agent: Mozilla/5.0 (Windows NT 10.0; Win64; x64) AppleWebKit/537.36 (KHTML, like Gecko) Chrome/140.0.0.0 Safari/537.36
--------------------------------------------------------------------------------
[2025-09-15 09:43:15] [CUSTOM] [::1] Database connection established successfully
Context: {
    "host": "localhost",
    "database": "voting_system"
}
Request URI: /voting-system/admin/admin.php?page=analytics
User Agent: Mozilla/5.0 (Windows NT 10.0; Win64; x64) AppleWebKit/537.36 (KHTML, like Gecko) Chrome/140.0.0.0 Safari/537.36
--------------------------------------------------------------------------------
[2025-09-15 09:43:15] [EXCEPTION] [::1] analytics.php:150 - mysqli_fetch_assoc(): Argument #1 ($result) must be of type mysqli_result, bool given
Stack Trace:
#0 D:\OFFICE\TpotsProject\www\voting-system\admin\content\analytics.php(150): mysqli_fetch_assoc(false)
#1 D:\OFFICE\TpotsProject\www\voting-system\admin\admin.php(310): include('D:\\OFFICE\\Tpots...')
#2 {main}
Request URI: /voting-system/admin/admin.php?page=analytics
User Agent: Mozilla/5.0 (Windows NT 10.0; Win64; x64) AppleWebKit/537.36 (KHTML, like Gecko) Chrome/140.0.0.0 Safari/537.36
--------------------------------------------------------------------------------
[2025-09-15 09:43:22] [CUSTOM] [::1] Database connection established successfully
Context: {
    "host": "localhost",
    "database": "voting_system"
}
Request URI: /voting-system/admin/admin.php?page=applications
User Agent: Mozilla/5.0 (Windows NT 10.0; Win64; x64) AppleWebKit/537.36 (KHTML, like Gecko) Chrome/140.0.0.0 Safari/537.36
--------------------------------------------------------------------------------
[2025-09-15 09:43:22] [CUSTOM] [::1] Database connection established successfully
Context: {
    "host": "localhost",
    "database": "voting_system"
}
Request URI: /voting-system/admin/admin.php?page=applications
User Agent: Mozilla/5.0 (Windows NT 10.0; Win64; x64) AppleWebKit/537.36 (KHTML, like Gecko) Chrome/140.0.0.0 Safari/537.36
--------------------------------------------------------------------------------
[2025-09-15 09:43:22] [CUSTOM] [::1] Database connection established successfully
Context: {
    "host": "localhost",
    "database": "voting_system"
}
Request URI: /voting-system/admin/admin.php?page=applications
User Agent: Mozilla/5.0 (Windows NT 10.0; Win64; x64) AppleWebKit/537.36 (KHTML, like Gecko) Chrome/140.0.0.0 Safari/537.36
--------------------------------------------------------------------------------
[2025-09-15 09:43:24] [CUSTOM] [::1] Database connection established successfully
Context: {
    "host": "localhost",
    "database": "voting_system"
}
Request URI: /voting-system/admin/admin.php?page=voteHistory
User Agent: Mozilla/5.0 (Windows NT 10.0; Win64; x64) AppleWebKit/537.36 (KHTML, like Gecko) Chrome/140.0.0.0 Safari/537.36
--------------------------------------------------------------------------------
[2025-09-15 09:43:24] [CUSTOM] [::1] Database connection established successfully
Context: {
    "host": "localhost",
    "database": "voting_system"
}
Request URI: /voting-system/admin/admin.php?page=voteHistory
User Agent: Mozilla/5.0 (Windows NT 10.0; Win64; x64) AppleWebKit/537.36 (KHTML, like Gecko) Chrome/140.0.0.0 Safari/537.36
--------------------------------------------------------------------------------
[2025-09-15 09:43:24] [CUSTOM] [::1] Database connection established successfully
Context: {
    "host": "localhost",
    "database": "voting_system"
}
Request URI: /voting-system/admin/admin.php?page=voteHistory
User Agent: Mozilla/5.0 (Windows NT 10.0; Win64; x64) AppleWebKit/537.36 (KHTML, like Gecko) Chrome/140.0.0.0 Safari/537.36
--------------------------------------------------------------------------------
[2025-09-15 09:43:24] [EXCEPTION] [::1] voteHistory.php:80 - mysqli_num_rows(): Argument #1 ($result) must be of type mysqli_result, bool given
Stack Trace:
#0 D:\OFFICE\TpotsProject\www\voting-system\admin\content\voteHistory.php(80): mysqli_num_rows(false)
#1 D:\OFFICE\TpotsProject\www\voting-system\admin\admin.php(310): include('D:\\OFFICE\\Tpots...')
#2 {main}
Request URI: /voting-system/admin/admin.php?page=voteHistory
User Agent: Mozilla/5.0 (Windows NT 10.0; Win64; x64) AppleWebKit/537.36 (KHTML, like Gecko) Chrome/140.0.0.0 Safari/537.36
--------------------------------------------------------------------------------
[2025-09-15 09:43:28] [CUSTOM] [::1] Database connection established successfully
Context: {
    "host": "localhost",
    "database": "voting_system"
}
Request URI: /voting-system/admin/admin.php?page=applications
User Agent: Mozilla/5.0 (Windows NT 10.0; Win64; x64) AppleWebKit/537.36 (KHTML, like Gecko) Chrome/140.0.0.0 Safari/537.36
--------------------------------------------------------------------------------
[2025-09-15 09:43:28] [CUSTOM] [::1] Database connection established successfully
Context: {
    "host": "localhost",
    "database": "voting_system"
}
Request URI: /voting-system/admin/admin.php?page=applications
User Agent: Mozilla/5.0 (Windows NT 10.0; Win64; x64) AppleWebKit/537.36 (KHTML, like Gecko) Chrome/140.0.0.0 Safari/537.36
--------------------------------------------------------------------------------
[2025-09-15 09:43:28] [CUSTOM] [::1] Database connection established successfully
Context: {
    "host": "localhost",
    "database": "voting_system"
}
Request URI: /voting-system/admin/admin.php?page=applications
User Agent: Mozilla/5.0 (Windows NT 10.0; Win64; x64) AppleWebKit/537.36 (KHTML, like Gecko) Chrome/140.0.0.0 Safari/537.36
--------------------------------------------------------------------------------
[2025-09-15 09:43:29] [CUSTOM] [::1] Database connection established successfully
Context: {
    "host": "localhost",
    "database": "voting_system"
}
Request URI: /voting-system/admin/admin.php?page=candidates
User Agent: Mozilla/5.0 (Windows NT 10.0; Win64; x64) AppleWebKit/537.36 (KHTML, like Gecko) Chrome/140.0.0.0 Safari/537.36
--------------------------------------------------------------------------------
[2025-09-15 09:43:29] [CUSTOM] [::1] Database connection established successfully
Context: {
    "host": "localhost",
    "database": "voting_system"
}
Request URI: /voting-system/admin/admin.php?page=candidates
User Agent: Mozilla/5.0 (Windows NT 10.0; Win64; x64) AppleWebKit/537.36 (KHTML, like Gecko) Chrome/140.0.0.0 Safari/537.36
--------------------------------------------------------------------------------
[2025-09-15 09:43:29] [CUSTOM] [::1] Database connection established successfully
Context: {
    "host": "localhost",
    "database": "voting_system"
}
Request URI: /voting-system/admin/admin.php?page=candidates
User Agent: Mozilla/5.0 (Windows NT 10.0; Win64; x64) AppleWebKit/537.36 (KHTML, like Gecko) Chrome/140.0.0.0 Safari/537.36
--------------------------------------------------------------------------------
[2025-09-15 09:43:32] [CUSTOM] [::1] Database connection established successfully
Context: {
    "host": "localhost",
    "database": "voting_system"
}
Request URI: /voting-system/admin/admin.php?page=candidates
User Agent: Mozilla/5.0 (Windows NT 10.0; Win64; x64) AppleWebKit/537.36 (KHTML, like Gecko) Chrome/140.0.0.0 Safari/537.36
--------------------------------------------------------------------------------
[2025-09-15 09:43:32] [CUSTOM] [::1] Database connection established successfully
Context: {
    "host": "localhost",
    "database": "voting_system"
}
Request URI: /voting-system/admin/admin.php?page=candidates
User Agent: Mozilla/5.0 (Windows NT 10.0; Win64; x64) AppleWebKit/537.36 (KHTML, like Gecko) Chrome/140.0.0.0 Safari/537.36
--------------------------------------------------------------------------------
[2025-09-15 09:43:32] [CUSTOM] [::1] Database connection established successfully
Context: {
    "host": "localhost",
    "database": "voting_system"
}
Request URI: /voting-system/admin/admin.php?page=candidates
User Agent: Mozilla/5.0 (Windows NT 10.0; Win64; x64) AppleWebKit/537.36 (KHTML, like Gecko) Chrome/140.0.0.0 Safari/537.36
--------------------------------------------------------------------------------
[2025-09-15 09:44:23] [CUSTOM] [::1] Database connection established successfully
Context: {
    "host": "localhost",
    "database": "voting_system"
}
Request URI: /voting-system/admin/admin.php?page=candidates
User Agent: Mozilla/5.0 (Windows NT 10.0; Win64; x64) AppleWebKit/537.36 (KHTML, like Gecko) Chrome/140.0.0.0 Safari/537.36
--------------------------------------------------------------------------------
[2025-09-15 09:44:23] [CUSTOM] [::1] Database connection established successfully
Context: {
    "host": "localhost",
    "database": "voting_system"
}
Request URI: /voting-system/admin/admin.php?page=candidates
User Agent: Mozilla/5.0 (Windows NT 10.0; Win64; x64) AppleWebKit/537.36 (KHTML, like Gecko) Chrome/140.0.0.0 Safari/537.36
--------------------------------------------------------------------------------
[2025-09-15 09:44:23] [CUSTOM] [::1] Database connection established successfully
Context: {
    "host": "localhost",
    "database": "voting_system"
}
Request URI: /voting-system/admin/admin.php?page=candidates
User Agent: Mozilla/5.0 (Windows NT 10.0; Win64; x64) AppleWebKit/537.36 (KHTML, like Gecko) Chrome/140.0.0.0 Safari/537.36
--------------------------------------------------------------------------------
[2025-09-15 09:45:20] [CUSTOM] [::1] Database connection established successfully
Context: {
    "host": "localhost",
    "database": "voting_system"
}
Request URI: /voting-system/admin/admin.php?page=candidates
User Agent: Mozilla/5.0 (Windows NT 10.0; Win64; x64) AppleWebKit/537.36 (KHTML, like Gecko) Chrome/140.0.0.0 Safari/537.36
--------------------------------------------------------------------------------
[2025-09-15 09:45:20] [CUSTOM] [::1] Database connection established successfully
Context: {
    "host": "localhost",
    "database": "voting_system"
}
Request URI: /voting-system/admin/admin.php?page=candidates
User Agent: Mozilla/5.0 (Windows NT 10.0; Win64; x64) AppleWebKit/537.36 (KHTML, like Gecko) Chrome/140.0.0.0 Safari/537.36
--------------------------------------------------------------------------------
[2025-09-15 09:45:20] [CUSTOM] [::1] Database connection established successfully
Context: {
    "host": "localhost",
    "database": "voting_system"
}
Request URI: /voting-system/admin/admin.php?page=candidates
User Agent: Mozilla/5.0 (Windows NT 10.0; Win64; x64) AppleWebKit/537.36 (KHTML, like Gecko) Chrome/140.0.0.0 Safari/537.36
--------------------------------------------------------------------------------
[2025-09-15 09:47:41] [CUSTOM] [::1] Database connection established successfully
Context: {
    "host": "localhost",
    "database": "voting_system"
}
Request URI: /voting-system/admin/admin.php?page=candidates
User Agent: Mozilla/5.0 (Windows NT 10.0; Win64; x64) AppleWebKit/537.36 (KHTML, like Gecko) Chrome/140.0.0.0 Safari/537.36
--------------------------------------------------------------------------------
[2025-09-15 09:47:41] [CUSTOM] [::1] Database connection established successfully
Context: {
    "host": "localhost",
    "database": "voting_system"
}
Request URI: /voting-system/admin/admin.php?page=candidates
User Agent: Mozilla/5.0 (Windows NT 10.0; Win64; x64) AppleWebKit/537.36 (KHTML, like Gecko) Chrome/140.0.0.0 Safari/537.36
--------------------------------------------------------------------------------
[2025-09-15 09:47:41] [CUSTOM] [::1] Database connection established successfully
Context: {
    "host": "localhost",
    "database": "voting_system"
}
Request URI: /voting-system/admin/admin.php?page=candidates
User Agent: Mozilla/5.0 (Windows NT 10.0; Win64; x64) AppleWebKit/537.36 (KHTML, like Gecko) Chrome/140.0.0.0 Safari/537.36
--------------------------------------------------------------------------------
[2025-09-15 09:49:04] [CUSTOM] [::1] Database connection established successfully
Context: {
    "host": "localhost",
    "database": "voting_system"
}
Request URI: /voting-system/admin/admin.php?page=candidates
User Agent: Mozilla/5.0 (Windows NT 10.0; Win64; x64) AppleWebKit/537.36 (KHTML, like Gecko) Chrome/140.0.0.0 Safari/537.36
--------------------------------------------------------------------------------
[2025-09-15 09:49:04] [CUSTOM] [::1] Database connection established successfully
Context: {
    "host": "localhost",
    "database": "voting_system"
}
Request URI: /voting-system/admin/admin.php?page=candidates
User Agent: Mozilla/5.0 (Windows NT 10.0; Win64; x64) AppleWebKit/537.36 (KHTML, like Gecko) Chrome/140.0.0.0 Safari/537.36
--------------------------------------------------------------------------------
[2025-09-15 09:49:04] [CUSTOM] [::1] Database connection established successfully
Context: {
    "host": "localhost",
    "database": "voting_system"
}
Request URI: /voting-system/admin/admin.php?page=candidates
User Agent: Mozilla/5.0 (Windows NT 10.0; Win64; x64) AppleWebKit/537.36 (KHTML, like Gecko) Chrome/140.0.0.0 Safari/537.36
--------------------------------------------------------------------------------
[2025-09-15 09:49:43] [CUSTOM] [::1] Database connection established successfully
Context: {
    "host": "localhost",
    "database": "voting_system"
}
Request URI: /voting-system/admin/admin.php?page=candidates
User Agent: Mozilla/5.0 (Windows NT 10.0; Win64; x64) AppleWebKit/537.36 (KHTML, like Gecko) Chrome/140.0.0.0 Safari/537.36
--------------------------------------------------------------------------------
[2025-09-15 09:49:43] [CUSTOM] [::1] Database connection established successfully
Context: {
    "host": "localhost",
    "database": "voting_system"
}
Request URI: /voting-system/admin/admin.php?page=candidates
User Agent: Mozilla/5.0 (Windows NT 10.0; Win64; x64) AppleWebKit/537.36 (KHTML, like Gecko) Chrome/140.0.0.0 Safari/537.36
--------------------------------------------------------------------------------
[2025-09-15 09:49:43] [CUSTOM] [::1] Database connection established successfully
Context: {
    "host": "localhost",
    "database": "voting_system"
}
Request URI: /voting-system/admin/admin.php?page=candidates
User Agent: Mozilla/5.0 (Windows NT 10.0; Win64; x64) AppleWebKit/537.36 (KHTML, like Gecko) Chrome/140.0.0.0 Safari/537.36
--------------------------------------------------------------------------------
[2025-09-15 09:49:49] [CUSTOM] [::1] Database connection established successfully
Context: {
    "host": "localhost",
    "database": "voting_system"
}
Request URI: /voting-system/admin/admin.php?page=candidates
User Agent: Mozilla/5.0 (Windows NT 10.0; Win64; x64) AppleWebKit/537.36 (KHTML, like Gecko) Chrome/140.0.0.0 Safari/537.36
--------------------------------------------------------------------------------
[2025-09-15 09:49:49] [CUSTOM] [::1] Database connection established successfully
Context: {
    "host": "localhost",
    "database": "voting_system"
}
Request URI: /voting-system/admin/admin.php?page=candidates
User Agent: Mozilla/5.0 (Windows NT 10.0; Win64; x64) AppleWebKit/537.36 (KHTML, like Gecko) Chrome/140.0.0.0 Safari/537.36
--------------------------------------------------------------------------------
[2025-09-15 09:49:49] [CUSTOM] [::1] Database connection established successfully
Context: {
    "host": "localhost",
    "database": "voting_system"
}
Request URI: /voting-system/admin/admin.php?page=candidates
User Agent: Mozilla/5.0 (Windows NT 10.0; Win64; x64) AppleWebKit/537.36 (KHTML, like Gecko) Chrome/140.0.0.0 Safari/537.36
--------------------------------------------------------------------------------
[2025-09-15 09:50:48] [CUSTOM] [::1] Database connection established successfully
Context: {
    "host": "localhost",
    "database": "voting_system"
}
Request URI: /voting-system/admin/admin.php?page=candidates
User Agent: Mozilla/5.0 (Windows NT 10.0; Win64; x64) AppleWebKit/537.36 (KHTML, like Gecko) Chrome/140.0.0.0 Safari/537.36
--------------------------------------------------------------------------------
[2025-09-15 09:50:48] [CUSTOM] [::1] Database connection established successfully
Context: {
    "host": "localhost",
    "database": "voting_system"
}
Request URI: /voting-system/admin/admin.php?page=candidates
User Agent: Mozilla/5.0 (Windows NT 10.0; Win64; x64) AppleWebKit/537.36 (KHTML, like Gecko) Chrome/140.0.0.0 Safari/537.36
--------------------------------------------------------------------------------
[2025-09-15 09:50:48] [CUSTOM] [::1] Database connection established successfully
Context: {
    "host": "localhost",
    "database": "voting_system"
}
Request URI: /voting-system/admin/admin.php?page=candidates
User Agent: Mozilla/5.0 (Windows NT 10.0; Win64; x64) AppleWebKit/537.36 (KHTML, like Gecko) Chrome/140.0.0.0 Safari/537.36
--------------------------------------------------------------------------------
[2025-09-15 09:50:54] [CUSTOM] [::1] Database connection established successfully
Context: {
    "host": "localhost",
    "database": "voting_system"
}
Request URI: /voting-system/admin/admin.php?page=candidates
User Agent: Mozilla/5.0 (Windows NT 10.0; Win64; x64) AppleWebKit/537.36 (KHTML, like Gecko) Chrome/140.0.0.0 Safari/537.36
--------------------------------------------------------------------------------
[2025-09-15 09:50:54] [CUSTOM] [::1] Database connection established successfully
Context: {
    "host": "localhost",
    "database": "voting_system"
}
Request URI: /voting-system/admin/admin.php?page=candidates
User Agent: Mozilla/5.0 (Windows NT 10.0; Win64; x64) AppleWebKit/537.36 (KHTML, like Gecko) Chrome/140.0.0.0 Safari/537.36
--------------------------------------------------------------------------------
[2025-09-15 09:50:54] [CUSTOM] [::1] Database connection established successfully
Context: {
    "host": "localhost",
    "database": "voting_system"
}
Request URI: /voting-system/admin/admin.php?page=candidates
User Agent: Mozilla/5.0 (Windows NT 10.0; Win64; x64) AppleWebKit/537.36 (KHTML, like Gecko) Chrome/140.0.0.0 Safari/537.36
--------------------------------------------------------------------------------
[2025-09-15 09:51:26] [CUSTOM] [::1] Database connection established successfully
Context: {
    "host": "localhost",
    "database": "voting_system"
}
Request URI: /voting-system/admin/admin.php?page=candidates
User Agent: Mozilla/5.0 (Windows NT 10.0; Win64; x64) AppleWebKit/537.36 (KHTML, like Gecko) Chrome/140.0.0.0 Safari/537.36
--------------------------------------------------------------------------------
[2025-09-15 09:51:26] [CUSTOM] [::1] Database connection established successfully
Context: {
    "host": "localhost",
    "database": "voting_system"
}
Request URI: /voting-system/admin/admin.php?page=candidates
User Agent: Mozilla/5.0 (Windows NT 10.0; Win64; x64) AppleWebKit/537.36 (KHTML, like Gecko) Chrome/140.0.0.0 Safari/537.36
--------------------------------------------------------------------------------
[2025-09-15 09:51:26] [CUSTOM] [::1] Database connection established successfully
Context: {
    "host": "localhost",
    "database": "voting_system"
}
Request URI: /voting-system/admin/admin.php?page=candidates
User Agent: Mozilla/5.0 (Windows NT 10.0; Win64; x64) AppleWebKit/537.36 (KHTML, like Gecko) Chrome/140.0.0.0 Safari/537.36
--------------------------------------------------------------------------------
[2025-09-15 09:51:32] [CUSTOM] [::1] Database connection established successfully
Context: {
    "host": "localhost",
    "database": "voting_system"
}
Request URI: /voting-system/admin/admin.php?page=candidates
User Agent: Mozilla/5.0 (Windows NT 10.0; Win64; x64) AppleWebKit/537.36 (KHTML, like Gecko) Chrome/140.0.0.0 Safari/537.36
--------------------------------------------------------------------------------
[2025-09-15 09:51:32] [CUSTOM] [::1] Database connection established successfully
Context: {
    "host": "localhost",
    "database": "voting_system"
}
Request URI: /voting-system/admin/admin.php?page=candidates
User Agent: Mozilla/5.0 (Windows NT 10.0; Win64; x64) AppleWebKit/537.36 (KHTML, like Gecko) Chrome/140.0.0.0 Safari/537.36
--------------------------------------------------------------------------------
[2025-09-15 09:51:32] [CUSTOM] [::1] Database connection established successfully
Context: {
    "host": "localhost",
    "database": "voting_system"
}
Request URI: /voting-system/admin/admin.php?page=candidates
User Agent: Mozilla/5.0 (Windows NT 10.0; Win64; x64) AppleWebKit/537.36 (KHTML, like Gecko) Chrome/140.0.0.0 Safari/537.36
--------------------------------------------------------------------------------
[2025-09-15 09:52:35] [CUSTOM] [::1] Database connection established successfully
Context: {
    "host": "localhost",
    "database": "voting_system"
}
Request URI: /voting-system/admin/admin.php?page=applications
User Agent: Mozilla/5.0 (Windows NT 10.0; Win64; x64) AppleWebKit/537.36 (KHTML, like Gecko) Chrome/140.0.0.0 Safari/537.36
--------------------------------------------------------------------------------
[2025-09-15 09:52:35] [CUSTOM] [::1] Database connection established successfully
Context: {
    "host": "localhost",
    "database": "voting_system"
}
Request URI: /voting-system/admin/admin.php?page=applications
User Agent: Mozilla/5.0 (Windows NT 10.0; Win64; x64) AppleWebKit/537.36 (KHTML, like Gecko) Chrome/140.0.0.0 Safari/537.36
--------------------------------------------------------------------------------
[2025-09-15 09:52:35] [CUSTOM] [::1] Database connection established successfully
Context: {
    "host": "localhost",
    "database": "voting_system"
}
Request URI: /voting-system/admin/admin.php?page=applications
User Agent: Mozilla/5.0 (Windows NT 10.0; Win64; x64) AppleWebKit/537.36 (KHTML, like Gecko) Chrome/140.0.0.0 Safari/537.36
--------------------------------------------------------------------------------
[2025-09-15 09:52:36] [CUSTOM] [::1] Database connection established successfully
Context: {
    "host": "localhost",
    "database": "voting_system"
}
Request URI: /voting-system/admin/admin.php?page=voteHistory
User Agent: Mozilla/5.0 (Windows NT 10.0; Win64; x64) AppleWebKit/537.36 (KHTML, like Gecko) Chrome/140.0.0.0 Safari/537.36
--------------------------------------------------------------------------------
[2025-09-15 09:52:37] [CUSTOM] [::1] Database connection established successfully
Context: {
    "host": "localhost",
    "database": "voting_system"
}
Request URI: /voting-system/admin/admin.php?page=voteHistory
User Agent: Mozilla/5.0 (Windows NT 10.0; Win64; x64) AppleWebKit/537.36 (KHTML, like Gecko) Chrome/140.0.0.0 Safari/537.36
--------------------------------------------------------------------------------
[2025-09-15 09:52:37] [CUSTOM] [::1] Database connection established successfully
Context: {
    "host": "localhost",
    "database": "voting_system"
}
Request URI: /voting-system/admin/admin.php?page=voteHistory
User Agent: Mozilla/5.0 (Windows NT 10.0; Win64; x64) AppleWebKit/537.36 (KHTML, like Gecko) Chrome/140.0.0.0 Safari/537.36
--------------------------------------------------------------------------------
[2025-09-15 09:52:37] [EXCEPTION] [::1] voteHistory.php:80 - mysqli_num_rows(): Argument #1 ($result) must be of type mysqli_result, bool given
Stack Trace:
#0 D:\OFFICE\TpotsProject\www\voting-system\admin\content\voteHistory.php(80): mysqli_num_rows(false)
#1 D:\OFFICE\TpotsProject\www\voting-system\admin\admin.php(310): include('D:\\OFFICE\\Tpots...')
#2 {main}
Request URI: /voting-system/admin/admin.php?page=voteHistory
User Agent: Mozilla/5.0 (Windows NT 10.0; Win64; x64) AppleWebKit/537.36 (KHTML, like Gecko) Chrome/140.0.0.0 Safari/537.36
--------------------------------------------------------------------------------
[2025-09-15 09:52:43] [CUSTOM] [::1] Database connection established successfully
Context: {
    "host": "localhost",
    "database": "voting_system"
}
Request URI: /voting-system/admin/admin.php?page=analytics
User Agent: Mozilla/5.0 (Windows NT 10.0; Win64; x64) AppleWebKit/537.36 (KHTML, like Gecko) Chrome/140.0.0.0 Safari/537.36
--------------------------------------------------------------------------------
[2025-09-15 09:52:43] [CUSTOM] [::1] Database connection established successfully
Context: {
    "host": "localhost",
    "database": "voting_system"
}
Request URI: /voting-system/admin/admin.php?page=analytics
User Agent: Mozilla/5.0 (Windows NT 10.0; Win64; x64) AppleWebKit/537.36 (KHTML, like Gecko) Chrome/140.0.0.0 Safari/537.36
--------------------------------------------------------------------------------
[2025-09-15 09:52:43] [CUSTOM] [::1] Database connection established successfully
Context: {
    "host": "localhost",
    "database": "voting_system"
}
Request URI: /voting-system/admin/admin.php?page=analytics
User Agent: Mozilla/5.0 (Windows NT 10.0; Win64; x64) AppleWebKit/537.36 (KHTML, like Gecko) Chrome/140.0.0.0 Safari/537.36
--------------------------------------------------------------------------------
[2025-09-15 09:52:43] [EXCEPTION] [::1] analytics.php:150 - mysqli_fetch_assoc(): Argument #1 ($result) must be of type mysqli_result, bool given
Stack Trace:
#0 D:\OFFICE\TpotsProject\www\voting-system\admin\content\analytics.php(150): mysqli_fetch_assoc(false)
#1 D:\OFFICE\TpotsProject\www\voting-system\admin\admin.php(310): include('D:\\OFFICE\\Tpots...')
#2 {main}
Request URI: /voting-system/admin/admin.php?page=analytics
User Agent: Mozilla/5.0 (Windows NT 10.0; Win64; x64) AppleWebKit/537.36 (KHTML, like Gecko) Chrome/140.0.0.0 Safari/537.36
--------------------------------------------------------------------------------
[2025-09-15 09:52:44] [CUSTOM] [::1] Database connection established successfully
Context: {
    "host": "localhost",
    "database": "voting_system"
}
Request URI: /voting-system/admin/admin.php?page=userManagement
User Agent: Mozilla/5.0 (Windows NT 10.0; Win64; x64) AppleWebKit/537.36 (KHTML, like Gecko) Chrome/140.0.0.0 Safari/537.36
--------------------------------------------------------------------------------
[2025-09-15 09:52:44] [CUSTOM] [::1] Database connection established successfully
Context: {
    "host": "localhost",
    "database": "voting_system"
}
Request URI: /voting-system/admin/admin.php?page=userManagement
User Agent: Mozilla/5.0 (Windows NT 10.0; Win64; x64) AppleWebKit/537.36 (KHTML, like Gecko) Chrome/140.0.0.0 Safari/537.36
--------------------------------------------------------------------------------
[2025-09-15 09:52:44] [CUSTOM] [::1] Database connection established successfully
Context: {
    "host": "localhost",
    "database": "voting_system"
}
Request URI: /voting-system/admin/admin.php?page=userManagement
User Agent: Mozilla/5.0 (Windows NT 10.0; Win64; x64) AppleWebKit/537.36 (KHTML, like Gecko) Chrome/140.0.0.0 Safari/537.36
--------------------------------------------------------------------------------
[2025-09-15 09:52:45] [CUSTOM] [::1] Database connection established successfully
Context: {
    "host": "localhost",
    "database": "voting_system"
}
Request URI: /voting-system/admin/admin.php?page=analytics
User Agent: Mozilla/5.0 (Windows NT 10.0; Win64; x64) AppleWebKit/537.36 (KHTML, like Gecko) Chrome/140.0.0.0 Safari/537.36
--------------------------------------------------------------------------------
[2025-09-15 09:52:45] [CUSTOM] [::1] Database connection established successfully
Context: {
    "host": "localhost",
    "database": "voting_system"
}
Request URI: /voting-system/admin/admin.php?page=analytics
User Agent: Mozilla/5.0 (Windows NT 10.0; Win64; x64) AppleWebKit/537.36 (KHTML, like Gecko) Chrome/140.0.0.0 Safari/537.36
--------------------------------------------------------------------------------
[2025-09-15 09:52:45] [CUSTOM] [::1] Database connection established successfully
Context: {
    "host": "localhost",
    "database": "voting_system"
}
Request URI: /voting-system/admin/admin.php?page=analytics
User Agent: Mozilla/5.0 (Windows NT 10.0; Win64; x64) AppleWebKit/537.36 (KHTML, like Gecko) Chrome/140.0.0.0 Safari/537.36
--------------------------------------------------------------------------------
[2025-09-15 09:52:45] [EXCEPTION] [::1] analytics.php:150 - mysqli_fetch_assoc(): Argument #1 ($result) must be of type mysqli_result, bool given
Stack Trace:
#0 D:\OFFICE\TpotsProject\www\voting-system\admin\content\analytics.php(150): mysqli_fetch_assoc(false)
#1 D:\OFFICE\TpotsProject\www\voting-system\admin\admin.php(310): include('D:\\OFFICE\\Tpots...')
#2 {main}
Request URI: /voting-system/admin/admin.php?page=analytics
User Agent: Mozilla/5.0 (Windows NT 10.0; Win64; x64) AppleWebKit/537.36 (KHTML, like Gecko) Chrome/140.0.0.0 Safari/537.36
--------------------------------------------------------------------------------
[2025-09-15 09:53:01] [CUSTOM] [::1] Database connection established successfully
Context: {
    "host": "localhost",
    "database": "voting_system"
}
Request URI: /voting-system/admin/admin.php?page=candidates
User Agent: Mozilla/5.0 (Windows NT 10.0; Win64; x64) AppleWebKit/537.36 (KHTML, like Gecko) Chrome/140.0.0.0 Safari/537.36
--------------------------------------------------------------------------------
[2025-09-15 09:53:01] [CUSTOM] [::1] Database connection established successfully
Context: {
    "host": "localhost",
    "database": "voting_system"
}
Request URI: /voting-system/admin/admin.php?page=candidates
User Agent: Mozilla/5.0 (Windows NT 10.0; Win64; x64) AppleWebKit/537.36 (KHTML, like Gecko) Chrome/140.0.0.0 Safari/537.36
--------------------------------------------------------------------------------
[2025-09-15 09:53:01] [CUSTOM] [::1] Database connection established successfully
Context: {
    "host": "localhost",
    "database": "voting_system"
}
Request URI: /voting-system/admin/admin.php?page=candidates
User Agent: Mozilla/5.0 (Windows NT 10.0; Win64; x64) AppleWebKit/537.36 (KHTML, like Gecko) Chrome/140.0.0.0 Safari/537.36
--------------------------------------------------------------------------------
[2025-09-15 09:53:04] [CUSTOM] [::1] Database connection established successfully
Context: {
    "host": "localhost",
    "database": "voting_system"
}
Request URI: /voting-system/admin/admin.php?page=candidates
User Agent: Mozilla/5.0 (Windows NT 10.0; Win64; x64) AppleWebKit/537.36 (KHTML, like Gecko) Chrome/140.0.0.0 Safari/537.36
--------------------------------------------------------------------------------
[2025-09-15 09:53:04] [CUSTOM] [::1] Database connection established successfully
Context: {
    "host": "localhost",
    "database": "voting_system"
}
Request URI: /voting-system/admin/admin.php?page=candidates
User Agent: Mozilla/5.0 (Windows NT 10.0; Win64; x64) AppleWebKit/537.36 (KHTML, like Gecko) Chrome/140.0.0.0 Safari/537.36
--------------------------------------------------------------------------------
[2025-09-15 09:53:04] [CUSTOM] [::1] Database connection established successfully
Context: {
    "host": "localhost",
    "database": "voting_system"
}
Request URI: /voting-system/admin/admin.php?page=candidates
User Agent: Mozilla/5.0 (Windows NT 10.0; Win64; x64) AppleWebKit/537.36 (KHTML, like Gecko) Chrome/140.0.0.0 Safari/537.36
--------------------------------------------------------------------------------
[2025-09-15 09:53:09] [CUSTOM] [::1] Database connection established successfully
Context: {
    "host": "localhost",
    "database": "voting_system"
}
Request URI: /voting-system/admin/admin.php?page=candidates
User Agent: Mozilla/5.0 (Windows NT 10.0; Win64; x64) AppleWebKit/537.36 (KHTML, like Gecko) Chrome/140.0.0.0 Safari/537.36
--------------------------------------------------------------------------------
[2025-09-15 09:53:09] [CUSTOM] [::1] Database connection established successfully
Context: {
    "host": "localhost",
    "database": "voting_system"
}
Request URI: /voting-system/admin/admin.php?page=candidates
User Agent: Mozilla/5.0 (Windows NT 10.0; Win64; x64) AppleWebKit/537.36 (KHTML, like Gecko) Chrome/140.0.0.0 Safari/537.36
--------------------------------------------------------------------------------
[2025-09-15 09:53:09] [CUSTOM] [::1] Database connection established successfully
Context: {
    "host": "localhost",
    "database": "voting_system"
}
Request URI: /voting-system/admin/admin.php?page=candidates
User Agent: Mozilla/5.0 (Windows NT 10.0; Win64; x64) AppleWebKit/537.36 (KHTML, like Gecko) Chrome/140.0.0.0 Safari/537.36
--------------------------------------------------------------------------------
[2025-09-15 09:53:18] [CUSTOM] [::1] Database connection established successfully
Context: {
    "host": "localhost",
    "database": "voting_system"
}
Request URI: /voting-system/admin/admin.php?page=candidates
User Agent: Mozilla/5.0 (Windows NT 10.0; Win64; x64) AppleWebKit/537.36 (KHTML, like Gecko) Chrome/140.0.0.0 Safari/537.36
--------------------------------------------------------------------------------
[2025-09-15 09:53:18] [CUSTOM] [::1] Database connection established successfully
Context: {
    "host": "localhost",
    "database": "voting_system"
}
Request URI: /voting-system/admin/admin.php?page=candidates
User Agent: Mozilla/5.0 (Windows NT 10.0; Win64; x64) AppleWebKit/537.36 (KHTML, like Gecko) Chrome/140.0.0.0 Safari/537.36
--------------------------------------------------------------------------------
[2025-09-15 09:53:18] [CUSTOM] [::1] Database connection established successfully
Context: {
    "host": "localhost",
    "database": "voting_system"
}
Request URI: /voting-system/admin/admin.php?page=candidates
User Agent: Mozilla/5.0 (Windows NT 10.0; Win64; x64) AppleWebKit/537.36 (KHTML, like Gecko) Chrome/140.0.0.0 Safari/537.36
--------------------------------------------------------------------------------
[2025-09-15 09:53:54] [CUSTOM] [::1] Database connection established successfully
Context: {
    "host": "localhost",
    "database": "voting_system"
}
Request URI: /voting-system/admin/admin.php?page=candidates
User Agent: Mozilla/5.0 (Windows NT 10.0; Win64; x64) AppleWebKit/537.36 (KHTML, like Gecko) Chrome/140.0.0.0 Safari/537.36
--------------------------------------------------------------------------------
[2025-09-15 09:53:54] [CUSTOM] [::1] Database connection established successfully
Context: {
    "host": "localhost",
    "database": "voting_system"
}
Request URI: /voting-system/admin/admin.php?page=candidates
User Agent: Mozilla/5.0 (Windows NT 10.0; Win64; x64) AppleWebKit/537.36 (KHTML, like Gecko) Chrome/140.0.0.0 Safari/537.36
--------------------------------------------------------------------------------
[2025-09-15 09:53:54] [CUSTOM] [::1] Database connection established successfully
Context: {
    "host": "localhost",
    "database": "voting_system"
}
Request URI: /voting-system/admin/admin.php?page=candidates
User Agent: Mozilla/5.0 (Windows NT 10.0; Win64; x64) AppleWebKit/537.36 (KHTML, like Gecko) Chrome/140.0.0.0 Safari/537.36
--------------------------------------------------------------------------------
[2025-09-15 09:54:37] [CUSTOM] [::1] Database connection established successfully
Context: {
    "host": "localhost",
    "database": "voting_system"
}
Request URI: /voting-system/admin/admin.php?page=candidates
User Agent: Mozilla/5.0 (Windows NT 10.0; Win64; x64) AppleWebKit/537.36 (KHTML, like Gecko) Chrome/140.0.0.0 Safari/537.36
--------------------------------------------------------------------------------
[2025-09-15 09:54:37] [CUSTOM] [::1] Database connection established successfully
Context: {
    "host": "localhost",
    "database": "voting_system"
}
Request URI: /voting-system/admin/admin.php?page=candidates
User Agent: Mozilla/5.0 (Windows NT 10.0; Win64; x64) AppleWebKit/537.36 (KHTML, like Gecko) Chrome/140.0.0.0 Safari/537.36
--------------------------------------------------------------------------------
[2025-09-15 09:54:37] [CUSTOM] [::1] Database connection established successfully
Context: {
    "host": "localhost",
    "database": "voting_system"
}
Request URI: /voting-system/admin/admin.php?page=candidates
User Agent: Mozilla/5.0 (Windows NT 10.0; Win64; x64) AppleWebKit/537.36 (KHTML, like Gecko) Chrome/140.0.0.0 Safari/537.36
--------------------------------------------------------------------------------
[2025-09-15 09:54:51] [CUSTOM] [::1] Database connection established successfully
Context: {
    "host": "localhost",
    "database": "voting_system"
}
Request URI: /voting-system/admin/admin.php?page=applications
User Agent: Mozilla/5.0 (Windows NT 10.0; Win64; x64) AppleWebKit/537.36 (KHTML, like Gecko) Chrome/140.0.0.0 Safari/537.36
--------------------------------------------------------------------------------
[2025-09-15 09:54:51] [CUSTOM] [::1] Database connection established successfully
Context: {
    "host": "localhost",
    "database": "voting_system"
}
Request URI: /voting-system/admin/admin.php?page=applications
User Agent: Mozilla/5.0 (Windows NT 10.0; Win64; x64) AppleWebKit/537.36 (KHTML, like Gecko) Chrome/140.0.0.0 Safari/537.36
--------------------------------------------------------------------------------
[2025-09-15 09:54:51] [CUSTOM] [::1] Database connection established successfully
Context: {
    "host": "localhost",
    "database": "voting_system"
}
Request URI: /voting-system/admin/admin.php?page=applications
User Agent: Mozilla/5.0 (Windows NT 10.0; Win64; x64) AppleWebKit/537.36 (KHTML, like Gecko) Chrome/140.0.0.0 Safari/537.36
--------------------------------------------------------------------------------
[2025-09-15 09:54:51] [CUSTOM] [::1] Database connection established successfully
Context: {
    "host": "localhost",
    "database": "voting_system"
}
Request URI: /voting-system/admin/admin.php?page=candidates
User Agent: Mozilla/5.0 (Windows NT 10.0; Win64; x64) AppleWebKit/537.36 (KHTML, like Gecko) Chrome/140.0.0.0 Safari/537.36
--------------------------------------------------------------------------------
[2025-09-15 09:54:51] [CUSTOM] [::1] Database connection established successfully
Context: {
    "host": "localhost",
    "database": "voting_system"
}
Request URI: /voting-system/admin/admin.php?page=candidates
User Agent: Mozilla/5.0 (Windows NT 10.0; Win64; x64) AppleWebKit/537.36 (KHTML, like Gecko) Chrome/140.0.0.0 Safari/537.36
--------------------------------------------------------------------------------
[2025-09-15 09:54:51] [CUSTOM] [::1] Database connection established successfully
Context: {
    "host": "localhost",
    "database": "voting_system"
}
Request URI: /voting-system/admin/admin.php?page=candidates
User Agent: Mozilla/5.0 (Windows NT 10.0; Win64; x64) AppleWebKit/537.36 (KHTML, like Gecko) Chrome/140.0.0.0 Safari/537.36
--------------------------------------------------------------------------------
[2025-09-15 09:55:08] [CUSTOM] [::1] Database connection established successfully
Context: {
    "host": "localhost",
    "database": "voting_system"
}
Request URI: /voting-system/admin/admin.php?page=candidates
User Agent: Mozilla/5.0 (Windows NT 10.0; Win64; x64) AppleWebKit/537.36 (KHTML, like Gecko) Chrome/140.0.0.0 Safari/537.36
--------------------------------------------------------------------------------
[2025-09-15 09:55:08] [CUSTOM] [::1] Database connection established successfully
Context: {
    "host": "localhost",
    "database": "voting_system"
}
Request URI: /voting-system/admin/admin.php?page=candidates
User Agent: Mozilla/5.0 (Windows NT 10.0; Win64; x64) AppleWebKit/537.36 (KHTML, like Gecko) Chrome/140.0.0.0 Safari/537.36
--------------------------------------------------------------------------------
[2025-09-15 09:55:08] [CUSTOM] [::1] Database connection established successfully
Context: {
    "host": "localhost",
    "database": "voting_system"
}
Request URI: /voting-system/admin/admin.php?page=candidates
User Agent: Mozilla/5.0 (Windows NT 10.0; Win64; x64) AppleWebKit/537.36 (KHTML, like Gecko) Chrome/140.0.0.0 Safari/537.36
--------------------------------------------------------------------------------
[2025-09-15 09:55:33] [CUSTOM] [::1] Database connection established successfully
Context: {
    "host": "localhost",
    "database": "voting_system"
}
Request URI: /voting-system/admin/admin.php?page=candidates
User Agent: Mozilla/5.0 (Windows NT 10.0; Win64; x64) AppleWebKit/537.36 (KHTML, like Gecko) Chrome/140.0.0.0 Safari/537.36
--------------------------------------------------------------------------------
[2025-09-15 09:55:33] [CUSTOM] [::1] Database connection established successfully
Context: {
    "host": "localhost",
    "database": "voting_system"
}
Request URI: /voting-system/admin/admin.php?page=candidates
User Agent: Mozilla/5.0 (Windows NT 10.0; Win64; x64) AppleWebKit/537.36 (KHTML, like Gecko) Chrome/140.0.0.0 Safari/537.36
--------------------------------------------------------------------------------
[2025-09-15 09:55:33] [CUSTOM] [::1] Database connection established successfully
Context: {
    "host": "localhost",
    "database": "voting_system"
}
Request URI: /voting-system/admin/admin.php?page=candidates
User Agent: Mozilla/5.0 (Windows NT 10.0; Win64; x64) AppleWebKit/537.36 (KHTML, like Gecko) Chrome/140.0.0.0 Safari/537.36
--------------------------------------------------------------------------------
[2025-09-15 09:57:21] [CUSTOM] [::1] Database connection established successfully
Context: {
    "host": "localhost",
    "database": "voting_system"
}
Request URI: /voting-system/admin/admin.php?page=candidates
User Agent: Mozilla/5.0 (Windows NT 10.0; Win64; x64) AppleWebKit/537.36 (KHTML, like Gecko) Chrome/140.0.0.0 Safari/537.36
--------------------------------------------------------------------------------
[2025-09-15 09:57:21] [CUSTOM] [::1] Database connection established successfully
Context: {
    "host": "localhost",
    "database": "voting_system"
}
Request URI: /voting-system/admin/admin.php?page=candidates
User Agent: Mozilla/5.0 (Windows NT 10.0; Win64; x64) AppleWebKit/537.36 (KHTML, like Gecko) Chrome/140.0.0.0 Safari/537.36
--------------------------------------------------------------------------------
[2025-09-15 09:57:21] [CUSTOM] [::1] Database connection established successfully
Context: {
    "host": "localhost",
    "database": "voting_system"
}
Request URI: /voting-system/admin/admin.php?page=candidates
User Agent: Mozilla/5.0 (Windows NT 10.0; Win64; x64) AppleWebKit/537.36 (KHTML, like Gecko) Chrome/140.0.0.0 Safari/537.36
--------------------------------------------------------------------------------
[2025-09-15 09:58:15] [CUSTOM] [::1] Database connection established successfully
Context: {
    "host": "localhost",
    "database": "voting_system"
}
Request URI: /voting-system/admin/admin.php?page=candidates
User Agent: Mozilla/5.0 (Windows NT 10.0; Win64; x64) AppleWebKit/537.36 (KHTML, like Gecko) Chrome/140.0.0.0 Safari/537.36
--------------------------------------------------------------------------------
[2025-09-15 09:58:15] [CUSTOM] [::1] Database connection established successfully
Context: {
    "host": "localhost",
    "database": "voting_system"
}
Request URI: /voting-system/admin/admin.php?page=candidates
User Agent: Mozilla/5.0 (Windows NT 10.0; Win64; x64) AppleWebKit/537.36 (KHTML, like Gecko) Chrome/140.0.0.0 Safari/537.36
--------------------------------------------------------------------------------
[2025-09-15 09:58:15] [CUSTOM] [::1] Database connection established successfully
Context: {
    "host": "localhost",
    "database": "voting_system"
}
Request URI: /voting-system/admin/admin.php?page=candidates
User Agent: Mozilla/5.0 (Windows NT 10.0; Win64; x64) AppleWebKit/537.36 (KHTML, like Gecko) Chrome/140.0.0.0 Safari/537.36
--------------------------------------------------------------------------------
[2025-09-15 09:58:32] [CUSTOM] [::1] Database connection established successfully
Context: {
    "host": "localhost",
    "database": "voting_system"
}
Request URI: /voting-system/admin/admin.php?page=candidates
User Agent: Mozilla/5.0 (Windows NT 10.0; Win64; x64) AppleWebKit/537.36 (KHTML, like Gecko) Chrome/140.0.0.0 Safari/537.36
--------------------------------------------------------------------------------
[2025-09-15 09:58:32] [CUSTOM] [::1] Database connection established successfully
Context: {
    "host": "localhost",
    "database": "voting_system"
}
Request URI: /voting-system/admin/admin.php?page=candidates
User Agent: Mozilla/5.0 (Windows NT 10.0; Win64; x64) AppleWebKit/537.36 (KHTML, like Gecko) Chrome/140.0.0.0 Safari/537.36
--------------------------------------------------------------------------------
[2025-09-15 09:58:32] [CUSTOM] [::1] Database connection established successfully
Context: {
    "host": "localhost",
    "database": "voting_system"
}
Request URI: /voting-system/admin/admin.php?page=candidates
User Agent: Mozilla/5.0 (Windows NT 10.0; Win64; x64) AppleWebKit/537.36 (KHTML, like Gecko) Chrome/140.0.0.0 Safari/537.36
--------------------------------------------------------------------------------
[2025-09-15 10:00:42] [CUSTOM] [::1] Database connection established successfully
Context: {
    "host": "localhost",
    "database": "voting_system"
}
Request URI: /voting-system/admin/admin.php?page=candidates
User Agent: Mozilla/5.0 (Windows NT 10.0; Win64; x64) AppleWebKit/537.36 (KHTML, like Gecko) Chrome/140.0.0.0 Safari/537.36
--------------------------------------------------------------------------------
[2025-09-15 10:00:42] [CUSTOM] [::1] Database connection established successfully
Context: {
    "host": "localhost",
    "database": "voting_system"
}
Request URI: /voting-system/admin/admin.php?page=candidates
User Agent: Mozilla/5.0 (Windows NT 10.0; Win64; x64) AppleWebKit/537.36 (KHTML, like Gecko) Chrome/140.0.0.0 Safari/537.36
--------------------------------------------------------------------------------
[2025-09-15 10:00:42] [CUSTOM] [::1] Database connection established successfully
Context: {
    "host": "localhost",
    "database": "voting_system"
}
Request URI: /voting-system/admin/admin.php?page=candidates
User Agent: Mozilla/5.0 (Windows NT 10.0; Win64; x64) AppleWebKit/537.36 (KHTML, like Gecko) Chrome/140.0.0.0 Safari/537.36
--------------------------------------------------------------------------------
[2025-09-15 10:00:48] [CUSTOM] [::1] Database connection established successfully
Context: {
    "host": "localhost",
    "database": "voting_system"
}
Request URI: /voting-system/admin/admin.php?page=electionStatus
User Agent: Mozilla/5.0 (Windows NT 10.0; Win64; x64) AppleWebKit/537.36 (KHTML, like Gecko) Chrome/140.0.0.0 Safari/537.36
--------------------------------------------------------------------------------
[2025-09-15 10:00:48] [CUSTOM] [::1] Database connection established successfully
Context: {
    "host": "localhost",
    "database": "voting_system"
}
Request URI: /voting-system/admin/admin.php?page=electionStatus
User Agent: Mozilla/5.0 (Windows NT 10.0; Win64; x64) AppleWebKit/537.36 (KHTML, like Gecko) Chrome/140.0.0.0 Safari/537.36
--------------------------------------------------------------------------------
[2025-09-15 10:00:48] [CUSTOM] [::1] Database connection established successfully
Context: {
    "host": "localhost",
    "database": "voting_system"
}
Request URI: /voting-system/admin/admin.php?page=electionStatus
User Agent: Mozilla/5.0 (Windows NT 10.0; Win64; x64) AppleWebKit/537.36 (KHTML, like Gecko) Chrome/140.0.0.0 Safari/537.36
--------------------------------------------------------------------------------
[2025-09-15 10:00:48] [CUSTOM] [::1] Database connection established successfully
Context: {
    "host": "localhost",
    "database": "voting_system"
}
Request URI: /voting-system/admin/admin.php?page=electionStatus
User Agent: Mozilla/5.0 (Windows NT 10.0; Win64; x64) AppleWebKit/537.36 (KHTML, like Gecko) Chrome/140.0.0.0 Safari/537.36
--------------------------------------------------------------------------------
[2025-09-15 10:03:59] [CUSTOM] [::1] Database connection established successfully
Context: {
    "host": "localhost",
    "database": "voting_system"
}
Request URI: /voting-system/admin/admin.php?page=electionStatus
User Agent: Mozilla/5.0 (Windows NT 10.0; Win64; x64) AppleWebKit/537.36 (KHTML, like Gecko) Chrome/140.0.0.0 Safari/537.36
--------------------------------------------------------------------------------
[2025-09-15 10:03:59] [CUSTOM] [::1] Database connection established successfully
Context: {
    "host": "localhost",
    "database": "voting_system"
}
Request URI: /voting-system/admin/admin.php?page=electionStatus
User Agent: Mozilla/5.0 (Windows NT 10.0; Win64; x64) AppleWebKit/537.36 (KHTML, like Gecko) Chrome/140.0.0.0 Safari/537.36
--------------------------------------------------------------------------------
[2025-09-15 10:03:59] [CUSTOM] [::1] Database connection established successfully
Context: {
    "host": "localhost",
    "database": "voting_system"
}
Request URI: /voting-system/admin/admin.php?page=electionStatus
User Agent: Mozilla/5.0 (Windows NT 10.0; Win64; x64) AppleWebKit/537.36 (KHTML, like Gecko) Chrome/140.0.0.0 Safari/537.36
--------------------------------------------------------------------------------
[2025-09-15 10:03:59] [CUSTOM] [::1] Database connection established successfully
Context: {
    "host": "localhost",
    "database": "voting_system"
}
Request URI: /voting-system/admin/admin.php?page=electionStatus
User Agent: Mozilla/5.0 (Windows NT 10.0; Win64; x64) AppleWebKit/537.36 (KHTML, like Gecko) Chrome/140.0.0.0 Safari/537.36
--------------------------------------------------------------------------------
[2025-09-15 10:04:06] [CUSTOM] [::1] Database connection established successfully
Context: {
    "host": "localhost",
    "database": "voting_system"
}
Request URI: /voting-system/admin/admin.php?page=electionStatus
User Agent: Mozilla/5.0 (Windows NT 10.0; Win64; x64) AppleWebKit/537.36 (KHTML, like Gecko) Chrome/140.0.0.0 Safari/537.36
--------------------------------------------------------------------------------
[2025-09-15 10:04:06] [CUSTOM] [::1] Database connection established successfully
Context: {
    "host": "localhost",
    "database": "voting_system"
}
Request URI: /voting-system/admin/admin.php?page=electionStatus
User Agent: Mozilla/5.0 (Windows NT 10.0; Win64; x64) AppleWebKit/537.36 (KHTML, like Gecko) Chrome/140.0.0.0 Safari/537.36
--------------------------------------------------------------------------------
[2025-09-15 10:04:06] [CUSTOM] [::1] Database connection established successfully
Context: {
    "host": "localhost",
    "database": "voting_system"
}
Request URI: /voting-system/admin/admin.php?page=electionStatus
User Agent: Mozilla/5.0 (Windows NT 10.0; Win64; x64) AppleWebKit/537.36 (KHTML, like Gecko) Chrome/140.0.0.0 Safari/537.36
--------------------------------------------------------------------------------
[2025-09-15 10:04:06] [CUSTOM] [::1] Database connection established successfully
Context: {
    "host": "localhost",
    "database": "voting_system"
}
Request URI: /voting-system/admin/admin.php?page=electionStatus
User Agent: Mozilla/5.0 (Windows NT 10.0; Win64; x64) AppleWebKit/537.36 (KHTML, like Gecko) Chrome/140.0.0.0 Safari/537.36
--------------------------------------------------------------------------------
[2025-09-15 10:04:07] [CUSTOM] [::1] Database connection established successfully
Context: {
    "host": "localhost",
    "database": "voting_system"
}
Request URI: /voting-system/admin/admin.php?page=electionStatus
User Agent: Mozilla/5.0 (Windows NT 10.0; Win64; x64) AppleWebKit/537.36 (KHTML, like Gecko) Chrome/140.0.0.0 Safari/537.36
--------------------------------------------------------------------------------
[2025-09-15 10:04:07] [CUSTOM] [::1] Database connection established successfully
Context: {
    "host": "localhost",
    "database": "voting_system"
}
Request URI: /voting-system/admin/admin.php?page=electionStatus
User Agent: Mozilla/5.0 (Windows NT 10.0; Win64; x64) AppleWebKit/537.36 (KHTML, like Gecko) Chrome/140.0.0.0 Safari/537.36
--------------------------------------------------------------------------------
[2025-09-15 10:04:07] [CUSTOM] [::1] Database connection established successfully
Context: {
    "host": "localhost",
    "database": "voting_system"
}
Request URI: /voting-system/admin/admin.php?page=electionStatus
User Agent: Mozilla/5.0 (Windows NT 10.0; Win64; x64) AppleWebKit/537.36 (KHTML, like Gecko) Chrome/140.0.0.0 Safari/537.36
--------------------------------------------------------------------------------
[2025-09-15 10:04:07] [CUSTOM] [::1] Database connection established successfully
Context: {
    "host": "localhost",
    "database": "voting_system"
}
Request URI: /voting-system/admin/admin.php?page=electionStatus
User Agent: Mozilla/5.0 (Windows NT 10.0; Win64; x64) AppleWebKit/537.36 (KHTML, like Gecko) Chrome/140.0.0.0 Safari/537.36
--------------------------------------------------------------------------------
[2025-09-15 10:04:07] [CUSTOM] [::1] Database connection established successfully
Context: {
    "host": "localhost",
    "database": "voting_system"
}
Request URI: /voting-system/admin/admin.php?page=electionStatus
User Agent: Mozilla/5.0 (Windows NT 10.0; Win64; x64) AppleWebKit/537.36 (KHTML, like Gecko) Chrome/140.0.0.0 Safari/537.36
--------------------------------------------------------------------------------
[2025-09-15 10:04:07] [CUSTOM] [::1] Database connection established successfully
Context: {
    "host": "localhost",
    "database": "voting_system"
}
Request URI: /voting-system/admin/admin.php?page=electionStatus
User Agent: Mozilla/5.0 (Windows NT 10.0; Win64; x64) AppleWebKit/537.36 (KHTML, like Gecko) Chrome/140.0.0.0 Safari/537.36
--------------------------------------------------------------------------------
[2025-09-15 10:04:07] [CUSTOM] [::1] Database connection established successfully
Context: {
    "host": "localhost",
    "database": "voting_system"
}
Request URI: /voting-system/admin/admin.php?page=electionStatus
User Agent: Mozilla/5.0 (Windows NT 10.0; Win64; x64) AppleWebKit/537.36 (KHTML, like Gecko) Chrome/140.0.0.0 Safari/537.36
--------------------------------------------------------------------------------
[2025-09-15 10:04:07] [CUSTOM] [::1] Database connection established successfully
Context: {
    "host": "localhost",
    "database": "voting_system"
}
Request URI: /voting-system/admin/admin.php?page=electionStatus
User Agent: Mozilla/5.0 (Windows NT 10.0; Win64; x64) AppleWebKit/537.36 (KHTML, like Gecko) Chrome/140.0.0.0 Safari/537.36
--------------------------------------------------------------------------------
[2025-09-15 10:04:07] [CUSTOM] [::1] Database connection established successfully
Context: {
    "host": "localhost",
    "database": "voting_system"
}
Request URI: /voting-system/admin/admin.php?page=electionStatus
User Agent: Mozilla/5.0 (Windows NT 10.0; Win64; x64) AppleWebKit/537.36 (KHTML, like Gecko) Chrome/140.0.0.0 Safari/537.36
--------------------------------------------------------------------------------
[2025-09-15 10:04:07] [CUSTOM] [::1] Database connection established successfully
Context: {
    "host": "localhost",
    "database": "voting_system"
}
Request URI: /voting-system/admin/admin.php?page=electionStatus
User Agent: Mozilla/5.0 (Windows NT 10.0; Win64; x64) AppleWebKit/537.36 (KHTML, like Gecko) Chrome/140.0.0.0 Safari/537.36
--------------------------------------------------------------------------------
[2025-09-15 10:04:07] [CUSTOM] [::1] Database connection established successfully
Context: {
    "host": "localhost",
    "database": "voting_system"
}
Request URI: /voting-system/admin/admin.php?page=electionStatus
User Agent: Mozilla/5.0 (Windows NT 10.0; Win64; x64) AppleWebKit/537.36 (KHTML, like Gecko) Chrome/140.0.0.0 Safari/537.36
--------------------------------------------------------------------------------
[2025-09-15 10:04:07] [CUSTOM] [::1] Database connection established successfully
Context: {
    "host": "localhost",
    "database": "voting_system"
}
Request URI: /voting-system/admin/admin.php?page=electionStatus
User Agent: Mozilla/5.0 (Windows NT 10.0; Win64; x64) AppleWebKit/537.36 (KHTML, like Gecko) Chrome/140.0.0.0 Safari/537.36
--------------------------------------------------------------------------------
[2025-09-15 10:04:12] [CUSTOM] [::1] Database connection established successfully
Context: {
    "host": "localhost",
    "database": "voting_system"
}
Request URI: /voting-system/admin/admin.php?page=electionStatus
User Agent: Mozilla/5.0 (Windows NT 10.0; Win64; x64) AppleWebKit/537.36 (KHTML, like Gecko) Chrome/140.0.0.0 Safari/537.36
--------------------------------------------------------------------------------
[2025-09-15 10:04:12] [CUSTOM] [::1] Database connection established successfully
Context: {
    "host": "localhost",
    "database": "voting_system"
}
Request URI: /voting-system/admin/admin.php?page=electionStatus
User Agent: Mozilla/5.0 (Windows NT 10.0; Win64; x64) AppleWebKit/537.36 (KHTML, like Gecko) Chrome/140.0.0.0 Safari/537.36
--------------------------------------------------------------------------------
[2025-09-15 10:04:12] [CUSTOM] [::1] Database connection established successfully
Context: {
    "host": "localhost",
    "database": "voting_system"
}
Request URI: /voting-system/admin/admin.php?page=electionStatus
User Agent: Mozilla/5.0 (Windows NT 10.0; Win64; x64) AppleWebKit/537.36 (KHTML, like Gecko) Chrome/140.0.0.0 Safari/537.36
--------------------------------------------------------------------------------
[2025-09-15 10:04:12] [CUSTOM] [::1] Database connection established successfully
Context: {
    "host": "localhost",
    "database": "voting_system"
}
Request URI: /voting-system/admin/admin.php?page=electionStatus
User Agent: Mozilla/5.0 (Windows NT 10.0; Win64; x64) AppleWebKit/537.36 (KHTML, like Gecko) Chrome/140.0.0.0 Safari/537.36
--------------------------------------------------------------------------------
[2025-09-15 10:04:27] [CUSTOM] [::1] Database connection established successfully
Context: {
    "host": "localhost",
    "database": "voting_system"
}
Request URI: /voting-system/admin/admin.php?page=candidates
User Agent: Mozilla/5.0 (Windows NT 10.0; Win64; x64) AppleWebKit/537.36 (KHTML, like Gecko) Chrome/140.0.0.0 Safari/537.36
--------------------------------------------------------------------------------
[2025-09-15 10:04:27] [CUSTOM] [::1] Database connection established successfully
Context: {
    "host": "localhost",
    "database": "voting_system"
}
Request URI: /voting-system/admin/admin.php?page=candidates
User Agent: Mozilla/5.0 (Windows NT 10.0; Win64; x64) AppleWebKit/537.36 (KHTML, like Gecko) Chrome/140.0.0.0 Safari/537.36
--------------------------------------------------------------------------------
[2025-09-15 10:04:27] [CUSTOM] [::1] Database connection established successfully
Context: {
    "host": "localhost",
    "database": "voting_system"
}
Request URI: /voting-system/admin/admin.php?page=candidates
User Agent: Mozilla/5.0 (Windows NT 10.0; Win64; x64) AppleWebKit/537.36 (KHTML, like Gecko) Chrome/140.0.0.0 Safari/537.36
--------------------------------------------------------------------------------
[2025-09-15 10:04:28] [CUSTOM] [::1] Database connection established successfully
Context: {
    "host": "localhost",
    "database": "voting_system"
}
Request URI: /voting-system/admin/admin.php?page=applications
User Agent: Mozilla/5.0 (Windows NT 10.0; Win64; x64) AppleWebKit/537.36 (KHTML, like Gecko) Chrome/140.0.0.0 Safari/537.36
--------------------------------------------------------------------------------
[2025-09-15 10:04:28] [CUSTOM] [::1] Database connection established successfully
Context: {
    "host": "localhost",
    "database": "voting_system"
}
Request URI: /voting-system/admin/admin.php?page=applications
User Agent: Mozilla/5.0 (Windows NT 10.0; Win64; x64) AppleWebKit/537.36 (KHTML, like Gecko) Chrome/140.0.0.0 Safari/537.36
--------------------------------------------------------------------------------
[2025-09-15 10:04:28] [CUSTOM] [::1] Database connection established successfully
Context: {
    "host": "localhost",
    "database": "voting_system"
}
Request URI: /voting-system/admin/admin.php?page=applications
User Agent: Mozilla/5.0 (Windows NT 10.0; Win64; x64) AppleWebKit/537.36 (KHTML, like Gecko) Chrome/140.0.0.0 Safari/537.36
--------------------------------------------------------------------------------
[2025-09-15 10:04:28] [CUSTOM] [::1] Database connection established successfully
Context: {
    "host": "localhost",
    "database": "voting_system"
}
Request URI: /voting-system/admin/admin.php?page=voteHistory
User Agent: Mozilla/5.0 (Windows NT 10.0; Win64; x64) AppleWebKit/537.36 (KHTML, like Gecko) Chrome/140.0.0.0 Safari/537.36
--------------------------------------------------------------------------------
[2025-09-15 10:04:28] [CUSTOM] [::1] Database connection established successfully
Context: {
    "host": "localhost",
    "database": "voting_system"
}
Request URI: /voting-system/admin/admin.php?page=voteHistory
User Agent: Mozilla/5.0 (Windows NT 10.0; Win64; x64) AppleWebKit/537.36 (KHTML, like Gecko) Chrome/140.0.0.0 Safari/537.36
--------------------------------------------------------------------------------
[2025-09-15 10:04:28] [CUSTOM] [::1] Database connection established successfully
Context: {
    "host": "localhost",
    "database": "voting_system"
}
Request URI: /voting-system/admin/admin.php?page=voteHistory
User Agent: Mozilla/5.0 (Windows NT 10.0; Win64; x64) AppleWebKit/537.36 (KHTML, like Gecko) Chrome/140.0.0.0 Safari/537.36
--------------------------------------------------------------------------------
[2025-09-15 10:04:28] [EXCEPTION] [::1] voteHistory.php:80 - mysqli_num_rows(): Argument #1 ($result) must be of type mysqli_result, bool given
Stack Trace:
#0 D:\OFFICE\TpotsProject\www\voting-system\admin\content\voteHistory.php(80): mysqli_num_rows(false)
#1 D:\OFFICE\TpotsProject\www\voting-system\admin\admin.php(310): include('D:\\OFFICE\\Tpots...')
#2 {main}
Request URI: /voting-system/admin/admin.php?page=voteHistory
User Agent: Mozilla/5.0 (Windows NT 10.0; Win64; x64) AppleWebKit/537.36 (KHTML, like Gecko) Chrome/140.0.0.0 Safari/537.36
--------------------------------------------------------------------------------
[2025-09-15 10:04:29] [CUSTOM] [::1] Database connection established successfully
Context: {
    "host": "localhost",
    "database": "voting_system"
}
Request URI: /voting-system/admin/admin.php?page=analytics
User Agent: Mozilla/5.0 (Windows NT 10.0; Win64; x64) AppleWebKit/537.36 (KHTML, like Gecko) Chrome/140.0.0.0 Safari/537.36
--------------------------------------------------------------------------------
[2025-09-15 10:04:29] [CUSTOM] [::1] Database connection established successfully
Context: {
    "host": "localhost",
    "database": "voting_system"
}
Request URI: /voting-system/admin/admin.php?page=analytics
User Agent: Mozilla/5.0 (Windows NT 10.0; Win64; x64) AppleWebKit/537.36 (KHTML, like Gecko) Chrome/140.0.0.0 Safari/537.36
--------------------------------------------------------------------------------
[2025-09-15 10:04:29] [CUSTOM] [::1] Database connection established successfully
Context: {
    "host": "localhost",
    "database": "voting_system"
}
Request URI: /voting-system/admin/admin.php?page=analytics
User Agent: Mozilla/5.0 (Windows NT 10.0; Win64; x64) AppleWebKit/537.36 (KHTML, like Gecko) Chrome/140.0.0.0 Safari/537.36
--------------------------------------------------------------------------------
[2025-09-15 10:04:29] [EXCEPTION] [::1] analytics.php:150 - mysqli_fetch_assoc(): Argument #1 ($result) must be of type mysqli_result, bool given
Stack Trace:
#0 D:\OFFICE\TpotsProject\www\voting-system\admin\content\analytics.php(150): mysqli_fetch_assoc(false)
#1 D:\OFFICE\TpotsProject\www\voting-system\admin\admin.php(310): include('D:\\OFFICE\\Tpots...')
#2 {main}
Request URI: /voting-system/admin/admin.php?page=analytics
User Agent: Mozilla/5.0 (Windows NT 10.0; Win64; x64) AppleWebKit/537.36 (KHTML, like Gecko) Chrome/140.0.0.0 Safari/537.36
--------------------------------------------------------------------------------
[2025-09-15 10:04:30] [CUSTOM] [::1] Database connection established successfully
Context: {
    "host": "localhost",
    "database": "voting_system"
}
Request URI: /voting-system/admin/admin.php?page=analytics
User Agent: Mozilla/5.0 (Windows NT 10.0; Win64; x64) AppleWebKit/537.36 (KHTML, like Gecko) Chrome/140.0.0.0 Safari/537.36
--------------------------------------------------------------------------------
[2025-09-15 10:04:30] [CUSTOM] [::1] Database connection established successfully
Context: {
    "host": "localhost",
    "database": "voting_system"
}
Request URI: /voting-system/admin/admin.php?page=analytics
User Agent: Mozilla/5.0 (Windows NT 10.0; Win64; x64) AppleWebKit/537.36 (KHTML, like Gecko) Chrome/140.0.0.0 Safari/537.36
--------------------------------------------------------------------------------
[2025-09-15 10:04:30] [CUSTOM] [::1] Database connection established successfully
Context: {
    "host": "localhost",
    "database": "voting_system"
}
Request URI: /voting-system/admin/admin.php?page=analytics
User Agent: Mozilla/5.0 (Windows NT 10.0; Win64; x64) AppleWebKit/537.36 (KHTML, like Gecko) Chrome/140.0.0.0 Safari/537.36
--------------------------------------------------------------------------------
[2025-09-15 10:04:30] [EXCEPTION] [::1] analytics.php:150 - mysqli_fetch_assoc(): Argument #1 ($result) must be of type mysqli_result, bool given
Stack Trace:
#0 D:\OFFICE\TpotsProject\www\voting-system\admin\content\analytics.php(150): mysqli_fetch_assoc(false)
#1 D:\OFFICE\TpotsProject\www\voting-system\admin\admin.php(310): include('D:\\OFFICE\\Tpots...')
#2 {main}
Request URI: /voting-system/admin/admin.php?page=analytics
User Agent: Mozilla/5.0 (Windows NT 10.0; Win64; x64) AppleWebKit/537.36 (KHTML, like Gecko) Chrome/140.0.0.0 Safari/537.36
--------------------------------------------------------------------------------
[2025-09-15 10:04:30] [CUSTOM] [::1] Database connection established successfully
Context: {
    "host": "localhost",
    "database": "voting_system"
}
Request URI: /voting-system/admin/admin.php?page=userManagement
User Agent: Mozilla/5.0 (Windows NT 10.0; Win64; x64) AppleWebKit/537.36 (KHTML, like Gecko) Chrome/140.0.0.0 Safari/537.36
--------------------------------------------------------------------------------
[2025-09-15 10:04:30] [CUSTOM] [::1] Database connection established successfully
Context: {
    "host": "localhost",
    "database": "voting_system"
}
Request URI: /voting-system/admin/admin.php?page=userManagement
User Agent: Mozilla/5.0 (Windows NT 10.0; Win64; x64) AppleWebKit/537.36 (KHTML, like Gecko) Chrome/140.0.0.0 Safari/537.36
--------------------------------------------------------------------------------
[2025-09-15 10:04:30] [CUSTOM] [::1] Database connection established successfully
Context: {
    "host": "localhost",
    "database": "voting_system"
}
Request URI: /voting-system/admin/admin.php?page=userManagement
User Agent: Mozilla/5.0 (Windows NT 10.0; Win64; x64) AppleWebKit/537.36 (KHTML, like Gecko) Chrome/140.0.0.0 Safari/537.36
--------------------------------------------------------------------------------
[2025-09-15 10:04:31] [CUSTOM] [::1] Database connection established successfully
Context: {
    "host": "localhost",
    "database": "voting_system"
}
Request URI: /voting-system/admin/admin.php?page=voteHistory
User Agent: Mozilla/5.0 (Windows NT 10.0; Win64; x64) AppleWebKit/537.36 (KHTML, like Gecko) Chrome/140.0.0.0 Safari/537.36
--------------------------------------------------------------------------------
[2025-09-15 10:04:31] [CUSTOM] [::1] Database connection established successfully
Context: {
    "host": "localhost",
    "database": "voting_system"
}
Request URI: /voting-system/admin/admin.php?page=voteHistory
User Agent: Mozilla/5.0 (Windows NT 10.0; Win64; x64) AppleWebKit/537.36 (KHTML, like Gecko) Chrome/140.0.0.0 Safari/537.36
--------------------------------------------------------------------------------
[2025-09-15 10:04:31] [CUSTOM] [::1] Database connection established successfully
Context: {
    "host": "localhost",
    "database": "voting_system"
}
Request URI: /voting-system/admin/admin.php?page=voteHistory
User Agent: Mozilla/5.0 (Windows NT 10.0; Win64; x64) AppleWebKit/537.36 (KHTML, like Gecko) Chrome/140.0.0.0 Safari/537.36
--------------------------------------------------------------------------------
[2025-09-15 10:04:31] [EXCEPTION] [::1] voteHistory.php:80 - mysqli_num_rows(): Argument #1 ($result) must be of type mysqli_result, bool given
Stack Trace:
#0 D:\OFFICE\TpotsProject\www\voting-system\admin\content\voteHistory.php(80): mysqli_num_rows(false)
#1 D:\OFFICE\TpotsProject\www\voting-system\admin\admin.php(310): include('D:\\OFFICE\\Tpots...')
#2 {main}
Request URI: /voting-system/admin/admin.php?page=voteHistory
User Agent: Mozilla/5.0 (Windows NT 10.0; Win64; x64) AppleWebKit/537.36 (KHTML, like Gecko) Chrome/140.0.0.0 Safari/537.36
--------------------------------------------------------------------------------
[2025-09-15 10:04:31] [CUSTOM] [::1] Database connection established successfully
Context: {
    "host": "localhost",
    "database": "voting_system"
}
Request URI: /voting-system/admin/admin.php?page=userManagement
User Agent: Mozilla/5.0 (Windows NT 10.0; Win64; x64) AppleWebKit/537.36 (KHTML, like Gecko) Chrome/140.0.0.0 Safari/537.36
--------------------------------------------------------------------------------
[2025-09-15 10:04:31] [CUSTOM] [::1] Database connection established successfully
Context: {
    "host": "localhost",
    "database": "voting_system"
}
Request URI: /voting-system/admin/admin.php?page=userManagement
User Agent: Mozilla/5.0 (Windows NT 10.0; Win64; x64) AppleWebKit/537.36 (KHTML, like Gecko) Chrome/140.0.0.0 Safari/537.36
--------------------------------------------------------------------------------
[2025-09-15 10:04:31] [CUSTOM] [::1] Database connection established successfully
Context: {
    "host": "localhost",
    "database": "voting_system"
}
Request URI: /voting-system/admin/admin.php?page=userManagement
User Agent: Mozilla/5.0 (Windows NT 10.0; Win64; x64) AppleWebKit/537.36 (KHTML, like Gecko) Chrome/140.0.0.0 Safari/537.36
--------------------------------------------------------------------------------
[2025-09-15 10:04:32] [CUSTOM] [::1] Database connection established successfully
Context: {
    "host": "localhost",
    "database": "voting_system"
}
Request URI: /voting-system/admin/admin.php?page=errorLogs
User Agent: Mozilla/5.0 (Windows NT 10.0; Win64; x64) AppleWebKit/537.36 (KHTML, like Gecko) Chrome/140.0.0.0 Safari/537.36
--------------------------------------------------------------------------------
[2025-09-15 10:04:32] [CUSTOM] [::1] Database connection established successfully
Context: {
    "host": "localhost",
    "database": "voting_system"
}
Request URI: /voting-system/admin/admin.php?page=errorLogs
User Agent: Mozilla/5.0 (Windows NT 10.0; Win64; x64) AppleWebKit/537.36 (KHTML, like Gecko) Chrome/140.0.0.0 Safari/537.36
--------------------------------------------------------------------------------
[2025-09-15 10:04:32] [CUSTOM] [::1] Database connection established successfully
Context: {
    "host": "localhost",
    "database": "voting_system"
}
Request URI: /voting-system/admin/admin.php?page=errorLogs
User Agent: Mozilla/5.0 (Windows NT 10.0; Win64; x64) AppleWebKit/537.36 (KHTML, like Gecko) Chrome/140.0.0.0 Safari/537.36
--------------------------------------------------------------------------------
[2025-09-15 10:04:32] [CUSTOM] [::1] Database connection established successfully
Context: {
    "host": "localhost",
    "database": "voting_system"
}
Request URI: /voting-system/admin/admin.php?page=candidates
User Agent: Mozilla/5.0 (Windows NT 10.0; Win64; x64) AppleWebKit/537.36 (KHTML, like Gecko) Chrome/140.0.0.0 Safari/537.36
--------------------------------------------------------------------------------
[2025-09-15 10:04:32] [CUSTOM] [::1] Database connection established successfully
Context: {
    "host": "localhost",
    "database": "voting_system"
}
Request URI: /voting-system/admin/admin.php?page=candidates
User Agent: Mozilla/5.0 (Windows NT 10.0; Win64; x64) AppleWebKit/537.36 (KHTML, like Gecko) Chrome/140.0.0.0 Safari/537.36
--------------------------------------------------------------------------------
[2025-09-15 10:04:32] [CUSTOM] [::1] Database connection established successfully
Context: {
    "host": "localhost",
    "database": "voting_system"
}
Request URI: /voting-system/admin/admin.php?page=candidates
User Agent: Mozilla/5.0 (Windows NT 10.0; Win64; x64) AppleWebKit/537.36 (KHTML, like Gecko) Chrome/140.0.0.0 Safari/537.36
--------------------------------------------------------------------------------
[2025-09-15 10:04:33] [CUSTOM] [::1] Database connection established successfully
Context: {
    "host": "localhost",
    "database": "voting_system"
}
Request URI: /voting-system/admin/admin.php?page=electionStatus
User Agent: Mozilla/5.0 (Windows NT 10.0; Win64; x64) AppleWebKit/537.36 (KHTML, like Gecko) Chrome/140.0.0.0 Safari/537.36
--------------------------------------------------------------------------------
[2025-09-15 10:04:33] [CUSTOM] [::1] Database connection established successfully
Context: {
    "host": "localhost",
    "database": "voting_system"
}
Request URI: /voting-system/admin/admin.php?page=electionStatus
User Agent: Mozilla/5.0 (Windows NT 10.0; Win64; x64) AppleWebKit/537.36 (KHTML, like Gecko) Chrome/140.0.0.0 Safari/537.36
--------------------------------------------------------------------------------
[2025-09-15 10:04:33] [CUSTOM] [::1] Database connection established successfully
Context: {
    "host": "localhost",
    "database": "voting_system"
}
Request URI: /voting-system/admin/admin.php?page=electionStatus
User Agent: Mozilla/5.0 (Windows NT 10.0; Win64; x64) AppleWebKit/537.36 (KHTML, like Gecko) Chrome/140.0.0.0 Safari/537.36
--------------------------------------------------------------------------------
[2025-09-15 10:04:33] [CUSTOM] [::1] Database connection established successfully
Context: {
    "host": "localhost",
    "database": "voting_system"
}
Request URI: /voting-system/admin/admin.php?page=electionStatus
User Agent: Mozilla/5.0 (Windows NT 10.0; Win64; x64) AppleWebKit/537.36 (KHTML, like Gecko) Chrome/140.0.0.0 Safari/537.36
--------------------------------------------------------------------------------
[2025-09-15 10:04:33] [CUSTOM] [::1] Database connection established successfully
Context: {
    "host": "localhost",
    "database": "voting_system"
}
Request URI: /voting-system/admin/admin.php?page=dashboard
User Agent: Mozilla/5.0 (Windows NT 10.0; Win64; x64) AppleWebKit/537.36 (KHTML, like Gecko) Chrome/140.0.0.0 Safari/537.36
--------------------------------------------------------------------------------
[2025-09-15 10:04:33] [CUSTOM] [::1] Database connection established successfully
Context: {
    "host": "localhost",
    "database": "voting_system"
}
Request URI: /voting-system/admin/admin.php?page=dashboard
User Agent: Mozilla/5.0 (Windows NT 10.0; Win64; x64) AppleWebKit/537.36 (KHTML, like Gecko) Chrome/140.0.0.0 Safari/537.36
--------------------------------------------------------------------------------
[2025-09-15 10:04:33] [CUSTOM] [::1] Database connection established successfully
Context: {
    "host": "localhost",
    "database": "voting_system"
}
Request URI: /voting-system/admin/admin.php?page=dashboard
User Agent: Mozilla/5.0 (Windows NT 10.0; Win64; x64) AppleWebKit/537.36 (KHTML, like Gecko) Chrome/140.0.0.0 Safari/537.36
--------------------------------------------------------------------------------
[2025-09-15 10:04:34] [CUSTOM] [::1] Database connection established successfully
Context: {
    "host": "localhost",
    "database": "voting_system"
}
Request URI: /voting-system/admin/admin.php?page=candidates
User Agent: Mozilla/5.0 (Windows NT 10.0; Win64; x64) AppleWebKit/537.36 (KHTML, like Gecko) Chrome/140.0.0.0 Safari/537.36
--------------------------------------------------------------------------------
[2025-09-15 10:04:34] [CUSTOM] [::1] Database connection established successfully
Context: {
    "host": "localhost",
    "database": "voting_system"
}
Request URI: /voting-system/admin/admin.php?page=candidates
User Agent: Mozilla/5.0 (Windows NT 10.0; Win64; x64) AppleWebKit/537.36 (KHTML, like Gecko) Chrome/140.0.0.0 Safari/537.36
--------------------------------------------------------------------------------
[2025-09-15 10:04:34] [CUSTOM] [::1] Database connection established successfully
Context: {
    "host": "localhost",
    "database": "voting_system"
}
Request URI: /voting-system/admin/admin.php?page=candidates
User Agent: Mozilla/5.0 (Windows NT 10.0; Win64; x64) AppleWebKit/537.36 (KHTML, like Gecko) Chrome/140.0.0.0 Safari/537.36
--------------------------------------------------------------------------------
[2025-09-15 10:04:35] [CUSTOM] [::1] Database connection established successfully
Context: {
    "host": "localhost",
    "database": "voting_system"
}
Request URI: /voting-system/admin/admin.php?page=electionStatus
User Agent: Mozilla/5.0 (Windows NT 10.0; Win64; x64) AppleWebKit/537.36 (KHTML, like Gecko) Chrome/140.0.0.0 Safari/537.36
--------------------------------------------------------------------------------
[2025-09-15 10:04:35] [CUSTOM] [::1] Database connection established successfully
Context: {
    "host": "localhost",
    "database": "voting_system"
}
Request URI: /voting-system/admin/admin.php?page=electionStatus
User Agent: Mozilla/5.0 (Windows NT 10.0; Win64; x64) AppleWebKit/537.36 (KHTML, like Gecko) Chrome/140.0.0.0 Safari/537.36
--------------------------------------------------------------------------------
[2025-09-15 10:04:35] [CUSTOM] [::1] Database connection established successfully
Context: {
    "host": "localhost",
    "database": "voting_system"
}
Request URI: /voting-system/admin/admin.php?page=electionStatus
User Agent: Mozilla/5.0 (Windows NT 10.0; Win64; x64) AppleWebKit/537.36 (KHTML, like Gecko) Chrome/140.0.0.0 Safari/537.36
--------------------------------------------------------------------------------
[2025-09-15 10:04:35] [CUSTOM] [::1] Database connection established successfully
Context: {
    "host": "localhost",
    "database": "voting_system"
}
Request URI: /voting-system/admin/admin.php?page=electionStatus
User Agent: Mozilla/5.0 (Windows NT 10.0; Win64; x64) AppleWebKit/537.36 (KHTML, like Gecko) Chrome/140.0.0.0 Safari/537.36
--------------------------------------------------------------------------------
[2025-09-15 10:04:38] [CUSTOM] [::1] Database connection established successfully
Context: {
    "host": "localhost",
    "database": "voting_system"
}
Request URI: /voting-system/admin/admin.php?page=electionStatus
User Agent: Mozilla/5.0 (Windows NT 10.0; Win64; x64) AppleWebKit/537.36 (KHTML, like Gecko) Chrome/140.0.0.0 Safari/537.36
--------------------------------------------------------------------------------
[2025-09-15 10:04:38] [CUSTOM] [::1] Database connection established successfully
Context: {
    "host": "localhost",
    "database": "voting_system"
}
Request URI: /voting-system/admin/admin.php?page=electionStatus
User Agent: Mozilla/5.0 (Windows NT 10.0; Win64; x64) AppleWebKit/537.36 (KHTML, like Gecko) Chrome/140.0.0.0 Safari/537.36
--------------------------------------------------------------------------------
[2025-09-15 10:04:38] [CUSTOM] [::1] Database connection established successfully
Context: {
    "host": "localhost",
    "database": "voting_system"
}
Request URI: /voting-system/admin/admin.php?page=electionStatus
User Agent: Mozilla/5.0 (Windows NT 10.0; Win64; x64) AppleWebKit/537.36 (KHTML, like Gecko) Chrome/140.0.0.0 Safari/537.36
--------------------------------------------------------------------------------
[2025-09-15 10:04:38] [CUSTOM] [::1] Database connection established successfully
Context: {
    "host": "localhost",
    "database": "voting_system"
}
Request URI: /voting-system/admin/admin.php?page=electionStatus
User Agent: Mozilla/5.0 (Windows NT 10.0; Win64; x64) AppleWebKit/537.36 (KHTML, like Gecko) Chrome/140.0.0.0 Safari/537.36
--------------------------------------------------------------------------------
[2025-09-15 10:04:49] [CUSTOM] [::1] Database connection established successfully
Context: {
    "host": "localhost",
    "database": "voting_system"
}
Request URI: /voting-system/admin/admin.php?page=electionStatus
User Agent: Mozilla/5.0 (Windows NT 10.0; Win64; x64) AppleWebKit/537.36 (KHTML, like Gecko) Chrome/140.0.0.0 Safari/537.36
--------------------------------------------------------------------------------
[2025-09-15 10:04:49] [CUSTOM] [::1] Database connection established successfully
Context: {
    "host": "localhost",
    "database": "voting_system"
}
Request URI: /voting-system/admin/admin.php?page=electionStatus
User Agent: Mozilla/5.0 (Windows NT 10.0; Win64; x64) AppleWebKit/537.36 (KHTML, like Gecko) Chrome/140.0.0.0 Safari/537.36
--------------------------------------------------------------------------------
[2025-09-15 10:04:49] [CUSTOM] [::1] Database connection established successfully
Context: {
    "host": "localhost",
    "database": "voting_system"
}
Request URI: /voting-system/admin/admin.php?page=electionStatus
User Agent: Mozilla/5.0 (Windows NT 10.0; Win64; x64) AppleWebKit/537.36 (KHTML, like Gecko) Chrome/140.0.0.0 Safari/537.36
--------------------------------------------------------------------------------
[2025-09-15 10:04:49] [CUSTOM] [::1] Database connection established successfully
Context: {
    "host": "localhost",
    "database": "voting_system"
}
Request URI: /voting-system/admin/admin.php?page=electionStatus
User Agent: Mozilla/5.0 (Windows NT 10.0; Win64; x64) AppleWebKit/537.36 (KHTML, like Gecko) Chrome/140.0.0.0 Safari/537.36
--------------------------------------------------------------------------------
[2025-09-15 10:05:13] [CUSTOM] [::1] Database connection established successfully
Context: {
    "host": "localhost",
    "database": "voting_system"
}
Request URI: /voting-system/admin/admin.php?page=electionStatus
User Agent: Mozilla/5.0 (Windows NT 10.0; Win64; x64) AppleWebKit/537.36 (KHTML, like Gecko) Chrome/140.0.0.0 Safari/537.36
--------------------------------------------------------------------------------
[2025-09-15 10:05:13] [CUSTOM] [::1] Database connection established successfully
Context: {
    "host": "localhost",
    "database": "voting_system"
}
Request URI: /voting-system/admin/admin.php?page=electionStatus
User Agent: Mozilla/5.0 (Windows NT 10.0; Win64; x64) AppleWebKit/537.36 (KHTML, like Gecko) Chrome/140.0.0.0 Safari/537.36
--------------------------------------------------------------------------------
[2025-09-15 10:05:13] [CUSTOM] [::1] Database connection established successfully
Context: {
    "host": "localhost",
    "database": "voting_system"
}
Request URI: /voting-system/admin/admin.php?page=electionStatus
User Agent: Mozilla/5.0 (Windows NT 10.0; Win64; x64) AppleWebKit/537.36 (KHTML, like Gecko) Chrome/140.0.0.0 Safari/537.36
--------------------------------------------------------------------------------
[2025-09-15 10:05:13] [CUSTOM] [::1] Database connection established successfully
Context: {
    "host": "localhost",
    "database": "voting_system"
}
Request URI: /voting-system/admin/admin.php?page=electionStatus
User Agent: Mozilla/5.0 (Windows NT 10.0; Win64; x64) AppleWebKit/537.36 (KHTML, like Gecko) Chrome/140.0.0.0 Safari/537.36
--------------------------------------------------------------------------------
[2025-09-15 10:05:25] [CUSTOM] [::1] Database connection established successfully
Context: {
    "host": "localhost",
    "database": "voting_system"
}
Request URI: /voting-system/admin/admin.php?page=electionStatus
User Agent: Mozilla/5.0 (Windows NT 10.0; Win64; x64) AppleWebKit/537.36 (KHTML, like Gecko) Chrome/140.0.0.0 Safari/537.36
--------------------------------------------------------------------------------
[2025-09-15 10:05:25] [CUSTOM] [::1] Database connection established successfully
Context: {
    "host": "localhost",
    "database": "voting_system"
}
Request URI: /voting-system/admin/admin.php?page=electionStatus
User Agent: Mozilla/5.0 (Windows NT 10.0; Win64; x64) AppleWebKit/537.36 (KHTML, like Gecko) Chrome/140.0.0.0 Safari/537.36
--------------------------------------------------------------------------------
[2025-09-15 10:05:25] [CUSTOM] [::1] Database connection established successfully
Context: {
    "host": "localhost",
    "database": "voting_system"
}
Request URI: /voting-system/admin/admin.php?page=electionStatus
User Agent: Mozilla/5.0 (Windows NT 10.0; Win64; x64) AppleWebKit/537.36 (KHTML, like Gecko) Chrome/140.0.0.0 Safari/537.36
--------------------------------------------------------------------------------
[2025-09-15 10:05:25] [CUSTOM] [::1] Database connection established successfully
Context: {
    "host": "localhost",
    "database": "voting_system"
}
Request URI: /voting-system/admin/admin.php?page=electionStatus
User Agent: Mozilla/5.0 (Windows NT 10.0; Win64; x64) AppleWebKit/537.36 (KHTML, like Gecko) Chrome/140.0.0.0 Safari/537.36
--------------------------------------------------------------------------------
[2025-09-15 10:05:37] [CUSTOM] [::1] Database connection established successfully
Context: {
    "host": "localhost",
    "database": "voting_system"
}
Request URI: /voting-system/admin/admin.php?page=electionStatus
User Agent: Mozilla/5.0 (Windows NT 10.0; Win64; x64) AppleWebKit/537.36 (KHTML, like Gecko) Chrome/140.0.0.0 Safari/537.36
--------------------------------------------------------------------------------
[2025-09-15 10:05:37] [CUSTOM] [::1] Database connection established successfully
Context: {
    "host": "localhost",
    "database": "voting_system"
}
Request URI: /voting-system/admin/admin.php?page=electionStatus
User Agent: Mozilla/5.0 (Windows NT 10.0; Win64; x64) AppleWebKit/537.36 (KHTML, like Gecko) Chrome/140.0.0.0 Safari/537.36
--------------------------------------------------------------------------------
[2025-09-15 10:05:37] [CUSTOM] [::1] Database connection established successfully
Context: {
    "host": "localhost",
    "database": "voting_system"
}
Request URI: /voting-system/admin/admin.php?page=electionStatus
User Agent: Mozilla/5.0 (Windows NT 10.0; Win64; x64) AppleWebKit/537.36 (KHTML, like Gecko) Chrome/140.0.0.0 Safari/537.36
--------------------------------------------------------------------------------
[2025-09-15 10:05:37] [CUSTOM] [::1] Database connection established successfully
Context: {
    "host": "localhost",
    "database": "voting_system"
}
Request URI: /voting-system/admin/admin.php?page=electionStatus
User Agent: Mozilla/5.0 (Windows NT 10.0; Win64; x64) AppleWebKit/537.36 (KHTML, like Gecko) Chrome/140.0.0.0 Safari/537.36
--------------------------------------------------------------------------------
[2025-09-15 10:05:37] [CUSTOM] [::1] Database connection established successfully
Context: {
    "host": "localhost",
    "database": "voting_system"
}
Request URI: /voting-system/admin/admin.php?page=electionStatus
User Agent: Mozilla/5.0 (Windows NT 10.0; Win64; x64) AppleWebKit/537.36 (KHTML, like Gecko) Chrome/140.0.0.0 Safari/537.36
--------------------------------------------------------------------------------
[2025-09-15 10:05:37] [CUSTOM] [::1] Database connection established successfully
Context: {
    "host": "localhost",
    "database": "voting_system"
}
Request URI: /voting-system/admin/admin.php?page=electionStatus
User Agent: Mozilla/5.0 (Windows NT 10.0; Win64; x64) AppleWebKit/537.36 (KHTML, like Gecko) Chrome/140.0.0.0 Safari/537.36
--------------------------------------------------------------------------------
[2025-09-15 10:05:37] [CUSTOM] [::1] Database connection established successfully
Context: {
    "host": "localhost",
    "database": "voting_system"
}
Request URI: /voting-system/admin/admin.php?page=electionStatus
User Agent: Mozilla/5.0 (Windows NT 10.0; Win64; x64) AppleWebKit/537.36 (KHTML, like Gecko) Chrome/140.0.0.0 Safari/537.36
--------------------------------------------------------------------------------
[2025-09-15 10:05:37] [CUSTOM] [::1] Database connection established successfully
Context: {
    "host": "localhost",
    "database": "voting_system"
}
Request URI: /voting-system/admin/admin.php?page=electionStatus
User Agent: Mozilla/5.0 (Windows NT 10.0; Win64; x64) AppleWebKit/537.36 (KHTML, like Gecko) Chrome/140.0.0.0 Safari/537.36
--------------------------------------------------------------------------------
[2025-09-15 10:05:38] [CUSTOM] [::1] Database connection established successfully
Context: {
    "host": "localhost",
    "database": "voting_system"
}
Request URI: /voting-system/admin/admin.php?page=electionStatus
User Agent: Mozilla/5.0 (Windows NT 10.0; Win64; x64) AppleWebKit/537.36 (KHTML, like Gecko) Chrome/140.0.0.0 Safari/537.36
--------------------------------------------------------------------------------
[2025-09-15 10:05:38] [CUSTOM] [::1] Database connection established successfully
Context: {
    "host": "localhost",
    "database": "voting_system"
}
Request URI: /voting-system/admin/admin.php?page=electionStatus
User Agent: Mozilla/5.0 (Windows NT 10.0; Win64; x64) AppleWebKit/537.36 (KHTML, like Gecko) Chrome/140.0.0.0 Safari/537.36
--------------------------------------------------------------------------------
[2025-09-15 10:05:38] [CUSTOM] [::1] Database connection established successfully
Context: {
    "host": "localhost",
    "database": "voting_system"
}
Request URI: /voting-system/admin/admin.php?page=electionStatus
User Agent: Mozilla/5.0 (Windows NT 10.0; Win64; x64) AppleWebKit/537.36 (KHTML, like Gecko) Chrome/140.0.0.0 Safari/537.36
--------------------------------------------------------------------------------
[2025-09-15 10:05:38] [CUSTOM] [::1] Database connection established successfully
Context: {
    "host": "localhost",
    "database": "voting_system"
}
Request URI: /voting-system/admin/admin.php?page=electionStatus
User Agent: Mozilla/5.0 (Windows NT 10.0; Win64; x64) AppleWebKit/537.36 (KHTML, like Gecko) Chrome/140.0.0.0 Safari/537.36
--------------------------------------------------------------------------------
[2025-09-15 10:05:38] [CUSTOM] [::1] Database connection established successfully
Context: {
    "host": "localhost",
    "database": "voting_system"
}
Request URI: /voting-system/admin/admin.php?page=electionStatus
User Agent: Mozilla/5.0 (Windows NT 10.0; Win64; x64) AppleWebKit/537.36 (KHTML, like Gecko) Chrome/140.0.0.0 Safari/537.36
--------------------------------------------------------------------------------
[2025-09-15 10:05:38] [CUSTOM] [::1] Database connection established successfully
Context: {
    "host": "localhost",
    "database": "voting_system"
}
Request URI: /voting-system/admin/admin.php?page=electionStatus
User Agent: Mozilla/5.0 (Windows NT 10.0; Win64; x64) AppleWebKit/537.36 (KHTML, like Gecko) Chrome/140.0.0.0 Safari/537.36
--------------------------------------------------------------------------------
[2025-09-15 10:05:38] [CUSTOM] [::1] Database connection established successfully
Context: {
    "host": "localhost",
    "database": "voting_system"
}
Request URI: /voting-system/admin/admin.php?page=electionStatus
User Agent: Mozilla/5.0 (Windows NT 10.0; Win64; x64) AppleWebKit/537.36 (KHTML, like Gecko) Chrome/140.0.0.0 Safari/537.36
--------------------------------------------------------------------------------
[2025-09-15 10:05:38] [CUSTOM] [::1] Database connection established successfully
Context: {
    "host": "localhost",
    "database": "voting_system"
}
Request URI: /voting-system/admin/admin.php?page=electionStatus
User Agent: Mozilla/5.0 (Windows NT 10.0; Win64; x64) AppleWebKit/537.36 (KHTML, like Gecko) Chrome/140.0.0.0 Safari/537.36
--------------------------------------------------------------------------------
[2025-09-15 10:06:06] [CUSTOM] [::1] Database connection established successfully
Context: {
    "host": "localhost",
    "database": "voting_system"
}
Request URI: /voting-system/admin/admin.php?page=candidates
User Agent: Mozilla/5.0 (Windows NT 10.0; Win64; x64) AppleWebKit/537.36 (KHTML, like Gecko) Chrome/140.0.0.0 Safari/537.36
--------------------------------------------------------------------------------
[2025-09-15 10:06:07] [CUSTOM] [::1] Database connection established successfully
Context: {
    "host": "localhost",
    "database": "voting_system"
}
Request URI: /voting-system/admin/admin.php?page=candidates
User Agent: Mozilla/5.0 (Windows NT 10.0; Win64; x64) AppleWebKit/537.36 (KHTML, like Gecko) Chrome/140.0.0.0 Safari/537.36
--------------------------------------------------------------------------------
[2025-09-15 10:06:07] [CUSTOM] [::1] Database connection established successfully
Context: {
    "host": "localhost",
    "database": "voting_system"
}
Request URI: /voting-system/admin/admin.php?page=candidates
User Agent: Mozilla/5.0 (Windows NT 10.0; Win64; x64) AppleWebKit/537.36 (KHTML, like Gecko) Chrome/140.0.0.0 Safari/537.36
--------------------------------------------------------------------------------
[2025-09-15 10:06:07] [CUSTOM] [::1] Database connection established successfully
Context: {
    "host": "localhost",
    "database": "voting_system"
}
Request URI: /voting-system/admin/admin.php?page=applications
User Agent: Mozilla/5.0 (Windows NT 10.0; Win64; x64) AppleWebKit/537.36 (KHTML, like Gecko) Chrome/140.0.0.0 Safari/537.36
--------------------------------------------------------------------------------
[2025-09-15 10:06:07] [CUSTOM] [::1] Database connection established successfully
Context: {
    "host": "localhost",
    "database": "voting_system"
}
Request URI: /voting-system/admin/admin.php?page=applications
User Agent: Mozilla/5.0 (Windows NT 10.0; Win64; x64) AppleWebKit/537.36 (KHTML, like Gecko) Chrome/140.0.0.0 Safari/537.36
--------------------------------------------------------------------------------
[2025-09-15 10:06:07] [CUSTOM] [::1] Database connection established successfully
Context: {
    "host": "localhost",
    "database": "voting_system"
}
Request URI: /voting-system/admin/admin.php?page=applications
User Agent: Mozilla/5.0 (Windows NT 10.0; Win64; x64) AppleWebKit/537.36 (KHTML, like Gecko) Chrome/140.0.0.0 Safari/537.36
--------------------------------------------------------------------------------
[2025-09-15 10:06:08] [CUSTOM] [::1] Database connection established successfully
Context: {
    "host": "localhost",
    "database": "voting_system"
}
Request URI: /voting-system/admin/admin.php?page=voteHistory
User Agent: Mozilla/5.0 (Windows NT 10.0; Win64; x64) AppleWebKit/537.36 (KHTML, like Gecko) Chrome/140.0.0.0 Safari/537.36
--------------------------------------------------------------------------------
[2025-09-15 10:06:08] [CUSTOM] [::1] Database connection established successfully
Context: {
    "host": "localhost",
    "database": "voting_system"
}
Request URI: /voting-system/admin/admin.php?page=voteHistory
User Agent: Mozilla/5.0 (Windows NT 10.0; Win64; x64) AppleWebKit/537.36 (KHTML, like Gecko) Chrome/140.0.0.0 Safari/537.36
--------------------------------------------------------------------------------
[2025-09-15 10:06:08] [CUSTOM] [::1] Database connection established successfully
Context: {
    "host": "localhost",
    "database": "voting_system"
}
Request URI: /voting-system/admin/admin.php?page=voteHistory
User Agent: Mozilla/5.0 (Windows NT 10.0; Win64; x64) AppleWebKit/537.36 (KHTML, like Gecko) Chrome/140.0.0.0 Safari/537.36
--------------------------------------------------------------------------------
[2025-09-15 10:06:08] [EXCEPTION] [::1] voteHistory.php:80 - mysqli_num_rows(): Argument #1 ($result) must be of type mysqli_result, bool given
Stack Trace:
#0 D:\OFFICE\TpotsProject\www\voting-system\admin\content\voteHistory.php(80): mysqli_num_rows(false)
#1 D:\OFFICE\TpotsProject\www\voting-system\admin\admin.php(310): include('D:\\OFFICE\\Tpots...')
#2 {main}
Request URI: /voting-system/admin/admin.php?page=voteHistory
User Agent: Mozilla/5.0 (Windows NT 10.0; Win64; x64) AppleWebKit/537.36 (KHTML, like Gecko) Chrome/140.0.0.0 Safari/537.36
--------------------------------------------------------------------------------
[2025-09-15 10:06:08] [CUSTOM] [::1] Database connection established successfully
Context: {
    "host": "localhost",
    "database": "voting_system"
}
Request URI: /voting-system/admin/admin.php?page=analytics
User Agent: Mozilla/5.0 (Windows NT 10.0; Win64; x64) AppleWebKit/537.36 (KHTML, like Gecko) Chrome/140.0.0.0 Safari/537.36
--------------------------------------------------------------------------------
[2025-09-15 10:06:08] [CUSTOM] [::1] Database connection established successfully
Context: {
    "host": "localhost",
    "database": "voting_system"
}
Request URI: /voting-system/admin/admin.php?page=analytics
User Agent: Mozilla/5.0 (Windows NT 10.0; Win64; x64) AppleWebKit/537.36 (KHTML, like Gecko) Chrome/140.0.0.0 Safari/537.36
--------------------------------------------------------------------------------
[2025-09-15 10:06:08] [CUSTOM] [::1] Database connection established successfully
Context: {
    "host": "localhost",
    "database": "voting_system"
}
Request URI: /voting-system/admin/admin.php?page=analytics
User Agent: Mozilla/5.0 (Windows NT 10.0; Win64; x64) AppleWebKit/537.36 (KHTML, like Gecko) Chrome/140.0.0.0 Safari/537.36
--------------------------------------------------------------------------------
[2025-09-15 10:06:08] [EXCEPTION] [::1] analytics.php:150 - mysqli_fetch_assoc(): Argument #1 ($result) must be of type mysqli_result, bool given
Stack Trace:
#0 D:\OFFICE\TpotsProject\www\voting-system\admin\content\analytics.php(150): mysqli_fetch_assoc(false)
#1 D:\OFFICE\TpotsProject\www\voting-system\admin\admin.php(310): include('D:\\OFFICE\\Tpots...')
#2 {main}
Request URI: /voting-system/admin/admin.php?page=analytics
User Agent: Mozilla/5.0 (Windows NT 10.0; Win64; x64) AppleWebKit/537.36 (KHTML, like Gecko) Chrome/140.0.0.0 Safari/537.36
--------------------------------------------------------------------------------
[2025-09-15 10:06:09] [CUSTOM] [::1] Database connection established successfully
Context: {
    "host": "localhost",
    "database": "voting_system"
}
Request URI: /voting-system/admin/admin.php?page=userManagement
User Agent: Mozilla/5.0 (Windows NT 10.0; Win64; x64) AppleWebKit/537.36 (KHTML, like Gecko) Chrome/140.0.0.0 Safari/537.36
--------------------------------------------------------------------------------
[2025-09-15 10:06:09] [CUSTOM] [::1] Database connection established successfully
Context: {
    "host": "localhost",
    "database": "voting_system"
}
Request URI: /voting-system/admin/admin.php?page=userManagement
User Agent: Mozilla/5.0 (Windows NT 10.0; Win64; x64) AppleWebKit/537.36 (KHTML, like Gecko) Chrome/140.0.0.0 Safari/537.36
--------------------------------------------------------------------------------
[2025-09-15 10:06:09] [CUSTOM] [::1] Database connection established successfully
Context: {
    "host": "localhost",
    "database": "voting_system"
}
Request URI: /voting-system/admin/admin.php?page=userManagement
User Agent: Mozilla/5.0 (Windows NT 10.0; Win64; x64) AppleWebKit/537.36 (KHTML, like Gecko) Chrome/140.0.0.0 Safari/537.36
--------------------------------------------------------------------------------
[2025-09-15 10:06:10] [CUSTOM] [::1] Database connection established successfully
Context: {
    "host": "localhost",
    "database": "voting_system"
}
Request URI: /voting-system/admin/admin.php?page=errorLogs
User Agent: Mozilla/5.0 (Windows NT 10.0; Win64; x64) AppleWebKit/537.36 (KHTML, like Gecko) Chrome/140.0.0.0 Safari/537.36
--------------------------------------------------------------------------------
[2025-09-15 10:06:10] [CUSTOM] [::1] Database connection established successfully
Context: {
    "host": "localhost",
    "database": "voting_system"
}
Request URI: /voting-system/admin/admin.php?page=errorLogs
User Agent: Mozilla/5.0 (Windows NT 10.0; Win64; x64) AppleWebKit/537.36 (KHTML, like Gecko) Chrome/140.0.0.0 Safari/537.36
--------------------------------------------------------------------------------
[2025-09-15 10:06:10] [CUSTOM] [::1] Database connection established successfully
Context: {
    "host": "localhost",
    "database": "voting_system"
}
Request URI: /voting-system/admin/admin.php?page=errorLogs
User Agent: Mozilla/5.0 (Windows NT 10.0; Win64; x64) AppleWebKit/537.36 (KHTML, like Gecko) Chrome/140.0.0.0 Safari/537.36
--------------------------------------------------------------------------------
[2025-09-15 10:06:14] [CUSTOM] [::1] Database connection established successfully
Context: {
    "host": "localhost",
    "database": "voting_system"
}
Request URI: /voting-system/admin/admin.php?page=userManagement
User Agent: Mozilla/5.0 (Windows NT 10.0; Win64; x64) AppleWebKit/537.36 (KHTML, like Gecko) Chrome/140.0.0.0 Safari/537.36
--------------------------------------------------------------------------------
[2025-09-15 10:06:14] [CUSTOM] [::1] Database connection established successfully
Context: {
    "host": "localhost",
    "database": "voting_system"
}
Request URI: /voting-system/admin/admin.php?page=userManagement
User Agent: Mozilla/5.0 (Windows NT 10.0; Win64; x64) AppleWebKit/537.36 (KHTML, like Gecko) Chrome/140.0.0.0 Safari/537.36
--------------------------------------------------------------------------------
[2025-09-15 10:06:14] [CUSTOM] [::1] Database connection established successfully
Context: {
    "host": "localhost",
    "database": "voting_system"
}
Request URI: /voting-system/admin/admin.php?page=userManagement
User Agent: Mozilla/5.0 (Windows NT 10.0; Win64; x64) AppleWebKit/537.36 (KHTML, like Gecko) Chrome/140.0.0.0 Safari/537.36
--------------------------------------------------------------------------------
[2025-09-15 10:06:22] [CUSTOM] [::1] Database connection established successfully
Context: {
    "host": "localhost",
    "database": "voting_system"
}
Request URI: /voting-system/admin/admin.php?page=electionStatus
User Agent: Mozilla/5.0 (Windows NT 10.0; Win64; x64) AppleWebKit/537.36 (KHTML, like Gecko) Chrome/140.0.0.0 Safari/537.36
--------------------------------------------------------------------------------
[2025-09-15 10:06:22] [CUSTOM] [::1] Database connection established successfully
Context: {
    "host": "localhost",
    "database": "voting_system"
}
Request URI: /voting-system/admin/admin.php?page=electionStatus
User Agent: Mozilla/5.0 (Windows NT 10.0; Win64; x64) AppleWebKit/537.36 (KHTML, like Gecko) Chrome/140.0.0.0 Safari/537.36
--------------------------------------------------------------------------------
[2025-09-15 10:06:22] [CUSTOM] [::1] Database connection established successfully
Context: {
    "host": "localhost",
    "database": "voting_system"
}
Request URI: /voting-system/admin/admin.php?page=electionStatus
User Agent: Mozilla/5.0 (Windows NT 10.0; Win64; x64) AppleWebKit/537.36 (KHTML, like Gecko) Chrome/140.0.0.0 Safari/537.36
--------------------------------------------------------------------------------
[2025-09-15 10:06:22] [CUSTOM] [::1] Database connection established successfully
Context: {
    "host": "localhost",
    "database": "voting_system"
}
Request URI: /voting-system/admin/admin.php?page=electionStatus
User Agent: Mozilla/5.0 (Windows NT 10.0; Win64; x64) AppleWebKit/537.36 (KHTML, like Gecko) Chrome/140.0.0.0 Safari/537.36
--------------------------------------------------------------------------------
[2025-09-15 10:06:28] [CUSTOM] [::1] Database connection established successfully
Context: {
    "host": "localhost",
    "database": "voting_system"
}
Request URI: /voting-system/common/voteActions.php
User Agent: Mozilla/5.0 (Windows NT 10.0; Win64; x64) AppleWebKit/537.36 (KHTML, like Gecko) Chrome/140.0.0.0 Safari/537.36
--------------------------------------------------------------------------------
[2025-09-15 10:06:28] [CUSTOM] [::1] Election started by admin
Context: {
    "admin_id": "admin"
}
Request URI: /voting-system/common/voteActions.php
User Agent: Mozilla/5.0 (Windows NT 10.0; Win64; x64) AppleWebKit/537.36 (KHTML, like Gecko) Chrome/140.0.0.0 Safari/537.36
--------------------------------------------------------------------------------
[2025-09-15 10:06:28] [CUSTOM] [::1] Database connection established successfully
Context: {
    "host": "localhost",
    "database": "voting_system"
}
Request URI: /voting-system/admin/admin.php
User Agent: Mozilla/5.0 (Windows NT 10.0; Win64; x64) AppleWebKit/537.36 (KHTML, like Gecko) Chrome/140.0.0.0 Safari/537.36
--------------------------------------------------------------------------------
[2025-09-15 10:06:28] [CUSTOM] [::1] Database connection established successfully
Context: {
    "host": "localhost",
    "database": "voting_system"
}
Request URI: /voting-system/admin/admin.php
User Agent: Mozilla/5.0 (Windows NT 10.0; Win64; x64) AppleWebKit/537.36 (KHTML, like Gecko) Chrome/140.0.0.0 Safari/537.36
--------------------------------------------------------------------------------
[2025-09-15 10:06:28] [CUSTOM] [::1] Database connection established successfully
Context: {
    "host": "localhost",
    "database": "voting_system"
}
Request URI: /voting-system/admin/admin.php
User Agent: Mozilla/5.0 (Windows NT 10.0; Win64; x64) AppleWebKit/537.36 (KHTML, like Gecko) Chrome/140.0.0.0 Safari/537.36
--------------------------------------------------------------------------------
[2025-09-15 10:06:33] [CUSTOM] [::1] Database connection established successfully
Context: {
    "host": "localhost",
    "database": "voting_system"
}
Request URI: /voting-system/admin/admin.php?page=dashboard
User Agent: Mozilla/5.0 (Windows NT 10.0; Win64; x64) AppleWebKit/537.36 (KHTML, like Gecko) Chrome/140.0.0.0 Safari/537.36
--------------------------------------------------------------------------------
[2025-09-15 10:06:33] [CUSTOM] [::1] Database connection established successfully
Context: {
    "host": "localhost",
    "database": "voting_system"
}
Request URI: /voting-system/admin/admin.php?page=dashboard
User Agent: Mozilla/5.0 (Windows NT 10.0; Win64; x64) AppleWebKit/537.36 (KHTML, like Gecko) Chrome/140.0.0.0 Safari/537.36
--------------------------------------------------------------------------------
[2025-09-15 10:06:33] [CUSTOM] [::1] Database connection established successfully
Context: {
    "host": "localhost",
    "database": "voting_system"
}
Request URI: /voting-system/admin/admin.php?page=dashboard
User Agent: Mozilla/5.0 (Windows NT 10.0; Win64; x64) AppleWebKit/537.36 (KHTML, like Gecko) Chrome/140.0.0.0 Safari/537.36
--------------------------------------------------------------------------------
[2025-09-15 10:06:34] [CUSTOM] [::1] Database connection established successfully
Context: {
    "host": "localhost",
    "database": "voting_system"
}
Request URI: /voting-system/admin/admin.php?page=electionStatus
User Agent: Mozilla/5.0 (Windows NT 10.0; Win64; x64) AppleWebKit/537.36 (KHTML, like Gecko) Chrome/140.0.0.0 Safari/537.36
--------------------------------------------------------------------------------
[2025-09-15 10:06:34] [CUSTOM] [::1] Database connection established successfully
Context: {
    "host": "localhost",
    "database": "voting_system"
}
Request URI: /voting-system/admin/admin.php?page=electionStatus
User Agent: Mozilla/5.0 (Windows NT 10.0; Win64; x64) AppleWebKit/537.36 (KHTML, like Gecko) Chrome/140.0.0.0 Safari/537.36
--------------------------------------------------------------------------------
[2025-09-15 10:06:34] [CUSTOM] [::1] Database connection established successfully
Context: {
    "host": "localhost",
    "database": "voting_system"
}
Request URI: /voting-system/admin/admin.php?page=electionStatus
User Agent: Mozilla/5.0 (Windows NT 10.0; Win64; x64) AppleWebKit/537.36 (KHTML, like Gecko) Chrome/140.0.0.0 Safari/537.36
--------------------------------------------------------------------------------
[2025-09-15 10:06:34] [CUSTOM] [::1] Database connection established successfully
Context: {
    "host": "localhost",
    "database": "voting_system"
}
Request URI: /voting-system/admin/admin.php?page=electionStatus
User Agent: Mozilla/5.0 (Windows NT 10.0; Win64; x64) AppleWebKit/537.36 (KHTML, like Gecko) Chrome/140.0.0.0 Safari/537.36
--------------------------------------------------------------------------------
[2025-09-15 10:06:35] [CUSTOM] [::1] Database connection established successfully
Context: {
    "host": "localhost",
    "database": "voting_system"
}
Request URI: /voting-system/admin/admin.php?page=electionStatus
User Agent: Mozilla/5.0 (Windows NT 10.0; Win64; x64) AppleWebKit/537.36 (KHTML, like Gecko) Chrome/140.0.0.0 Safari/537.36
--------------------------------------------------------------------------------
[2025-09-15 10:06:35] [CUSTOM] [::1] Database connection established successfully
Context: {
    "host": "localhost",
    "database": "voting_system"
}
Request URI: /voting-system/admin/admin.php?page=electionStatus
User Agent: Mozilla/5.0 (Windows NT 10.0; Win64; x64) AppleWebKit/537.36 (KHTML, like Gecko) Chrome/140.0.0.0 Safari/537.36
--------------------------------------------------------------------------------
[2025-09-15 10:06:35] [CUSTOM] [::1] Database connection established successfully
Context: {
    "host": "localhost",
    "database": "voting_system"
}
Request URI: /voting-system/admin/admin.php?page=electionStatus
User Agent: Mozilla/5.0 (Windows NT 10.0; Win64; x64) AppleWebKit/537.36 (KHTML, like Gecko) Chrome/140.0.0.0 Safari/537.36
--------------------------------------------------------------------------------
[2025-09-15 10:06:35] [CUSTOM] [::1] Database connection established successfully
Context: {
    "host": "localhost",
    "database": "voting_system"
}
Request URI: /voting-system/admin/admin.php?page=electionStatus
User Agent: Mozilla/5.0 (Windows NT 10.0; Win64; x64) AppleWebKit/537.36 (KHTML, like Gecko) Chrome/140.0.0.0 Safari/537.36
--------------------------------------------------------------------------------
[2025-09-15 10:06:47] [CUSTOM] [::1] Database connection established successfully
Context: {
    "host": "localhost",
    "database": "voting_system"
}
Request URI: /voting-system/admin/admin.php?page=userManagement
User Agent: Mozilla/5.0 (Windows NT 10.0; Win64; x64) AppleWebKit/537.36 (KHTML, like Gecko) Chrome/140.0.0.0 Safari/537.36
--------------------------------------------------------------------------------
[2025-09-15 10:06:47] [CUSTOM] [::1] Database connection established successfully
Context: {
    "host": "localhost",
    "database": "voting_system"
}
Request URI: /voting-system/admin/admin.php?page=userManagement
User Agent: Mozilla/5.0 (Windows NT 10.0; Win64; x64) AppleWebKit/537.36 (KHTML, like Gecko) Chrome/140.0.0.0 Safari/537.36
--------------------------------------------------------------------------------
[2025-09-15 10:06:47] [CUSTOM] [::1] Database connection established successfully
Context: {
    "host": "localhost",
    "database": "voting_system"
}
Request URI: /voting-system/admin/admin.php?page=userManagement
User Agent: Mozilla/5.0 (Windows NT 10.0; Win64; x64) AppleWebKit/537.36 (KHTML, like Gecko) Chrome/140.0.0.0 Safari/537.36
--------------------------------------------------------------------------------
[2025-09-15 10:07:14] [CUSTOM] [::1] Database connection established successfully
Context: {
    "host": "localhost",
    "database": "voting_system"
}
Request URI: /voting-system/common/postLogin.php
User Agent: Mozilla/5.0 (Windows NT 10.0; Win64; x64) AppleWebKit/537.36 (KHTML, like Gecko) Chrome/140.0.0.0 Safari/537.36
--------------------------------------------------------------------------------
[2025-09-15 10:07:14] [AUTH] [::1] User login successful
Context: {
    "user_id": "user001",
    "ip_address": "::1"
}
Request URI: /voting-system/common/postLogin.php
User Agent: Mozilla/5.0 (Windows NT 10.0; Win64; x64) AppleWebKit/537.36 (KHTML, like Gecko) Chrome/140.0.0.0 Safari/537.36
--------------------------------------------------------------------------------
[2025-09-15 10:07:15] [CUSTOM] [::1] Database connection established successfully
Context: {
    "host": "localhost",
    "database": "voting_system"
}
Request URI: /voting-system/users/user.php
User Agent: Mozilla/5.0 (Windows NT 10.0; Win64; x64) AppleWebKit/537.36 (KHTML, like Gecko) Chrome/140.0.0.0 Safari/537.36
--------------------------------------------------------------------------------
[2025-09-15 10:07:15] [CUSTOM] [::1] Database connection established successfully
Context: {
    "host": "localhost",
    "database": "voting_system"
}
Request URI: /voting-system/users/user.php
User Agent: Mozilla/5.0 (Windows NT 10.0; Win64; x64) AppleWebKit/537.36 (KHTML, like Gecko) Chrome/140.0.0.0 Safari/537.36
--------------------------------------------------------------------------------
[2025-09-15 10:07:15] [CUSTOM] [::1] Database connection established successfully
Context: {
    "host": "localhost",
    "database": "voting_system"
}
Request URI: /voting-system/users/user.php
User Agent: Mozilla/5.0 (Windows NT 10.0; Win64; x64) AppleWebKit/537.36 (KHTML, like Gecko) Chrome/140.0.0.0 Safari/537.36
--------------------------------------------------------------------------------
[2025-09-15 10:08:32] [CUSTOM] [::1] Database connection established successfully
Context: {
    "host": "localhost",
    "database": "voting_system"
}
Request URI: /voting-system/users/user.php
User Agent: Mozilla/5.0 (Windows NT 10.0; Win64; x64) AppleWebKit/537.36 (KHTML, like Gecko) Chrome/140.0.0.0 Safari/537.36
--------------------------------------------------------------------------------
[2025-09-15 10:08:32] [CUSTOM] [::1] Database connection established successfully
Context: {
    "host": "localhost",
    "database": "voting_system"
}
Request URI: /voting-system/users/user.php
User Agent: Mozilla/5.0 (Windows NT 10.0; Win64; x64) AppleWebKit/537.36 (KHTML, like Gecko) Chrome/140.0.0.0 Safari/537.36
--------------------------------------------------------------------------------
[2025-09-15 10:08:32] [CUSTOM] [::1] Database connection established successfully
Context: {
    "host": "localhost",
    "database": "voting_system"
}
Request URI: /voting-system/users/user.php
User Agent: Mozilla/5.0 (Windows NT 10.0; Win64; x64) AppleWebKit/537.36 (KHTML, like Gecko) Chrome/140.0.0.0 Safari/537.36
--------------------------------------------------------------------------------
[2025-09-15 10:09:02] [CUSTOM] [::1] Database connection established successfully
Context: {
    "host": "localhost",
    "database": "voting_system"
}
Request URI: /voting-system/users/user.php
User Agent: Mozilla/5.0 (Windows NT 10.0; Win64; x64) AppleWebKit/537.36 (KHTML, like Gecko) Chrome/140.0.0.0 Safari/537.36
--------------------------------------------------------------------------------
[2025-09-15 10:09:02] [CUSTOM] [::1] Database connection established successfully
Context: {
    "host": "localhost",
    "database": "voting_system"
}
Request URI: /voting-system/users/user.php
User Agent: Mozilla/5.0 (Windows NT 10.0; Win64; x64) AppleWebKit/537.36 (KHTML, like Gecko) Chrome/140.0.0.0 Safari/537.36
--------------------------------------------------------------------------------
[2025-09-15 10:09:02] [CUSTOM] [::1] Database connection established successfully
Context: {
    "host": "localhost",
    "database": "voting_system"
}
Request URI: /voting-system/users/user.php
User Agent: Mozilla/5.0 (Windows NT 10.0; Win64; x64) AppleWebKit/537.36 (KHTML, like Gecko) Chrome/140.0.0.0 Safari/537.36
--------------------------------------------------------------------------------
[2025-09-15 10:10:21] [CUSTOM] [::1] Database connection established successfully
Context: {
    "host": "localhost",
    "database": "voting_system"
}
Request URI: /voting-system/users/user.php
User Agent: Mozilla/5.0 (Windows NT 10.0; Win64; x64) AppleWebKit/537.36 (KHTML, like Gecko) Chrome/140.0.0.0 Safari/537.36
--------------------------------------------------------------------------------
[2025-09-15 10:10:21] [CUSTOM] [::1] Database connection established successfully
Context: {
    "host": "localhost",
    "database": "voting_system"
}
Request URI: /voting-system/users/user.php
User Agent: Mozilla/5.0 (Windows NT 10.0; Win64; x64) AppleWebKit/537.36 (KHTML, like Gecko) Chrome/140.0.0.0 Safari/537.36
--------------------------------------------------------------------------------
[2025-09-15 10:10:21] [CUSTOM] [::1] Database connection established successfully
Context: {
    "host": "localhost",
    "database": "voting_system"
}
Request URI: /voting-system/users/user.php
User Agent: Mozilla/5.0 (Windows NT 10.0; Win64; x64) AppleWebKit/537.36 (KHTML, like Gecko) Chrome/140.0.0.0 Safari/537.36
--------------------------------------------------------------------------------
[2025-09-15 10:10:32] [CUSTOM] [::1] Database connection established successfully
Context: {
    "host": "localhost",
    "database": "voting_system"
}
Request URI: /voting-system/users/voter.php
User Agent: Mozilla/5.0 (Windows NT 10.0; Win64; x64) AppleWebKit/537.36 (KHTML, like Gecko) Chrome/140.0.0.0 Safari/537.36
--------------------------------------------------------------------------------
[2025-09-15 10:10:32] [CUSTOM] [::1] Database connection established successfully
Context: {
    "host": "localhost",
    "database": "voting_system"
}
Request URI: /voting-system/users/voter.php
User Agent: Mozilla/5.0 (Windows NT 10.0; Win64; x64) AppleWebKit/537.36 (KHTML, like Gecko) Chrome/140.0.0.0 Safari/537.36
--------------------------------------------------------------------------------
[2025-09-15 10:10:45] [CUSTOM] [::1] Database connection established successfully
Context: {
    "host": "localhost",
    "database": "voting_system"
}
Request URI: /voting-system/common/voteActions.php
User Agent: Mozilla/5.0 (Windows NT 10.0; Win64; x64) AppleWebKit/537.36 (KHTML, like Gecko) Chrome/140.0.0.0 Safari/537.36
--------------------------------------------------------------------------------
[2025-09-15 10:10:45] [CUSTOM] [::1] Database connection established successfully
Context: {
    "host": "localhost",
    "database": "voting_system"
}
Request URI: /voting-system/users/successVote.php
User Agent: Mozilla/5.0 (Windows NT 10.0; Win64; x64) AppleWebKit/537.36 (KHTML, like Gecko) Chrome/140.0.0.0 Safari/537.36
--------------------------------------------------------------------------------
[2025-09-15 10:10:45] [CUSTOM] [::1] Database connection established successfully
Context: {
    "host": "localhost",
    "database": "voting_system"
}
Request URI: /voting-system/users/successVote.php
User Agent: Mozilla/5.0 (Windows NT 10.0; Win64; x64) AppleWebKit/537.36 (KHTML, like Gecko) Chrome/140.0.0.0 Safari/537.36
--------------------------------------------------------------------------------
[2025-09-15 10:10:47] [CUSTOM] [::1] Database connection established successfully
Context: {
    "host": "localhost",
    "database": "voting_system"
}
Request URI: /voting-system/users/user.php
User Agent: Mozilla/5.0 (Windows NT 10.0; Win64; x64) AppleWebKit/537.36 (KHTML, like Gecko) Chrome/140.0.0.0 Safari/537.36
--------------------------------------------------------------------------------
[2025-09-15 10:10:47] [CUSTOM] [::1] Database connection established successfully
Context: {
    "host": "localhost",
    "database": "voting_system"
}
Request URI: /voting-system/users/user.php
User Agent: Mozilla/5.0 (Windows NT 10.0; Win64; x64) AppleWebKit/537.36 (KHTML, like Gecko) Chrome/140.0.0.0 Safari/537.36
--------------------------------------------------------------------------------
[2025-09-15 10:10:47] [CUSTOM] [::1] Database connection established successfully
Context: {
    "host": "localhost",
    "database": "voting_system"
}
Request URI: /voting-system/users/user.php
User Agent: Mozilla/5.0 (Windows NT 10.0; Win64; x64) AppleWebKit/537.36 (KHTML, like Gecko) Chrome/140.0.0.0 Safari/537.36
--------------------------------------------------------------------------------
[2025-09-15 10:10:54] [CUSTOM] [::1] Database connection established successfully
Context: {
    "host": "localhost",
    "database": "voting_system"
}
Request URI: /voting-system/common/postLogin.php
User Agent: Mozilla/5.0 (Windows NT 10.0; Win64; x64) AppleWebKit/537.36 (KHTML, like Gecko) Chrome/140.0.0.0 Safari/537.36
--------------------------------------------------------------------------------
[2025-09-15 10:10:54] [AUTH] [::1] Admin login successful
Context: {
    "user_id": "admin",
    "ip_address": "::1"
}
Request URI: /voting-system/common/postLogin.php
User Agent: Mozilla/5.0 (Windows NT 10.0; Win64; x64) AppleWebKit/537.36 (KHTML, like Gecko) Chrome/140.0.0.0 Safari/537.36
--------------------------------------------------------------------------------
[2025-09-15 10:10:54] [CUSTOM] [::1] Database connection established successfully
Context: {
    "host": "localhost",
    "database": "voting_system"
}
Request URI: /voting-system/admin/admin.php
User Agent: Mozilla/5.0 (Windows NT 10.0; Win64; x64) AppleWebKit/537.36 (KHTML, like Gecko) Chrome/140.0.0.0 Safari/537.36
--------------------------------------------------------------------------------
[2025-09-15 10:10:54] [CUSTOM] [::1] Database connection established successfully
Context: {
    "host": "localhost",
    "database": "voting_system"
}
Request URI: /voting-system/admin/admin.php
User Agent: Mozilla/5.0 (Windows NT 10.0; Win64; x64) AppleWebKit/537.36 (KHTML, like Gecko) Chrome/140.0.0.0 Safari/537.36
--------------------------------------------------------------------------------
[2025-09-15 10:10:54] [CUSTOM] [::1] Database connection established successfully
Context: {
    "host": "localhost",
    "database": "voting_system"
}
Request URI: /voting-system/admin/admin.php
User Agent: Mozilla/5.0 (Windows NT 10.0; Win64; x64) AppleWebKit/537.36 (KHTML, like Gecko) Chrome/140.0.0.0 Safari/537.36
--------------------------------------------------------------------------------
[2025-09-15 10:10:56] [CUSTOM] [::1] Database connection established successfully
Context: {
    "host": "localhost",
    "database": "voting_system"
}
Request URI: /voting-system/admin/admin.php?page=electionStatus
User Agent: Mozilla/5.0 (Windows NT 10.0; Win64; x64) AppleWebKit/537.36 (KHTML, like Gecko) Chrome/140.0.0.0 Safari/537.36
--------------------------------------------------------------------------------
[2025-09-15 10:10:56] [CUSTOM] [::1] Database connection established successfully
Context: {
    "host": "localhost",
    "database": "voting_system"
}
Request URI: /voting-system/admin/admin.php?page=electionStatus
User Agent: Mozilla/5.0 (Windows NT 10.0; Win64; x64) AppleWebKit/537.36 (KHTML, like Gecko) Chrome/140.0.0.0 Safari/537.36
--------------------------------------------------------------------------------
[2025-09-15 10:10:56] [CUSTOM] [::1] Database connection established successfully
Context: {
    "host": "localhost",
    "database": "voting_system"
}
Request URI: /voting-system/admin/admin.php?page=electionStatus
User Agent: Mozilla/5.0 (Windows NT 10.0; Win64; x64) AppleWebKit/537.36 (KHTML, like Gecko) Chrome/140.0.0.0 Safari/537.36
--------------------------------------------------------------------------------
[2025-09-15 10:10:56] [CUSTOM] [::1] Database connection established successfully
Context: {
    "host": "localhost",
    "database": "voting_system"
}
Request URI: /voting-system/admin/admin.php?page=electionStatus
User Agent: Mozilla/5.0 (Windows NT 10.0; Win64; x64) AppleWebKit/537.36 (KHTML, like Gecko) Chrome/140.0.0.0 Safari/537.36
--------------------------------------------------------------------------------
[2025-09-15 10:10:59] [CUSTOM] [::1] Database connection established successfully
Context: {
    "host": "localhost",
    "database": "voting_system"
}
Request URI: /voting-system/common/voteActions.php
User Agent: Mozilla/5.0 (Windows NT 10.0; Win64; x64) AppleWebKit/537.36 (KHTML, like Gecko) Chrome/140.0.0.0 Safari/537.36
--------------------------------------------------------------------------------
[2025-09-15 10:10:59] [CUSTOM] [::1] Database connection established successfully
Context: {
    "host": "localhost",
    "database": "voting_system"
}
Request URI: /voting-system/admin/admin.php
User Agent: Mozilla/5.0 (Windows NT 10.0; Win64; x64) AppleWebKit/537.36 (KHTML, like Gecko) Chrome/140.0.0.0 Safari/537.36
--------------------------------------------------------------------------------
[2025-09-15 10:11:00] [CUSTOM] [::1] Database connection established successfully
Context: {
    "host": "localhost",
    "database": "voting_system"
}
Request URI: /voting-system/admin/admin.php
User Agent: Mozilla/5.0 (Windows NT 10.0; Win64; x64) AppleWebKit/537.36 (KHTML, like Gecko) Chrome/140.0.0.0 Safari/537.36
--------------------------------------------------------------------------------
[2025-09-15 10:11:00] [CUSTOM] [::1] Database connection established successfully
Context: {
    "host": "localhost",
    "database": "voting_system"
}
Request URI: /voting-system/admin/admin.php
User Agent: Mozilla/5.0 (Windows NT 10.0; Win64; x64) AppleWebKit/537.36 (KHTML, like Gecko) Chrome/140.0.0.0 Safari/537.36
--------------------------------------------------------------------------------
[2025-09-15 10:11:03] [CUSTOM] [::1] Database connection established successfully
Context: {
    "host": "localhost",
    "database": "voting_system"
}
Request URI: /voting-system/admin/admin.php?page=electionStatus
User Agent: Mozilla/5.0 (Windows NT 10.0; Win64; x64) AppleWebKit/537.36 (KHTML, like Gecko) Chrome/140.0.0.0 Safari/537.36
--------------------------------------------------------------------------------
[2025-09-15 10:11:03] [CUSTOM] [::1] Database connection established successfully
Context: {
    "host": "localhost",
    "database": "voting_system"
}
Request URI: /voting-system/admin/admin.php?page=electionStatus
User Agent: Mozilla/5.0 (Windows NT 10.0; Win64; x64) AppleWebKit/537.36 (KHTML, like Gecko) Chrome/140.0.0.0 Safari/537.36
--------------------------------------------------------------------------------
[2025-09-15 10:11:03] [CUSTOM] [::1] Database connection established successfully
Context: {
    "host": "localhost",
    "database": "voting_system"
}
Request URI: /voting-system/admin/admin.php?page=electionStatus
User Agent: Mozilla/5.0 (Windows NT 10.0; Win64; x64) AppleWebKit/537.36 (KHTML, like Gecko) Chrome/140.0.0.0 Safari/537.36
--------------------------------------------------------------------------------
[2025-09-15 10:11:03] [CUSTOM] [::1] Database connection established successfully
Context: {
    "host": "localhost",
    "database": "voting_system"
}
Request URI: /voting-system/admin/admin.php?page=electionStatus
User Agent: Mozilla/5.0 (Windows NT 10.0; Win64; x64) AppleWebKit/537.36 (KHTML, like Gecko) Chrome/140.0.0.0 Safari/537.36
--------------------------------------------------------------------------------
[2025-09-15 10:11:07] [CUSTOM] [::1] Database connection established successfully
Context: {
    "host": "localhost",
    "database": "voting_system"
}
Request URI: /voting-system/admin/admin.php?page=electionStatus
User Agent: Mozilla/5.0 (Windows NT 10.0; Win64; x64) AppleWebKit/537.36 (KHTML, like Gecko) Chrome/140.0.0.0 Safari/537.36
--------------------------------------------------------------------------------
[2025-09-15 10:11:07] [CUSTOM] [::1] Database connection established successfully
Context: {
    "host": "localhost",
    "database": "voting_system"
}
Request URI: /voting-system/admin/admin.php?page=electionStatus
User Agent: Mozilla/5.0 (Windows NT 10.0; Win64; x64) AppleWebKit/537.36 (KHTML, like Gecko) Chrome/140.0.0.0 Safari/537.36
--------------------------------------------------------------------------------
[2025-09-15 10:11:07] [CUSTOM] [::1] Database connection established successfully
Context: {
    "host": "localhost",
    "database": "voting_system"
}
Request URI: /voting-system/admin/admin.php?page=electionStatus
User Agent: Mozilla/5.0 (Windows NT 10.0; Win64; x64) AppleWebKit/537.36 (KHTML, like Gecko) Chrome/140.0.0.0 Safari/537.36
--------------------------------------------------------------------------------
[2025-09-15 10:11:08] [CUSTOM] [::1] Database connection established successfully
Context: {
    "host": "localhost",
    "database": "voting_system"
}
Request URI: /voting-system/admin/admin.php?page=electionStatus
User Agent: Mozilla/5.0 (Windows NT 10.0; Win64; x64) AppleWebKit/537.36 (KHTML, like Gecko) Chrome/140.0.0.0 Safari/537.36
--------------------------------------------------------------------------------
[2025-09-15 10:11:11] [CUSTOM] [::1] Database connection established successfully
Context: {
    "host": "localhost",
    "database": "voting_system"
}
Request URI: /voting-system/common/voteActions.php
User Agent: Mozilla/5.0 (Windows NT 10.0; Win64; x64) AppleWebKit/537.36 (KHTML, like Gecko) Chrome/140.0.0.0 Safari/537.36
--------------------------------------------------------------------------------
[2025-09-15 10:11:11] [CUSTOM] [::1] Database connection established successfully
Context: {
    "host": "localhost",
    "database": "voting_system"
}
Request URI: /voting-system/admin/admin.php
User Agent: Mozilla/5.0 (Windows NT 10.0; Win64; x64) AppleWebKit/537.36 (KHTML, like Gecko) Chrome/140.0.0.0 Safari/537.36
--------------------------------------------------------------------------------
[2025-09-15 10:11:11] [CUSTOM] [::1] Database connection established successfully
Context: {
    "host": "localhost",
    "database": "voting_system"
}
Request URI: /voting-system/admin/admin.php
User Agent: Mozilla/5.0 (Windows NT 10.0; Win64; x64) AppleWebKit/537.36 (KHTML, like Gecko) Chrome/140.0.0.0 Safari/537.36
--------------------------------------------------------------------------------
[2025-09-15 10:11:11] [CUSTOM] [::1] Database connection established successfully
Context: {
    "host": "localhost",
    "database": "voting_system"
}
Request URI: /voting-system/admin/admin.php
User Agent: Mozilla/5.0 (Windows NT 10.0; Win64; x64) AppleWebKit/537.36 (KHTML, like Gecko) Chrome/140.0.0.0 Safari/537.36
--------------------------------------------------------------------------------
[2025-09-15 10:11:13] [CUSTOM] [::1] Database connection established successfully
Context: {
    "host": "localhost",
    "database": "voting_system"
}
Request URI: /voting-system/admin/admin.php?page=electionStatus
User Agent: Mozilla/5.0 (Windows NT 10.0; Win64; x64) AppleWebKit/537.36 (KHTML, like Gecko) Chrome/140.0.0.0 Safari/537.36
--------------------------------------------------------------------------------
[2025-09-15 10:11:13] [CUSTOM] [::1] Database connection established successfully
Context: {
    "host": "localhost",
    "database": "voting_system"
}
Request URI: /voting-system/admin/admin.php?page=electionStatus
User Agent: Mozilla/5.0 (Windows NT 10.0; Win64; x64) AppleWebKit/537.36 (KHTML, like Gecko) Chrome/140.0.0.0 Safari/537.36
--------------------------------------------------------------------------------
[2025-09-15 10:11:13] [CUSTOM] [::1] Database connection established successfully
Context: {
    "host": "localhost",
    "database": "voting_system"
}
Request URI: /voting-system/admin/admin.php?page=electionStatus
User Agent: Mozilla/5.0 (Windows NT 10.0; Win64; x64) AppleWebKit/537.36 (KHTML, like Gecko) Chrome/140.0.0.0 Safari/537.36
--------------------------------------------------------------------------------
[2025-09-15 10:11:13] [CUSTOM] [::1] Database connection established successfully
Context: {
    "host": "localhost",
    "database": "voting_system"
}
Request URI: /voting-system/admin/admin.php?page=electionStatus
User Agent: Mozilla/5.0 (Windows NT 10.0; Win64; x64) AppleWebKit/537.36 (KHTML, like Gecko) Chrome/140.0.0.0 Safari/537.36
--------------------------------------------------------------------------------
[2025-09-15 10:11:24] [CUSTOM] [::1] Database connection established successfully
Context: {
    "host": "localhost",
    "database": "voting_system"
}
Request URI: /voting-system/common/voteActions.php
User Agent: Mozilla/5.0 (Windows NT 10.0; Win64; x64) AppleWebKit/537.36 (KHTML, like Gecko) Chrome/140.0.0.0 Safari/537.36
--------------------------------------------------------------------------------
[2025-09-15 10:11:24] [CUSTOM] [::1] Database connection established successfully
Context: {
    "host": "localhost",
    "database": "voting_system"
}
Request URI: /voting-system/admin/admin.php
User Agent: Mozilla/5.0 (Windows NT 10.0; Win64; x64) AppleWebKit/537.36 (KHTML, like Gecko) Chrome/140.0.0.0 Safari/537.36
--------------------------------------------------------------------------------
[2025-09-15 10:11:24] [CUSTOM] [::1] Database connection established successfully
Context: {
    "host": "localhost",
    "database": "voting_system"
}
Request URI: /voting-system/admin/admin.php
User Agent: Mozilla/5.0 (Windows NT 10.0; Win64; x64) AppleWebKit/537.36 (KHTML, like Gecko) Chrome/140.0.0.0 Safari/537.36
--------------------------------------------------------------------------------
[2025-09-15 10:11:24] [CUSTOM] [::1] Database connection established successfully
Context: {
    "host": "localhost",
    "database": "voting_system"
}
Request URI: /voting-system/admin/admin.php
User Agent: Mozilla/5.0 (Windows NT 10.0; Win64; x64) AppleWebKit/537.36 (KHTML, like Gecko) Chrome/140.0.0.0 Safari/537.36
--------------------------------------------------------------------------------
[2025-09-15 10:11:26] [CUSTOM] [::1] Database connection established successfully
Context: {
    "host": "localhost",
    "database": "voting_system"
}
Request URI: /voting-system/admin/admin.php?page=electionStatus
User Agent: Mozilla/5.0 (Windows NT 10.0; Win64; x64) AppleWebKit/537.36 (KHTML, like Gecko) Chrome/140.0.0.0 Safari/537.36
--------------------------------------------------------------------------------
[2025-09-15 10:11:26] [CUSTOM] [::1] Database connection established successfully
Context: {
    "host": "localhost",
    "database": "voting_system"
}
Request URI: /voting-system/admin/admin.php?page=electionStatus
User Agent: Mozilla/5.0 (Windows NT 10.0; Win64; x64) AppleWebKit/537.36 (KHTML, like Gecko) Chrome/140.0.0.0 Safari/537.36
--------------------------------------------------------------------------------
[2025-09-15 10:11:26] [CUSTOM] [::1] Database connection established successfully
Context: {
    "host": "localhost",
    "database": "voting_system"
}
Request URI: /voting-system/admin/admin.php?page=electionStatus
User Agent: Mozilla/5.0 (Windows NT 10.0; Win64; x64) AppleWebKit/537.36 (KHTML, like Gecko) Chrome/140.0.0.0 Safari/537.36
--------------------------------------------------------------------------------
[2025-09-15 10:11:26] [CUSTOM] [::1] Database connection established successfully
Context: {
    "host": "localhost",
    "database": "voting_system"
}
Request URI: /voting-system/admin/admin.php?page=electionStatus
User Agent: Mozilla/5.0 (Windows NT 10.0; Win64; x64) AppleWebKit/537.36 (KHTML, like Gecko) Chrome/140.0.0.0 Safari/537.36
--------------------------------------------------------------------------------
[2025-09-15 10:12:15] [CUSTOM] [::1] Database connection established successfully
Context: {
    "host": "localhost",
    "database": "voting_system"
}
Request URI: /voting-system/admin/admin.php?page=analytics
User Agent: Mozilla/5.0 (Windows NT 10.0; Win64; x64) AppleWebKit/537.36 (KHTML, like Gecko) Chrome/140.0.0.0 Safari/537.36
--------------------------------------------------------------------------------
[2025-09-15 10:12:15] [CUSTOM] [::1] Database connection established successfully
Context: {
    "host": "localhost",
    "database": "voting_system"
}
Request URI: /voting-system/admin/admin.php?page=analytics
User Agent: Mozilla/5.0 (Windows NT 10.0; Win64; x64) AppleWebKit/537.36 (KHTML, like Gecko) Chrome/140.0.0.0 Safari/537.36
--------------------------------------------------------------------------------
[2025-09-15 10:12:15] [CUSTOM] [::1] Database connection established successfully
Context: {
    "host": "localhost",
    "database": "voting_system"
}
Request URI: /voting-system/admin/admin.php?page=analytics
User Agent: Mozilla/5.0 (Windows NT 10.0; Win64; x64) AppleWebKit/537.36 (KHTML, like Gecko) Chrome/140.0.0.0 Safari/537.36
--------------------------------------------------------------------------------
[2025-09-15 10:12:15] [EXCEPTION] [::1] analytics.php:150 - mysqli_fetch_assoc(): Argument #1 ($result) must be of type mysqli_result, bool given
Stack Trace:
#0 D:\OFFICE\TpotsProject\www\voting-system\admin\content\analytics.php(150): mysqli_fetch_assoc(false)
#1 D:\OFFICE\TpotsProject\www\voting-system\admin\admin.php(310): include('D:\\OFFICE\\Tpots...')
#2 {main}
Request URI: /voting-system/admin/admin.php?page=analytics
User Agent: Mozilla/5.0 (Windows NT 10.0; Win64; x64) AppleWebKit/537.36 (KHTML, like Gecko) Chrome/140.0.0.0 Safari/537.36
--------------------------------------------------------------------------------
[2025-09-15 10:12:21] [CUSTOM] [::1] Database connection established successfully
Context: {
    "host": "localhost",
    "database": "voting_system"
}
Request URI: /voting-system/admin/admin.php?page=voteHistory
User Agent: Mozilla/5.0 (Windows NT 10.0; Win64; x64) AppleWebKit/537.36 (KHTML, like Gecko) Chrome/140.0.0.0 Safari/537.36
--------------------------------------------------------------------------------
[2025-09-15 10:12:21] [CUSTOM] [::1] Database connection established successfully
Context: {
    "host": "localhost",
    "database": "voting_system"
}
Request URI: /voting-system/admin/admin.php?page=voteHistory
User Agent: Mozilla/5.0 (Windows NT 10.0; Win64; x64) AppleWebKit/537.36 (KHTML, like Gecko) Chrome/140.0.0.0 Safari/537.36
--------------------------------------------------------------------------------
[2025-09-15 10:12:21] [CUSTOM] [::1] Database connection established successfully
Context: {
    "host": "localhost",
    "database": "voting_system"
}
Request URI: /voting-system/admin/admin.php?page=voteHistory
User Agent: Mozilla/5.0 (Windows NT 10.0; Win64; x64) AppleWebKit/537.36 (KHTML, like Gecko) Chrome/140.0.0.0 Safari/537.36
--------------------------------------------------------------------------------
[2025-09-15 10:12:21] [EXCEPTION] [::1] voteHistory.php:80 - mysqli_num_rows(): Argument #1 ($result) must be of type mysqli_result, bool given
Stack Trace:
#0 D:\OFFICE\TpotsProject\www\voting-system\admin\content\voteHistory.php(80): mysqli_num_rows(false)
#1 D:\OFFICE\TpotsProject\www\voting-system\admin\admin.php(310): include('D:\\OFFICE\\Tpots...')
#2 {main}
Request URI: /voting-system/admin/admin.php?page=voteHistory
User Agent: Mozilla/5.0 (Windows NT 10.0; Win64; x64) AppleWebKit/537.36 (KHTML, like Gecko) Chrome/140.0.0.0 Safari/537.36
--------------------------------------------------------------------------------
[2025-09-15 10:12:22] [CUSTOM] [::1] Database connection established successfully
Context: {
    "host": "localhost",
    "database": "voting_system"
}
Request URI: /voting-system/admin/admin.php?page=analytics
User Agent: Mozilla/5.0 (Windows NT 10.0; Win64; x64) AppleWebKit/537.36 (KHTML, like Gecko) Chrome/140.0.0.0 Safari/537.36
--------------------------------------------------------------------------------
[2025-09-15 10:12:22] [CUSTOM] [::1] Database connection established successfully
Context: {
    "host": "localhost",
    "database": "voting_system"
}
Request URI: /voting-system/admin/admin.php?page=analytics
User Agent: Mozilla/5.0 (Windows NT 10.0; Win64; x64) AppleWebKit/537.36 (KHTML, like Gecko) Chrome/140.0.0.0 Safari/537.36
--------------------------------------------------------------------------------
[2025-09-15 10:12:22] [CUSTOM] [::1] Database connection established successfully
Context: {
    "host": "localhost",
    "database": "voting_system"
}
Request URI: /voting-system/admin/admin.php?page=analytics
User Agent: Mozilla/5.0 (Windows NT 10.0; Win64; x64) AppleWebKit/537.36 (KHTML, like Gecko) Chrome/140.0.0.0 Safari/537.36
--------------------------------------------------------------------------------
[2025-09-15 10:12:22] [EXCEPTION] [::1] analytics.php:150 - mysqli_fetch_assoc(): Argument #1 ($result) must be of type mysqli_result, bool given
Stack Trace:
#0 D:\OFFICE\TpotsProject\www\voting-system\admin\content\analytics.php(150): mysqli_fetch_assoc(false)
#1 D:\OFFICE\TpotsProject\www\voting-system\admin\admin.php(310): include('D:\\OFFICE\\Tpots...')
#2 {main}
Request URI: /voting-system/admin/admin.php?page=analytics
User Agent: Mozilla/5.0 (Windows NT 10.0; Win64; x64) AppleWebKit/537.36 (KHTML, like Gecko) Chrome/140.0.0.0 Safari/537.36
--------------------------------------------------------------------------------
[2025-09-15 10:12:25] [CUSTOM] [::1] Database connection established successfully
Context: {
    "host": "localhost",
    "database": "voting_system"
}
Request URI: /voting-system/admin/admin.php?page=candidates
User Agent: Mozilla/5.0 (Windows NT 10.0; Win64; x64) AppleWebKit/537.36 (KHTML, like Gecko) Chrome/140.0.0.0 Safari/537.36
--------------------------------------------------------------------------------
[2025-09-15 10:12:25] [CUSTOM] [::1] Database connection established successfully
Context: {
    "host": "localhost",
    "database": "voting_system"
}
Request URI: /voting-system/admin/admin.php?page=candidates
User Agent: Mozilla/5.0 (Windows NT 10.0; Win64; x64) AppleWebKit/537.36 (KHTML, like Gecko) Chrome/140.0.0.0 Safari/537.36
--------------------------------------------------------------------------------
[2025-09-15 10:12:25] [CUSTOM] [::1] Database connection established successfully
Context: {
    "host": "localhost",
    "database": "voting_system"
}
Request URI: /voting-system/admin/admin.php?page=candidates
User Agent: Mozilla/5.0 (Windows NT 10.0; Win64; x64) AppleWebKit/537.36 (KHTML, like Gecko) Chrome/140.0.0.0 Safari/537.36
--------------------------------------------------------------------------------
[2025-09-15 10:12:26] [CUSTOM] [::1] Database connection established successfully
Context: {
    "host": "localhost",
    "database": "voting_system"
}
Request URI: /voting-system/admin/admin.php?page=electionStatus
User Agent: Mozilla/5.0 (Windows NT 10.0; Win64; x64) AppleWebKit/537.36 (KHTML, like Gecko) Chrome/140.0.0.0 Safari/537.36
--------------------------------------------------------------------------------
[2025-09-15 10:12:26] [CUSTOM] [::1] Database connection established successfully
Context: {
    "host": "localhost",
    "database": "voting_system"
}
Request URI: /voting-system/admin/admin.php?page=electionStatus
User Agent: Mozilla/5.0 (Windows NT 10.0; Win64; x64) AppleWebKit/537.36 (KHTML, like Gecko) Chrome/140.0.0.0 Safari/537.36
--------------------------------------------------------------------------------
[2025-09-15 10:12:26] [CUSTOM] [::1] Database connection established successfully
Context: {
    "host": "localhost",
    "database": "voting_system"
}
Request URI: /voting-system/admin/admin.php?page=electionStatus
User Agent: Mozilla/5.0 (Windows NT 10.0; Win64; x64) AppleWebKit/537.36 (KHTML, like Gecko) Chrome/140.0.0.0 Safari/537.36
--------------------------------------------------------------------------------
[2025-09-15 10:12:26] [CUSTOM] [::1] Database connection established successfully
Context: {
    "host": "localhost",
    "database": "voting_system"
}
Request URI: /voting-system/admin/admin.php?page=electionStatus
User Agent: Mozilla/5.0 (Windows NT 10.0; Win64; x64) AppleWebKit/537.36 (KHTML, like Gecko) Chrome/140.0.0.0 Safari/537.36
--------------------------------------------------------------------------------
[2025-09-15 10:14:09] [CUSTOM] [::1] Database connection established successfully
Context: {
    "host": "localhost",
    "database": "voting_system"
}
Request URI: /voting-system/admin/admin.php?page=userManagement
User Agent: Mozilla/5.0 (Windows NT 10.0; Win64; x64) AppleWebKit/537.36 (KHTML, like Gecko) Chrome/140.0.0.0 Safari/537.36
--------------------------------------------------------------------------------
[2025-09-15 10:14:09] [CUSTOM] [::1] Database connection established successfully
Context: {
    "host": "localhost",
    "database": "voting_system"
}
Request URI: /voting-system/admin/admin.php?page=userManagement
User Agent: Mozilla/5.0 (Windows NT 10.0; Win64; x64) AppleWebKit/537.36 (KHTML, like Gecko) Chrome/140.0.0.0 Safari/537.36
--------------------------------------------------------------------------------
[2025-09-15 10:14:09] [CUSTOM] [::1] Database connection established successfully
Context: {
    "host": "localhost",
    "database": "voting_system"
}
Request URI: /voting-system/admin/admin.php?page=userManagement
User Agent: Mozilla/5.0 (Windows NT 10.0; Win64; x64) AppleWebKit/537.36 (KHTML, like Gecko) Chrome/140.0.0.0 Safari/537.36
--------------------------------------------------------------------------------
[2025-09-15 10:14:11] [CUSTOM] [::1] Database connection established successfully
Context: {
    "host": "localhost",
    "database": "voting_system"
}
Request URI: /voting-system/admin/admin.php?page=dashboard
User Agent: Mozilla/5.0 (Windows NT 10.0; Win64; x64) AppleWebKit/537.36 (KHTML, like Gecko) Chrome/140.0.0.0 Safari/537.36
--------------------------------------------------------------------------------
[2025-09-15 10:14:11] [CUSTOM] [::1] Database connection established successfully
Context: {
    "host": "localhost",
    "database": "voting_system"
}
Request URI: /voting-system/admin/admin.php?page=dashboard
User Agent: Mozilla/5.0 (Windows NT 10.0; Win64; x64) AppleWebKit/537.36 (KHTML, like Gecko) Chrome/140.0.0.0 Safari/537.36
--------------------------------------------------------------------------------
[2025-09-15 10:14:11] [CUSTOM] [::1] Database connection established successfully
Context: {
    "host": "localhost",
    "database": "voting_system"
}
Request URI: /voting-system/admin/admin.php?page=dashboard
User Agent: Mozilla/5.0 (Windows NT 10.0; Win64; x64) AppleWebKit/537.36 (KHTML, like Gecko) Chrome/140.0.0.0 Safari/537.36
--------------------------------------------------------------------------------
[2025-09-15 10:14:11] [CUSTOM] [::1] Database connection established successfully
Context: {
    "host": "localhost",
    "database": "voting_system"
}
Request URI: /voting-system/admin/admin.php?page=electionStatus
User Agent: Mozilla/5.0 (Windows NT 10.0; Win64; x64) AppleWebKit/537.36 (KHTML, like Gecko) Chrome/140.0.0.0 Safari/537.36
--------------------------------------------------------------------------------
[2025-09-15 10:14:11] [CUSTOM] [::1] Database connection established successfully
Context: {
    "host": "localhost",
    "database": "voting_system"
}
Request URI: /voting-system/admin/admin.php?page=electionStatus
User Agent: Mozilla/5.0 (Windows NT 10.0; Win64; x64) AppleWebKit/537.36 (KHTML, like Gecko) Chrome/140.0.0.0 Safari/537.36
--------------------------------------------------------------------------------
[2025-09-15 10:14:11] [CUSTOM] [::1] Database connection established successfully
Context: {
    "host": "localhost",
    "database": "voting_system"
}
Request URI: /voting-system/admin/admin.php?page=electionStatus
User Agent: Mozilla/5.0 (Windows NT 10.0; Win64; x64) AppleWebKit/537.36 (KHTML, like Gecko) Chrome/140.0.0.0 Safari/537.36
--------------------------------------------------------------------------------
[2025-09-15 10:14:11] [CUSTOM] [::1] Database connection established successfully
Context: {
    "host": "localhost",
    "database": "voting_system"
}
Request URI: /voting-system/admin/admin.php?page=electionStatus
User Agent: Mozilla/5.0 (Windows NT 10.0; Win64; x64) AppleWebKit/537.36 (KHTML, like Gecko) Chrome/140.0.0.0 Safari/537.36
--------------------------------------------------------------------------------
[2025-09-15 10:14:16] [CUSTOM] [::1] Database connection established successfully
Context: {
    "host": "localhost",
    "database": "voting_system"
}
Request URI: /voting-system/admin/admin.php?page=electionStatus
User Agent: Mozilla/5.0 (Windows NT 10.0; Win64; x64) AppleWebKit/537.36 (KHTML, like Gecko) Chrome/140.0.0.0 Safari/537.36
--------------------------------------------------------------------------------
[2025-09-15 10:14:16] [CUSTOM] [::1] Database connection established successfully
Context: {
    "host": "localhost",
    "database": "voting_system"
}
Request URI: /voting-system/admin/admin.php?page=electionStatus
User Agent: Mozilla/5.0 (Windows NT 10.0; Win64; x64) AppleWebKit/537.36 (KHTML, like Gecko) Chrome/140.0.0.0 Safari/537.36
--------------------------------------------------------------------------------
[2025-09-15 10:14:16] [CUSTOM] [::1] Database connection established successfully
Context: {
    "host": "localhost",
    "database": "voting_system"
}
Request URI: /voting-system/admin/admin.php?page=electionStatus
User Agent: Mozilla/5.0 (Windows NT 10.0; Win64; x64) AppleWebKit/537.36 (KHTML, like Gecko) Chrome/140.0.0.0 Safari/537.36
--------------------------------------------------------------------------------
[2025-09-15 10:14:16] [CUSTOM] [::1] Database connection established successfully
Context: {
    "host": "localhost",
    "database": "voting_system"
}
Request URI: /voting-system/admin/admin.php?page=electionStatus
User Agent: Mozilla/5.0 (Windows NT 10.0; Win64; x64) AppleWebKit/537.36 (KHTML, like Gecko) Chrome/140.0.0.0 Safari/537.36
--------------------------------------------------------------------------------
[2025-09-15 10:15:32] [CUSTOM] [::1] Database connection established successfully
Context: {
    "host": "localhost",
    "database": "voting_system"
}
Request URI: /voting-system/admin/admin.php?page=electionStatus
User Agent: Mozilla/5.0 (Windows NT 10.0; Win64; x64) AppleWebKit/537.36 (KHTML, like Gecko) Chrome/140.0.0.0 Safari/537.36
--------------------------------------------------------------------------------
[2025-09-15 10:15:32] [CUSTOM] [::1] Database connection established successfully
Context: {
    "host": "localhost",
    "database": "voting_system"
}
Request URI: /voting-system/admin/admin.php?page=electionStatus
User Agent: Mozilla/5.0 (Windows NT 10.0; Win64; x64) AppleWebKit/537.36 (KHTML, like Gecko) Chrome/140.0.0.0 Safari/537.36
--------------------------------------------------------------------------------
[2025-09-15 10:15:32] [CUSTOM] [::1] Database connection established successfully
Context: {
    "host": "localhost",
    "database": "voting_system"
}
Request URI: /voting-system/admin/admin.php?page=electionStatus
User Agent: Mozilla/5.0 (Windows NT 10.0; Win64; x64) AppleWebKit/537.36 (KHTML, like Gecko) Chrome/140.0.0.0 Safari/537.36
--------------------------------------------------------------------------------
[2025-09-15 10:15:32] [CUSTOM] [::1] Database connection established successfully
Context: {
    "host": "localhost",
    "database": "voting_system"
}
Request URI: /voting-system/admin/admin.php?page=electionStatus
User Agent: Mozilla/5.0 (Windows NT 10.0; Win64; x64) AppleWebKit/537.36 (KHTML, like Gecko) Chrome/140.0.0.0 Safari/537.36
--------------------------------------------------------------------------------
[2025-09-15 10:16:18] [CUSTOM] [::1] Database connection established successfully
Context: {
    "host": "localhost",
    "database": "voting_system"
}
Request URI: /voting-system/admin/admin.php?page=userManagement
User Agent: Mozilla/5.0 (Windows NT 10.0; Win64; x64) AppleWebKit/537.36 (KHTML, like Gecko) Chrome/140.0.0.0 Safari/537.36
--------------------------------------------------------------------------------
[2025-09-15 10:16:18] [CUSTOM] [::1] Database connection established successfully
Context: {
    "host": "localhost",
    "database": "voting_system"
}
Request URI: /voting-system/admin/admin.php?page=userManagement
User Agent: Mozilla/5.0 (Windows NT 10.0; Win64; x64) AppleWebKit/537.36 (KHTML, like Gecko) Chrome/140.0.0.0 Safari/537.36
--------------------------------------------------------------------------------
[2025-09-15 10:16:18] [CUSTOM] [::1] Database connection established successfully
Context: {
    "host": "localhost",
    "database": "voting_system"
}
Request URI: /voting-system/admin/admin.php?page=userManagement
User Agent: Mozilla/5.0 (Windows NT 10.0; Win64; x64) AppleWebKit/537.36 (KHTML, like Gecko) Chrome/140.0.0.0 Safari/537.36
--------------------------------------------------------------------------------
[2025-09-15 10:16:42] [CUSTOM] [::1] Database connection established successfully
Context: {
    "host": "localhost",
    "database": "voting_system"
}
Request URI: /voting-system/common/postLogin.php
User Agent: Mozilla/5.0 (Windows NT 10.0; Win64; x64) AppleWebKit/537.36 (KHTML, like Gecko) Chrome/140.0.0.0 Safari/537.36
--------------------------------------------------------------------------------
[2025-09-15 10:16:42] [AUTH] [::1] User login successful
Context: {
    "user_id": "user001",
    "ip_address": "::1"
}
Request URI: /voting-system/common/postLogin.php
User Agent: Mozilla/5.0 (Windows NT 10.0; Win64; x64) AppleWebKit/537.36 (KHTML, like Gecko) Chrome/140.0.0.0 Safari/537.36
--------------------------------------------------------------------------------
[2025-09-15 10:16:42] [CUSTOM] [::1] Database connection established successfully
Context: {
    "host": "localhost",
    "database": "voting_system"
}
Request URI: /voting-system/users/user.php
User Agent: Mozilla/5.0 (Windows NT 10.0; Win64; x64) AppleWebKit/537.36 (KHTML, like Gecko) Chrome/140.0.0.0 Safari/537.36
--------------------------------------------------------------------------------
[2025-09-15 10:16:42] [CUSTOM] [::1] Database connection established successfully
Context: {
    "host": "localhost",
    "database": "voting_system"
}
Request URI: /voting-system/users/user.php
User Agent: Mozilla/5.0 (Windows NT 10.0; Win64; x64) AppleWebKit/537.36 (KHTML, like Gecko) Chrome/140.0.0.0 Safari/537.36
--------------------------------------------------------------------------------
[2025-09-15 10:16:42] [CUSTOM] [::1] Database connection established successfully
Context: {
    "host": "localhost",
    "database": "voting_system"
}
Request URI: /voting-system/users/user.php
User Agent: Mozilla/5.0 (Windows NT 10.0; Win64; x64) AppleWebKit/537.36 (KHTML, like Gecko) Chrome/140.0.0.0 Safari/537.36
--------------------------------------------------------------------------------
[2025-09-15 10:16:54] [CUSTOM] [::1] Database connection established successfully
Context: {
    "host": "localhost",
    "database": "voting_system"
}
Request URI: /voting-system/admin/admin.php?page=electionStatus
User Agent: Mozilla/5.0 (Windows NT 10.0; Win64; x64) AppleWebKit/537.36 (KHTML, like Gecko) Chrome/140.0.0.0 Safari/537.36
--------------------------------------------------------------------------------
[2025-09-15 10:16:54] [CUSTOM] [::1] Database connection established successfully
Context: {
    "host": "localhost",
    "database": "voting_system"
}
Request URI: /voting-system/admin/admin.php?page=electionStatus
User Agent: Mozilla/5.0 (Windows NT 10.0; Win64; x64) AppleWebKit/537.36 (KHTML, like Gecko) Chrome/140.0.0.0 Safari/537.36
--------------------------------------------------------------------------------
[2025-09-15 10:16:54] [CUSTOM] [::1] Database connection established successfully
Context: {
    "host": "localhost",
    "database": "voting_system"
}
Request URI: /voting-system/admin/admin.php?page=electionStatus
User Agent: Mozilla/5.0 (Windows NT 10.0; Win64; x64) AppleWebKit/537.36 (KHTML, like Gecko) Chrome/140.0.0.0 Safari/537.36
--------------------------------------------------------------------------------
[2025-09-15 10:16:54] [CUSTOM] [::1] Database connection established successfully
Context: {
    "host": "localhost",
    "database": "voting_system"
}
Request URI: /voting-system/admin/admin.php?page=electionStatus
User Agent: Mozilla/5.0 (Windows NT 10.0; Win64; x64) AppleWebKit/537.36 (KHTML, like Gecko) Chrome/140.0.0.0 Safari/537.36
--------------------------------------------------------------------------------
[2025-09-15 10:16:56] [CUSTOM] [::1] Database connection established successfully
Context: {
    "host": "localhost",
    "database": "voting_system"
}
Request URI: /voting-system/admin/admin.php?page=electionStatus
User Agent: Mozilla/5.0 (Windows NT 10.0; Win64; x64) AppleWebKit/537.36 (KHTML, like Gecko) Chrome/140.0.0.0 Safari/537.36
--------------------------------------------------------------------------------
[2025-09-15 10:16:56] [CUSTOM] [::1] Database connection established successfully
Context: {
    "host": "localhost",
    "database": "voting_system"
}
Request URI: /voting-system/admin/admin.php?page=electionStatus
User Agent: Mozilla/5.0 (Windows NT 10.0; Win64; x64) AppleWebKit/537.36 (KHTML, like Gecko) Chrome/140.0.0.0 Safari/537.36
--------------------------------------------------------------------------------
[2025-09-15 10:16:56] [CUSTOM] [::1] Database connection established successfully
Context: {
    "host": "localhost",
    "database": "voting_system"
}
Request URI: /voting-system/admin/admin.php?page=electionStatus
User Agent: Mozilla/5.0 (Windows NT 10.0; Win64; x64) AppleWebKit/537.36 (KHTML, like Gecko) Chrome/140.0.0.0 Safari/537.36
--------------------------------------------------------------------------------
[2025-09-15 10:16:56] [CUSTOM] [::1] Database connection established successfully
Context: {
    "host": "localhost",
    "database": "voting_system"
}
Request URI: /voting-system/admin/admin.php?page=electionStatus
User Agent: Mozilla/5.0 (Windows NT 10.0; Win64; x64) AppleWebKit/537.36 (KHTML, like Gecko) Chrome/140.0.0.0 Safari/537.36
--------------------------------------------------------------------------------
[2025-09-15 10:16:58] [CUSTOM] [::1] Database connection established successfully
Context: {
    "host": "localhost",
    "database": "voting_system"
}
Request URI: /voting-system/common/voteActions.php
User Agent: Mozilla/5.0 (Windows NT 10.0; Win64; x64) AppleWebKit/537.36 (KHTML, like Gecko) Chrome/140.0.0.0 Safari/537.36
--------------------------------------------------------------------------------
[2025-09-15 10:16:58] [CUSTOM] [::1] Database connection established successfully
Context: {
    "host": "localhost",
    "database": "voting_system"
}
Request URI: /voting-system/admin/admin.php
User Agent: Mozilla/5.0 (Windows NT 10.0; Win64; x64) AppleWebKit/537.36 (KHTML, like Gecko) Chrome/140.0.0.0 Safari/537.36
--------------------------------------------------------------------------------
[2025-09-15 10:16:58] [CUSTOM] [::1] Database connection established successfully
Context: {
    "host": "localhost",
    "database": "voting_system"
}
Request URI: /voting-system/admin/admin.php
User Agent: Mozilla/5.0 (Windows NT 10.0; Win64; x64) AppleWebKit/537.36 (KHTML, like Gecko) Chrome/140.0.0.0 Safari/537.36
--------------------------------------------------------------------------------
[2025-09-15 10:16:58] [CUSTOM] [::1] Database connection established successfully
Context: {
    "host": "localhost",
    "database": "voting_system"
}
Request URI: /voting-system/admin/admin.php
User Agent: Mozilla/5.0 (Windows NT 10.0; Win64; x64) AppleWebKit/537.36 (KHTML, like Gecko) Chrome/140.0.0.0 Safari/537.36
--------------------------------------------------------------------------------
[2025-09-15 10:17:00] [CUSTOM] [::1] Database connection established successfully
Context: {
    "host": "localhost",
    "database": "voting_system"
}
Request URI: /voting-system/admin/admin.php?page=electionStatus
User Agent: Mozilla/5.0 (Windows NT 10.0; Win64; x64) AppleWebKit/537.36 (KHTML, like Gecko) Chrome/140.0.0.0 Safari/537.36
--------------------------------------------------------------------------------
[2025-09-15 10:17:00] [CUSTOM] [::1] Database connection established successfully
Context: {
    "host": "localhost",
    "database": "voting_system"
}
Request URI: /voting-system/admin/admin.php?page=electionStatus
User Agent: Mozilla/5.0 (Windows NT 10.0; Win64; x64) AppleWebKit/537.36 (KHTML, like Gecko) Chrome/140.0.0.0 Safari/537.36
--------------------------------------------------------------------------------
[2025-09-15 10:17:00] [CUSTOM] [::1] Database connection established successfully
Context: {
    "host": "localhost",
    "database": "voting_system"
}
Request URI: /voting-system/admin/admin.php?page=electionStatus
User Agent: Mozilla/5.0 (Windows NT 10.0; Win64; x64) AppleWebKit/537.36 (KHTML, like Gecko) Chrome/140.0.0.0 Safari/537.36
--------------------------------------------------------------------------------
[2025-09-15 10:17:00] [CUSTOM] [::1] Database connection established successfully
Context: {
    "host": "localhost",
    "database": "voting_system"
}
Request URI: /voting-system/admin/admin.php?page=electionStatus
User Agent: Mozilla/5.0 (Windows NT 10.0; Win64; x64) AppleWebKit/537.36 (KHTML, like Gecko) Chrome/140.0.0.0 Safari/537.36
--------------------------------------------------------------------------------
[2025-09-15 10:17:05] [CUSTOM] [::1] Database connection established successfully
Context: {
    "host": "localhost",
    "database": "voting_system"
}
Request URI: /voting-system/common/voteActions.php
User Agent: Mozilla/5.0 (Windows NT 10.0; Win64; x64) AppleWebKit/537.36 (KHTML, like Gecko) Chrome/140.0.0.0 Safari/537.36
--------------------------------------------------------------------------------
[2025-09-15 10:17:05] [CUSTOM] [::1] Database connection established successfully
Context: {
    "host": "localhost",
    "database": "voting_system"
}
Request URI: /voting-system/admin/admin.php
User Agent: Mozilla/5.0 (Windows NT 10.0; Win64; x64) AppleWebKit/537.36 (KHTML, like Gecko) Chrome/140.0.0.0 Safari/537.36
--------------------------------------------------------------------------------
[2025-09-15 10:17:05] [CUSTOM] [::1] Database connection established successfully
Context: {
    "host": "localhost",
    "database": "voting_system"
}
Request URI: /voting-system/admin/admin.php
User Agent: Mozilla/5.0 (Windows NT 10.0; Win64; x64) AppleWebKit/537.36 (KHTML, like Gecko) Chrome/140.0.0.0 Safari/537.36
--------------------------------------------------------------------------------
[2025-09-15 10:17:05] [CUSTOM] [::1] Database connection established successfully
Context: {
    "host": "localhost",
    "database": "voting_system"
}
Request URI: /voting-system/admin/admin.php
User Agent: Mozilla/5.0 (Windows NT 10.0; Win64; x64) AppleWebKit/537.36 (KHTML, like Gecko) Chrome/140.0.0.0 Safari/537.36
--------------------------------------------------------------------------------
[2025-09-15 10:17:06] [CUSTOM] [::1] Database connection established successfully
Context: {
    "host": "localhost",
    "database": "voting_system"
}
Request URI: /voting-system/admin/admin.php?page=electionStatus
User Agent: Mozilla/5.0 (Windows NT 10.0; Win64; x64) AppleWebKit/537.36 (KHTML, like Gecko) Chrome/140.0.0.0 Safari/537.36
--------------------------------------------------------------------------------
[2025-09-15 10:17:06] [CUSTOM] [::1] Database connection established successfully
Context: {
    "host": "localhost",
    "database": "voting_system"
}
Request URI: /voting-system/admin/admin.php?page=electionStatus
User Agent: Mozilla/5.0 (Windows NT 10.0; Win64; x64) AppleWebKit/537.36 (KHTML, like Gecko) Chrome/140.0.0.0 Safari/537.36
--------------------------------------------------------------------------------
[2025-09-15 10:17:06] [CUSTOM] [::1] Database connection established successfully
Context: {
    "host": "localhost",
    "database": "voting_system"
}
Request URI: /voting-system/admin/admin.php?page=electionStatus
User Agent: Mozilla/5.0 (Windows NT 10.0; Win64; x64) AppleWebKit/537.36 (KHTML, like Gecko) Chrome/140.0.0.0 Safari/537.36
--------------------------------------------------------------------------------
[2025-09-15 10:17:06] [CUSTOM] [::1] Database connection established successfully
Context: {
    "host": "localhost",
    "database": "voting_system"
}
Request URI: /voting-system/admin/admin.php?page=electionStatus
User Agent: Mozilla/5.0 (Windows NT 10.0; Win64; x64) AppleWebKit/537.36 (KHTML, like Gecko) Chrome/140.0.0.0 Safari/537.36
--------------------------------------------------------------------------------
[2025-09-15 10:17:37] [CUSTOM] [::1] Database connection established successfully
Context: {
    "host": "localhost",
    "database": "voting_system"
}
Request URI: /voting-system/admin/admin.php?page=electionStatus
User Agent: Mozilla/5.0 (Windows NT 10.0; Win64; x64) AppleWebKit/537.36 (KHTML, like Gecko) Chrome/140.0.0.0 Safari/537.36
--------------------------------------------------------------------------------
[2025-09-15 10:17:37] [CUSTOM] [::1] Database connection established successfully
Context: {
    "host": "localhost",
    "database": "voting_system"
}
Request URI: /voting-system/admin/admin.php?page=electionStatus
User Agent: Mozilla/5.0 (Windows NT 10.0; Win64; x64) AppleWebKit/537.36 (KHTML, like Gecko) Chrome/140.0.0.0 Safari/537.36
--------------------------------------------------------------------------------
[2025-09-15 10:17:37] [CUSTOM] [::1] Database connection established successfully
Context: {
    "host": "localhost",
    "database": "voting_system"
}
Request URI: /voting-system/admin/admin.php?page=electionStatus
User Agent: Mozilla/5.0 (Windows NT 10.0; Win64; x64) AppleWebKit/537.36 (KHTML, like Gecko) Chrome/140.0.0.0 Safari/537.36
--------------------------------------------------------------------------------
[2025-09-15 10:17:37] [CUSTOM] [::1] Database connection established successfully
Context: {
    "host": "localhost",
    "database": "voting_system"
}
Request URI: /voting-system/admin/admin.php?page=electionStatus
User Agent: Mozilla/5.0 (Windows NT 10.0; Win64; x64) AppleWebKit/537.36 (KHTML, like Gecko) Chrome/140.0.0.0 Safari/537.36
--------------------------------------------------------------------------------
[2025-09-15 10:17:44] [CUSTOM] [::1] Database connection established successfully
Context: {
    "host": "localhost",
    "database": "voting_system"
}
Request URI: /voting-system/admin/admin.php?page=electionStatus
User Agent: Mozilla/5.0 (Windows NT 10.0; Win64; x64) AppleWebKit/537.36 (KHTML, like Gecko) Chrome/140.0.0.0 Safari/537.36
--------------------------------------------------------------------------------
[2025-09-15 10:17:44] [CUSTOM] [::1] Database connection established successfully
Context: {
    "host": "localhost",
    "database": "voting_system"
}
Request URI: /voting-system/admin/admin.php?page=electionStatus
User Agent: Mozilla/5.0 (Windows NT 10.0; Win64; x64) AppleWebKit/537.36 (KHTML, like Gecko) Chrome/140.0.0.0 Safari/537.36
--------------------------------------------------------------------------------
[2025-09-15 10:17:44] [CUSTOM] [::1] Database connection established successfully
Context: {
    "host": "localhost",
    "database": "voting_system"
}
Request URI: /voting-system/admin/admin.php?page=electionStatus
User Agent: Mozilla/5.0 (Windows NT 10.0; Win64; x64) AppleWebKit/537.36 (KHTML, like Gecko) Chrome/140.0.0.0 Safari/537.36
--------------------------------------------------------------------------------
[2025-09-15 10:17:44] [CUSTOM] [::1] Database connection established successfully
Context: {
    "host": "localhost",
    "database": "voting_system"
}
Request URI: /voting-system/admin/admin.php?page=electionStatus
User Agent: Mozilla/5.0 (Windows NT 10.0; Win64; x64) AppleWebKit/537.36 (KHTML, like Gecko) Chrome/140.0.0.0 Safari/537.36
--------------------------------------------------------------------------------
[2025-09-15 10:17:46] [CUSTOM] [::1] Database connection established successfully
Context: {
    "host": "localhost",
    "database": "voting_system"
}
Request URI: /voting-system/common/voteActions.php
User Agent: Mozilla/5.0 (Windows NT 10.0; Win64; x64) AppleWebKit/537.36 (KHTML, like Gecko) Chrome/140.0.0.0 Safari/537.36
--------------------------------------------------------------------------------
[2025-09-15 10:17:46] [CUSTOM] [::1] Database connection established successfully
Context: {
    "host": "localhost",
    "database": "voting_system"
}
Request URI: /voting-system/admin/admin.php
User Agent: Mozilla/5.0 (Windows NT 10.0; Win64; x64) AppleWebKit/537.36 (KHTML, like Gecko) Chrome/140.0.0.0 Safari/537.36
--------------------------------------------------------------------------------
[2025-09-15 10:17:46] [CUSTOM] [::1] Database connection established successfully
Context: {
    "host": "localhost",
    "database": "voting_system"
}
Request URI: /voting-system/admin/admin.php
User Agent: Mozilla/5.0 (Windows NT 10.0; Win64; x64) AppleWebKit/537.36 (KHTML, like Gecko) Chrome/140.0.0.0 Safari/537.36
--------------------------------------------------------------------------------
[2025-09-15 10:17:46] [CUSTOM] [::1] Database connection established successfully
Context: {
    "host": "localhost",
    "database": "voting_system"
}
Request URI: /voting-system/admin/admin.php
User Agent: Mozilla/5.0 (Windows NT 10.0; Win64; x64) AppleWebKit/537.36 (KHTML, like Gecko) Chrome/140.0.0.0 Safari/537.36
--------------------------------------------------------------------------------
[2025-09-15 10:17:47] [CUSTOM] [::1] Database connection established successfully
Context: {
    "host": "localhost",
    "database": "voting_system"
}
Request URI: /voting-system/admin/admin.php?page=electionStatus
User Agent: Mozilla/5.0 (Windows NT 10.0; Win64; x64) AppleWebKit/537.36 (KHTML, like Gecko) Chrome/140.0.0.0 Safari/537.36
--------------------------------------------------------------------------------
[2025-09-15 10:17:47] [CUSTOM] [::1] Database connection established successfully
Context: {
    "host": "localhost",
    "database": "voting_system"
}
Request URI: /voting-system/admin/admin.php?page=electionStatus
User Agent: Mozilla/5.0 (Windows NT 10.0; Win64; x64) AppleWebKit/537.36 (KHTML, like Gecko) Chrome/140.0.0.0 Safari/537.36
--------------------------------------------------------------------------------
[2025-09-15 10:17:47] [CUSTOM] [::1] Database connection established successfully
Context: {
    "host": "localhost",
    "database": "voting_system"
}
Request URI: /voting-system/admin/admin.php?page=electionStatus
User Agent: Mozilla/5.0 (Windows NT 10.0; Win64; x64) AppleWebKit/537.36 (KHTML, like Gecko) Chrome/140.0.0.0 Safari/537.36
--------------------------------------------------------------------------------
[2025-09-15 10:17:47] [CUSTOM] [::1] Database connection established successfully
Context: {
    "host": "localhost",
    "database": "voting_system"
}
Request URI: /voting-system/admin/admin.php?page=electionStatus
User Agent: Mozilla/5.0 (Windows NT 10.0; Win64; x64) AppleWebKit/537.36 (KHTML, like Gecko) Chrome/140.0.0.0 Safari/537.36
--------------------------------------------------------------------------------
[2025-09-15 10:17:53] [CUSTOM] [::1] Database connection established successfully
Context: {
    "host": "localhost",
    "database": "voting_system"
}
Request URI: /voting-system/common/voteActions.php
User Agent: Mozilla/5.0 (Windows NT 10.0; Win64; x64) AppleWebKit/537.36 (KHTML, like Gecko) Chrome/140.0.0.0 Safari/537.36
--------------------------------------------------------------------------------
[2025-09-15 10:17:54] [CUSTOM] [::1] Database connection established successfully
Context: {
    "host": "localhost",
    "database": "voting_system"
}
Request URI: /voting-system/admin/admin.php
User Agent: Mozilla/5.0 (Windows NT 10.0; Win64; x64) AppleWebKit/537.36 (KHTML, like Gecko) Chrome/140.0.0.0 Safari/537.36
--------------------------------------------------------------------------------
[2025-09-15 10:17:54] [CUSTOM] [::1] Database connection established successfully
Context: {
    "host": "localhost",
    "database": "voting_system"
}
Request URI: /voting-system/admin/admin.php
User Agent: Mozilla/5.0 (Windows NT 10.0; Win64; x64) AppleWebKit/537.36 (KHTML, like Gecko) Chrome/140.0.0.0 Safari/537.36
--------------------------------------------------------------------------------
[2025-09-15 10:17:54] [CUSTOM] [::1] Database connection established successfully
Context: {
    "host": "localhost",
    "database": "voting_system"
}
Request URI: /voting-system/admin/admin.php
User Agent: Mozilla/5.0 (Windows NT 10.0; Win64; x64) AppleWebKit/537.36 (KHTML, like Gecko) Chrome/140.0.0.0 Safari/537.36
--------------------------------------------------------------------------------
[2025-09-15 10:17:55] [CUSTOM] [::1] Database connection established successfully
Context: {
    "host": "localhost",
    "database": "voting_system"
}
Request URI: /voting-system/admin/admin.php?page=electionStatus
User Agent: Mozilla/5.0 (Windows NT 10.0; Win64; x64) AppleWebKit/537.36 (KHTML, like Gecko) Chrome/140.0.0.0 Safari/537.36
--------------------------------------------------------------------------------
[2025-09-15 10:17:55] [CUSTOM] [::1] Database connection established successfully
Context: {
    "host": "localhost",
    "database": "voting_system"
}
Request URI: /voting-system/admin/admin.php?page=electionStatus
User Agent: Mozilla/5.0 (Windows NT 10.0; Win64; x64) AppleWebKit/537.36 (KHTML, like Gecko) Chrome/140.0.0.0 Safari/537.36
--------------------------------------------------------------------------------
[2025-09-15 10:17:55] [CUSTOM] [::1] Database connection established successfully
Context: {
    "host": "localhost",
    "database": "voting_system"
}
Request URI: /voting-system/admin/admin.php?page=electionStatus
User Agent: Mozilla/5.0 (Windows NT 10.0; Win64; x64) AppleWebKit/537.36 (KHTML, like Gecko) Chrome/140.0.0.0 Safari/537.36
--------------------------------------------------------------------------------
[2025-09-15 10:17:55] [CUSTOM] [::1] Database connection established successfully
Context: {
    "host": "localhost",
    "database": "voting_system"
}
Request URI: /voting-system/admin/admin.php?page=electionStatus
User Agent: Mozilla/5.0 (Windows NT 10.0; Win64; x64) AppleWebKit/537.36 (KHTML, like Gecko) Chrome/140.0.0.0 Safari/537.36
--------------------------------------------------------------------------------
[2025-09-15 10:18:00] [CUSTOM] [::1] Database connection established successfully
Context: {
    "host": "localhost",
    "database": "voting_system"
}
Request URI: /voting-system/common/voteActions.php
User Agent: Mozilla/5.0 (Windows NT 10.0; Win64; x64) AppleWebKit/537.36 (KHTML, like Gecko) Chrome/140.0.0.0 Safari/537.36
--------------------------------------------------------------------------------
[2025-09-15 10:18:00] [CUSTOM] [::1] Database connection established successfully
Context: {
    "host": "localhost",
    "database": "voting_system"
}
Request URI: /voting-system/admin/admin.php
User Agent: Mozilla/5.0 (Windows NT 10.0; Win64; x64) AppleWebKit/537.36 (KHTML, like Gecko) Chrome/140.0.0.0 Safari/537.36
--------------------------------------------------------------------------------
[2025-09-15 10:18:00] [CUSTOM] [::1] Database connection established successfully
Context: {
    "host": "localhost",
    "database": "voting_system"
}
Request URI: /voting-system/admin/admin.php
User Agent: Mozilla/5.0 (Windows NT 10.0; Win64; x64) AppleWebKit/537.36 (KHTML, like Gecko) Chrome/140.0.0.0 Safari/537.36
--------------------------------------------------------------------------------
[2025-09-15 10:18:00] [CUSTOM] [::1] Database connection established successfully
Context: {
    "host": "localhost",
    "database": "voting_system"
}
Request URI: /voting-system/admin/admin.php
User Agent: Mozilla/5.0 (Windows NT 10.0; Win64; x64) AppleWebKit/537.36 (KHTML, like Gecko) Chrome/140.0.0.0 Safari/537.36
--------------------------------------------------------------------------------
[2025-09-15 10:18:01] [CUSTOM] [::1] Database connection established successfully
Context: {
    "host": "localhost",
    "database": "voting_system"
}
Request URI: /voting-system/admin/admin.php?page=electionStatus
User Agent: Mozilla/5.0 (Windows NT 10.0; Win64; x64) AppleWebKit/537.36 (KHTML, like Gecko) Chrome/140.0.0.0 Safari/537.36
--------------------------------------------------------------------------------
[2025-09-15 10:18:01] [CUSTOM] [::1] Database connection established successfully
Context: {
    "host": "localhost",
    "database": "voting_system"
}
Request URI: /voting-system/admin/admin.php?page=electionStatus
User Agent: Mozilla/5.0 (Windows NT 10.0; Win64; x64) AppleWebKit/537.36 (KHTML, like Gecko) Chrome/140.0.0.0 Safari/537.36
--------------------------------------------------------------------------------
[2025-09-15 10:18:01] [CUSTOM] [::1] Database connection established successfully
Context: {
    "host": "localhost",
    "database": "voting_system"
}
Request URI: /voting-system/admin/admin.php?page=electionStatus
User Agent: Mozilla/5.0 (Windows NT 10.0; Win64; x64) AppleWebKit/537.36 (KHTML, like Gecko) Chrome/140.0.0.0 Safari/537.36
--------------------------------------------------------------------------------
[2025-09-15 10:18:01] [CUSTOM] [::1] Database connection established successfully
Context: {
    "host": "localhost",
    "database": "voting_system"
}
Request URI: /voting-system/admin/admin.php?page=electionStatus
User Agent: Mozilla/5.0 (Windows NT 10.0; Win64; x64) AppleWebKit/537.36 (KHTML, like Gecko) Chrome/140.0.0.0 Safari/537.36
--------------------------------------------------------------------------------
[2025-09-15 10:18:03] [CUSTOM] [::1] Database connection established successfully
Context: {
    "host": "localhost",
    "database": "voting_system"
}
Request URI: /voting-system/common/voteActions.php
User Agent: Mozilla/5.0 (Windows NT 10.0; Win64; x64) AppleWebKit/537.36 (KHTML, like Gecko) Chrome/140.0.0.0 Safari/537.36
--------------------------------------------------------------------------------
[2025-09-15 10:18:03] [CUSTOM] [::1] Database connection established successfully
Context: {
    "host": "localhost",
    "database": "voting_system"
}
Request URI: /voting-system/admin/admin.php
User Agent: Mozilla/5.0 (Windows NT 10.0; Win64; x64) AppleWebKit/537.36 (KHTML, like Gecko) Chrome/140.0.0.0 Safari/537.36
--------------------------------------------------------------------------------
[2025-09-15 10:18:03] [CUSTOM] [::1] Database connection established successfully
Context: {
    "host": "localhost",
    "database": "voting_system"
}
Request URI: /voting-system/admin/admin.php
User Agent: Mozilla/5.0 (Windows NT 10.0; Win64; x64) AppleWebKit/537.36 (KHTML, like Gecko) Chrome/140.0.0.0 Safari/537.36
--------------------------------------------------------------------------------
[2025-09-15 10:18:03] [CUSTOM] [::1] Database connection established successfully
Context: {
    "host": "localhost",
    "database": "voting_system"
}
Request URI: /voting-system/admin/admin.php
User Agent: Mozilla/5.0 (Windows NT 10.0; Win64; x64) AppleWebKit/537.36 (KHTML, like Gecko) Chrome/140.0.0.0 Safari/537.36
--------------------------------------------------------------------------------
[2025-09-15 10:18:04] [CUSTOM] [::1] Database connection established successfully
Context: {
    "host": "localhost",
    "database": "voting_system"
}
Request URI: /voting-system/admin/admin.php?page=electionStatus
User Agent: Mozilla/5.0 (Windows NT 10.0; Win64; x64) AppleWebKit/537.36 (KHTML, like Gecko) Chrome/140.0.0.0 Safari/537.36
--------------------------------------------------------------------------------
[2025-09-15 10:18:04] [CUSTOM] [::1] Database connection established successfully
Context: {
    "host": "localhost",
    "database": "voting_system"
}
Request URI: /voting-system/admin/admin.php?page=electionStatus
User Agent: Mozilla/5.0 (Windows NT 10.0; Win64; x64) AppleWebKit/537.36 (KHTML, like Gecko) Chrome/140.0.0.0 Safari/537.36
--------------------------------------------------------------------------------
[2025-09-15 10:18:04] [CUSTOM] [::1] Database connection established successfully
Context: {
    "host": "localhost",
    "database": "voting_system"
}
Request URI: /voting-system/admin/admin.php?page=electionStatus
User Agent: Mozilla/5.0 (Windows NT 10.0; Win64; x64) AppleWebKit/537.36 (KHTML, like Gecko) Chrome/140.0.0.0 Safari/537.36
--------------------------------------------------------------------------------
[2025-09-15 10:18:04] [CUSTOM] [::1] Database connection established successfully
Context: {
    "host": "localhost",
    "database": "voting_system"
}
Request URI: /voting-system/admin/admin.php?page=electionStatus
User Agent: Mozilla/5.0 (Windows NT 10.0; Win64; x64) AppleWebKit/537.36 (KHTML, like Gecko) Chrome/140.0.0.0 Safari/537.36
--------------------------------------------------------------------------------
[2025-09-15 10:18:31] [CUSTOM] [::1] Database connection established successfully
Context: {
    "host": "localhost",
    "database": "voting_system"
}
Request URI: /voting-system/admin/admin.php?page=electionStatus
User Agent: Mozilla/5.0 (Windows NT 10.0; Win64; x64) AppleWebKit/537.36 (KHTML, like Gecko) Chrome/140.0.0.0 Safari/537.36
--------------------------------------------------------------------------------
[2025-09-15 10:18:31] [CUSTOM] [::1] Database connection established successfully
Context: {
    "host": "localhost",
    "database": "voting_system"
}
Request URI: /voting-system/admin/admin.php?page=electionStatus
User Agent: Mozilla/5.0 (Windows NT 10.0; Win64; x64) AppleWebKit/537.36 (KHTML, like Gecko) Chrome/140.0.0.0 Safari/537.36
--------------------------------------------------------------------------------
[2025-09-15 10:18:31] [CUSTOM] [::1] Database connection established successfully
Context: {
    "host": "localhost",
    "database": "voting_system"
}
Request URI: /voting-system/admin/admin.php?page=electionStatus
User Agent: Mozilla/5.0 (Windows NT 10.0; Win64; x64) AppleWebKit/537.36 (KHTML, like Gecko) Chrome/140.0.0.0 Safari/537.36
--------------------------------------------------------------------------------
[2025-09-15 10:18:31] [CUSTOM] [::1] Database connection established successfully
Context: {
    "host": "localhost",
    "database": "voting_system"
}
Request URI: /voting-system/admin/admin.php?page=electionStatus
User Agent: Mozilla/5.0 (Windows NT 10.0; Win64; x64) AppleWebKit/537.36 (KHTML, like Gecko) Chrome/140.0.0.0 Safari/537.36
--------------------------------------------------------------------------------
[2025-09-15 10:18:57] [CUSTOM] [::1] Database connection established successfully
Context: {
    "host": "localhost",
    "database": "voting_system"
}
Request URI: /voting-system/admin/admin.php?page=analytics
User Agent: Mozilla/5.0 (Windows NT 10.0; Win64; x64) AppleWebKit/537.36 (KHTML, like Gecko) Chrome/140.0.0.0 Safari/537.36
--------------------------------------------------------------------------------
[2025-09-15 10:18:57] [CUSTOM] [::1] Database connection established successfully
Context: {
    "host": "localhost",
    "database": "voting_system"
}
Request URI: /voting-system/admin/admin.php?page=analytics
User Agent: Mozilla/5.0 (Windows NT 10.0; Win64; x64) AppleWebKit/537.36 (KHTML, like Gecko) Chrome/140.0.0.0 Safari/537.36
--------------------------------------------------------------------------------
[2025-09-15 10:18:57] [CUSTOM] [::1] Database connection established successfully
Context: {
    "host": "localhost",
    "database": "voting_system"
}
Request URI: /voting-system/admin/admin.php?page=analytics
User Agent: Mozilla/5.0 (Windows NT 10.0; Win64; x64) AppleWebKit/537.36 (KHTML, like Gecko) Chrome/140.0.0.0 Safari/537.36
--------------------------------------------------------------------------------
[2025-09-15 10:18:57] [EXCEPTION] [::1] analytics.php:150 - mysqli_fetch_assoc(): Argument #1 ($result) must be of type mysqli_result, bool given
Stack Trace:
#0 D:\OFFICE\TpotsProject\www\voting-system\admin\content\analytics.php(150): mysqli_fetch_assoc(false)
#1 D:\OFFICE\TpotsProject\www\voting-system\admin\admin.php(310): include('D:\\OFFICE\\Tpots...')
#2 {main}
Request URI: /voting-system/admin/admin.php?page=analytics
User Agent: Mozilla/5.0 (Windows NT 10.0; Win64; x64) AppleWebKit/537.36 (KHTML, like Gecko) Chrome/140.0.0.0 Safari/537.36
--------------------------------------------------------------------------------
[2025-09-15 10:19:24] [CUSTOM] [::1] Database connection established successfully
Context: {
    "host": "localhost",
    "database": "voting_system"
}
Request URI: /voting-system/admin/admin.php?page=analytics
User Agent: Mozilla/5.0 (Windows NT 10.0; Win64; x64) AppleWebKit/537.36 (KHTML, like Gecko) Chrome/140.0.0.0 Safari/537.36
--------------------------------------------------------------------------------
[2025-09-15 10:19:24] [CUSTOM] [::1] Database connection established successfully
Context: {
    "host": "localhost",
    "database": "voting_system"
}
Request URI: /voting-system/admin/admin.php?page=analytics
User Agent: Mozilla/5.0 (Windows NT 10.0; Win64; x64) AppleWebKit/537.36 (KHTML, like Gecko) Chrome/140.0.0.0 Safari/537.36
--------------------------------------------------------------------------------
[2025-09-15 10:19:24] [CUSTOM] [::1] Database connection established successfully
Context: {
    "host": "localhost",
    "database": "voting_system"
}
Request URI: /voting-system/admin/admin.php?page=analytics
User Agent: Mozilla/5.0 (Windows NT 10.0; Win64; x64) AppleWebKit/537.36 (KHTML, like Gecko) Chrome/140.0.0.0 Safari/537.36
--------------------------------------------------------------------------------
[2025-09-15 10:19:24] [EXCEPTION] [::1] analytics.php:150 - mysqli_fetch_assoc(): Argument #1 ($result) must be of type mysqli_result, bool given
Stack Trace:
#0 D:\OFFICE\TpotsProject\www\voting-system\admin\content\analytics.php(150): mysqli_fetch_assoc(false)
#1 D:\OFFICE\TpotsProject\www\voting-system\admin\admin.php(310): include('D:\\OFFICE\\Tpots...')
#2 {main}
Request URI: /voting-system/admin/admin.php?page=analytics
User Agent: Mozilla/5.0 (Windows NT 10.0; Win64; x64) AppleWebKit/537.36 (KHTML, like Gecko) Chrome/140.0.0.0 Safari/537.36
--------------------------------------------------------------------------------
[2025-09-15 10:19:42] [CUSTOM] [::1] Database connection established successfully
Context: {
    "host": "localhost",
    "database": "voting_system"
}
Request URI: /voting-system/admin/admin.php?page=analytics
User Agent: Mozilla/5.0 (Windows NT 10.0; Win64; x64) AppleWebKit/537.36 (KHTML, like Gecko) Chrome/140.0.0.0 Safari/537.36
--------------------------------------------------------------------------------
[2025-09-15 10:19:42] [CUSTOM] [::1] Database connection established successfully
Context: {
    "host": "localhost",
    "database": "voting_system"
}
Request URI: /voting-system/admin/admin.php?page=analytics
User Agent: Mozilla/5.0 (Windows NT 10.0; Win64; x64) AppleWebKit/537.36 (KHTML, like Gecko) Chrome/140.0.0.0 Safari/537.36
--------------------------------------------------------------------------------
[2025-09-15 10:19:42] [CUSTOM] [::1] Database connection established successfully
Context: {
    "host": "localhost",
    "database": "voting_system"
}
Request URI: /voting-system/admin/admin.php?page=analytics
User Agent: Mozilla/5.0 (Windows NT 10.0; Win64; x64) AppleWebKit/537.36 (KHTML, like Gecko) Chrome/140.0.0.0 Safari/537.36
--------------------------------------------------------------------------------
[2025-09-15 10:19:42] [EXCEPTION] [::1] analytics.php:150 - mysqli_fetch_assoc(): Argument #1 ($result) must be of type mysqli_result, bool given
Stack Trace:
#0 D:\OFFICE\TpotsProject\www\voting-system\admin\content\analytics.php(150): mysqli_fetch_assoc(false)
#1 D:\OFFICE\TpotsProject\www\voting-system\admin\admin.php(310): include('D:\\OFFICE\\Tpots...')
#2 {main}
Request URI: /voting-system/admin/admin.php?page=analytics
User Agent: Mozilla/5.0 (Windows NT 10.0; Win64; x64) AppleWebKit/537.36 (KHTML, like Gecko) Chrome/140.0.0.0 Safari/537.36
--------------------------------------------------------------------------------
[2025-09-15 10:19:59] [CUSTOM] [::1] Database connection established successfully
Context: {
    "host": "localhost",
    "database": "voting_system"
}
Request URI: /voting-system/admin/admin.php?page=analytics
User Agent: Mozilla/5.0 (Windows NT 10.0; Win64; x64) AppleWebKit/537.36 (KHTML, like Gecko) Chrome/140.0.0.0 Safari/537.36
--------------------------------------------------------------------------------
[2025-09-15 10:19:59] [CUSTOM] [::1] Database connection established successfully
Context: {
    "host": "localhost",
    "database": "voting_system"
}
Request URI: /voting-system/admin/admin.php?page=analytics
User Agent: Mozilla/5.0 (Windows NT 10.0; Win64; x64) AppleWebKit/537.36 (KHTML, like Gecko) Chrome/140.0.0.0 Safari/537.36
--------------------------------------------------------------------------------
[2025-09-15 10:19:59] [CUSTOM] [::1] Database connection established successfully
Context: {
    "host": "localhost",
    "database": "voting_system"
}
Request URI: /voting-system/admin/admin.php?page=analytics
User Agent: Mozilla/5.0 (Windows NT 10.0; Win64; x64) AppleWebKit/537.36 (KHTML, like Gecko) Chrome/140.0.0.0 Safari/537.36
--------------------------------------------------------------------------------
[2025-09-15 10:19:59] [EXCEPTION] [::1] analytics.php:150 - mysqli_fetch_assoc(): Argument #1 ($result) must be of type mysqli_result, bool given
Stack Trace:
#0 D:\OFFICE\TpotsProject\www\voting-system\admin\content\analytics.php(150): mysqli_fetch_assoc(false)
#1 D:\OFFICE\TpotsProject\www\voting-system\admin\admin.php(310): include('D:\\OFFICE\\Tpots...')
#2 {main}
Request URI: /voting-system/admin/admin.php?page=analytics
User Agent: Mozilla/5.0 (Windows NT 10.0; Win64; x64) AppleWebKit/537.36 (KHTML, like Gecko) Chrome/140.0.0.0 Safari/537.36
--------------------------------------------------------------------------------
[2025-09-15 10:20:01] [CUSTOM] [::1] Database connection established successfully
Context: {
    "host": "localhost",
    "database": "voting_system"
}
Request URI: /voting-system/admin/admin.php?page=electionStatus
User Agent: Mozilla/5.0 (Windows NT 10.0; Win64; x64) AppleWebKit/537.36 (KHTML, like Gecko) Chrome/140.0.0.0 Safari/537.36
--------------------------------------------------------------------------------
[2025-09-15 10:20:01] [CUSTOM] [::1] Database connection established successfully
Context: {
    "host": "localhost",
    "database": "voting_system"
}
Request URI: /voting-system/admin/admin.php?page=electionStatus
User Agent: Mozilla/5.0 (Windows NT 10.0; Win64; x64) AppleWebKit/537.36 (KHTML, like Gecko) Chrome/140.0.0.0 Safari/537.36
--------------------------------------------------------------------------------
[2025-09-15 10:20:01] [CUSTOM] [::1] Database connection established successfully
Context: {
    "host": "localhost",
    "database": "voting_system"
}
Request URI: /voting-system/admin/admin.php?page=electionStatus
User Agent: Mozilla/5.0 (Windows NT 10.0; Win64; x64) AppleWebKit/537.36 (KHTML, like Gecko) Chrome/140.0.0.0 Safari/537.36
--------------------------------------------------------------------------------
[2025-09-15 10:20:01] [CUSTOM] [::1] Database connection established successfully
Context: {
    "host": "localhost",
    "database": "voting_system"
}
Request URI: /voting-system/admin/admin.php?page=electionStatus
User Agent: Mozilla/5.0 (Windows NT 10.0; Win64; x64) AppleWebKit/537.36 (KHTML, like Gecko) Chrome/140.0.0.0 Safari/537.36
--------------------------------------------------------------------------------
[2025-09-15 10:20:48] [CUSTOM] [::1] Database connection established successfully
Context: {
    "host": "localhost",
    "database": "voting_system"
}
Request URI: /voting-system/admin/admin.php?page=dashboard
User Agent: Mozilla/5.0 (Windows NT 10.0; Win64; x64) AppleWebKit/537.36 (KHTML, like Gecko) Chrome/140.0.0.0 Safari/537.36
--------------------------------------------------------------------------------
[2025-09-15 10:20:48] [CUSTOM] [::1] Database connection established successfully
Context: {
    "host": "localhost",
    "database": "voting_system"
}
Request URI: /voting-system/admin/admin.php?page=dashboard
User Agent: Mozilla/5.0 (Windows NT 10.0; Win64; x64) AppleWebKit/537.36 (KHTML, like Gecko) Chrome/140.0.0.0 Safari/537.36
--------------------------------------------------------------------------------
[2025-09-15 10:20:48] [CUSTOM] [::1] Database connection established successfully
Context: {
    "host": "localhost",
    "database": "voting_system"
}
Request URI: /voting-system/admin/admin.php?page=dashboard
User Agent: Mozilla/5.0 (Windows NT 10.0; Win64; x64) AppleWebKit/537.36 (KHTML, like Gecko) Chrome/140.0.0.0 Safari/537.36
--------------------------------------------------------------------------------
[2025-09-15 10:20:50] [CUSTOM] [::1] Database connection established successfully
Context: {
    "host": "localhost",
    "database": "voting_system"
}
Request URI: /voting-system/admin/admin.php?page=candidates
User Agent: Mozilla/5.0 (Windows NT 10.0; Win64; x64) AppleWebKit/537.36 (KHTML, like Gecko) Chrome/140.0.0.0 Safari/537.36
--------------------------------------------------------------------------------
[2025-09-15 10:20:50] [CUSTOM] [::1] Database connection established successfully
Context: {
    "host": "localhost",
    "database": "voting_system"
}
Request URI: /voting-system/admin/admin.php?page=candidates
User Agent: Mozilla/5.0 (Windows NT 10.0; Win64; x64) AppleWebKit/537.36 (KHTML, like Gecko) Chrome/140.0.0.0 Safari/537.36
--------------------------------------------------------------------------------
[2025-09-15 10:20:50] [CUSTOM] [::1] Database connection established successfully
Context: {
    "host": "localhost",
    "database": "voting_system"
}
Request URI: /voting-system/admin/admin.php?page=candidates
User Agent: Mozilla/5.0 (Windows NT 10.0; Win64; x64) AppleWebKit/537.36 (KHTML, like Gecko) Chrome/140.0.0.0 Safari/537.36
--------------------------------------------------------------------------------
[2025-09-15 10:20:55] [CUSTOM] [::1] Database connection established successfully
Context: {
    "host": "localhost",
    "database": "voting_system"
}
Request URI: /voting-system/admin/admin.php?page=userManagement
User Agent: Mozilla/5.0 (Windows NT 10.0; Win64; x64) AppleWebKit/537.36 (KHTML, like Gecko) Chrome/140.0.0.0 Safari/537.36
--------------------------------------------------------------------------------
[2025-09-15 10:20:55] [CUSTOM] [::1] Database connection established successfully
Context: {
    "host": "localhost",
    "database": "voting_system"
}
Request URI: /voting-system/admin/admin.php?page=userManagement
User Agent: Mozilla/5.0 (Windows NT 10.0; Win64; x64) AppleWebKit/537.36 (KHTML, like Gecko) Chrome/140.0.0.0 Safari/537.36
--------------------------------------------------------------------------------
[2025-09-15 10:20:55] [CUSTOM] [::1] Database connection established successfully
Context: {
    "host": "localhost",
    "database": "voting_system"
}
Request URI: /voting-system/admin/admin.php?page=userManagement
User Agent: Mozilla/5.0 (Windows NT 10.0; Win64; x64) AppleWebKit/537.36 (KHTML, like Gecko) Chrome/140.0.0.0 Safari/537.36
--------------------------------------------------------------------------------
[2025-09-15 10:21:33] [CUSTOM] [::1] Database connection established successfully
Context: {
    "host": "localhost",
    "database": "voting_system"
}
Request URI: /voting-system/admin/admin.php?page=userManagement
User Agent: Mozilla/5.0 (Windows NT 10.0; Win64; x64) AppleWebKit/537.36 (KHTML, like Gecko) Chrome/140.0.0.0 Safari/537.36
--------------------------------------------------------------------------------
[2025-09-15 10:21:33] [CUSTOM] [::1] Database connection established successfully
Context: {
    "host": "localhost",
    "database": "voting_system"
}
Request URI: /voting-system/admin/admin.php?page=userManagement
User Agent: Mozilla/5.0 (Windows NT 10.0; Win64; x64) AppleWebKit/537.36 (KHTML, like Gecko) Chrome/140.0.0.0 Safari/537.36
--------------------------------------------------------------------------------
[2025-09-15 10:21:33] [CUSTOM] [::1] Database connection established successfully
Context: {
    "host": "localhost",
    "database": "voting_system"
}
Request URI: /voting-system/admin/admin.php?page=userManagement
User Agent: Mozilla/5.0 (Windows NT 10.0; Win64; x64) AppleWebKit/537.36 (KHTML, like Gecko) Chrome/140.0.0.0 Safari/537.36
--------------------------------------------------------------------------------
[2025-09-15 10:21:55] [CUSTOM] [::1] Database connection established successfully
Context: {
    "host": "localhost",
    "database": "voting_system"
}
Request URI: /voting-system/admin/admin.php?page=analytics
User Agent: Mozilla/5.0 (Windows NT 10.0; Win64; x64) AppleWebKit/537.36 (KHTML, like Gecko) Chrome/140.0.0.0 Safari/537.36
--------------------------------------------------------------------------------
[2025-09-15 10:21:55] [CUSTOM] [::1] Database connection established successfully
Context: {
    "host": "localhost",
    "database": "voting_system"
}
Request URI: /voting-system/admin/admin.php?page=analytics
User Agent: Mozilla/5.0 (Windows NT 10.0; Win64; x64) AppleWebKit/537.36 (KHTML, like Gecko) Chrome/140.0.0.0 Safari/537.36
--------------------------------------------------------------------------------
[2025-09-15 10:21:55] [CUSTOM] [::1] Database connection established successfully
Context: {
    "host": "localhost",
    "database": "voting_system"
}
Request URI: /voting-system/admin/admin.php?page=analytics
User Agent: Mozilla/5.0 (Windows NT 10.0; Win64; x64) AppleWebKit/537.36 (KHTML, like Gecko) Chrome/140.0.0.0 Safari/537.36
--------------------------------------------------------------------------------
[2025-09-15 10:21:55] [EXCEPTION] [::1] analytics.php:150 - mysqli_fetch_assoc(): Argument #1 ($result) must be of type mysqli_result, bool given
Stack Trace:
#0 D:\OFFICE\TpotsProject\www\voting-system\admin\content\analytics.php(150): mysqli_fetch_assoc(false)
#1 D:\OFFICE\TpotsProject\www\voting-system\admin\admin.php(310): include('D:\\OFFICE\\Tpots...')
#2 {main}
Request URI: /voting-system/admin/admin.php?page=analytics
User Agent: Mozilla/5.0 (Windows NT 10.0; Win64; x64) AppleWebKit/537.36 (KHTML, like Gecko) Chrome/140.0.0.0 Safari/537.36
--------------------------------------------------------------------------------
[2025-09-15 10:21:55] [CUSTOM] [::1] Database connection established successfully
Context: {
    "host": "localhost",
    "database": "voting_system"
}
Request URI: /voting-system/admin/admin.php?page=errorLogs
User Agent: Mozilla/5.0 (Windows NT 10.0; Win64; x64) AppleWebKit/537.36 (KHTML, like Gecko) Chrome/140.0.0.0 Safari/537.36
--------------------------------------------------------------------------------
[2025-09-15 10:21:55] [CUSTOM] [::1] Database connection established successfully
Context: {
    "host": "localhost",
    "database": "voting_system"
}
Request URI: /voting-system/admin/admin.php?page=errorLogs
User Agent: Mozilla/5.0 (Windows NT 10.0; Win64; x64) AppleWebKit/537.36 (KHTML, like Gecko) Chrome/140.0.0.0 Safari/537.36
--------------------------------------------------------------------------------
[2025-09-15 10:21:55] [CUSTOM] [::1] Database connection established successfully
Context: {
    "host": "localhost",
    "database": "voting_system"
}
Request URI: /voting-system/admin/admin.php?page=errorLogs
User Agent: Mozilla/5.0 (Windows NT 10.0; Win64; x64) AppleWebKit/537.36 (KHTML, like Gecko) Chrome/140.0.0.0 Safari/537.36
--------------------------------------------------------------------------------
[2025-09-15 10:21:56] [CUSTOM] [::1] Database connection established successfully
Context: {
    "host": "localhost",
    "database": "voting_system"
}
Request URI: /voting-system/admin/admin.php?page=userManagement
User Agent: Mozilla/5.0 (Windows NT 10.0; Win64; x64) AppleWebKit/537.36 (KHTML, like Gecko) Chrome/140.0.0.0 Safari/537.36
--------------------------------------------------------------------------------
[2025-09-15 10:21:56] [CUSTOM] [::1] Database connection established successfully
Context: {
    "host": "localhost",
    "database": "voting_system"
}
Request URI: /voting-system/admin/admin.php?page=userManagement
User Agent: Mozilla/5.0 (Windows NT 10.0; Win64; x64) AppleWebKit/537.36 (KHTML, like Gecko) Chrome/140.0.0.0 Safari/537.36
--------------------------------------------------------------------------------
[2025-09-15 10:21:56] [CUSTOM] [::1] Database connection established successfully
Context: {
    "host": "localhost",
    "database": "voting_system"
}
Request URI: /voting-system/admin/admin.php?page=userManagement
User Agent: Mozilla/5.0 (Windows NT 10.0; Win64; x64) AppleWebKit/537.36 (KHTML, like Gecko) Chrome/140.0.0.0 Safari/537.36
--------------------------------------------------------------------------------
[2025-09-15 10:21:57] [CUSTOM] [::1] Database connection established successfully
Context: {
    "host": "localhost",
    "database": "voting_system"
}
Request URI: /voting-system/admin/admin.php?page=analytics
User Agent: Mozilla/5.0 (Windows NT 10.0; Win64; x64) AppleWebKit/537.36 (KHTML, like Gecko) Chrome/140.0.0.0 Safari/537.36
--------------------------------------------------------------------------------
[2025-09-15 10:21:57] [CUSTOM] [::1] Database connection established successfully
Context: {
    "host": "localhost",
    "database": "voting_system"
}
Request URI: /voting-system/admin/admin.php?page=analytics
User Agent: Mozilla/5.0 (Windows NT 10.0; Win64; x64) AppleWebKit/537.36 (KHTML, like Gecko) Chrome/140.0.0.0 Safari/537.36
--------------------------------------------------------------------------------
[2025-09-15 10:21:57] [CUSTOM] [::1] Database connection established successfully
Context: {
    "host": "localhost",
    "database": "voting_system"
}
Request URI: /voting-system/admin/admin.php?page=analytics
User Agent: Mozilla/5.0 (Windows NT 10.0; Win64; x64) AppleWebKit/537.36 (KHTML, like Gecko) Chrome/140.0.0.0 Safari/537.36
--------------------------------------------------------------------------------
[2025-09-15 10:21:57] [EXCEPTION] [::1] analytics.php:150 - mysqli_fetch_assoc(): Argument #1 ($result) must be of type mysqli_result, bool given
Stack Trace:
#0 D:\OFFICE\TpotsProject\www\voting-system\admin\content\analytics.php(150): mysqli_fetch_assoc(false)
#1 D:\OFFICE\TpotsProject\www\voting-system\admin\admin.php(310): include('D:\\OFFICE\\Tpots...')
#2 {main}
Request URI: /voting-system/admin/admin.php?page=analytics
User Agent: Mozilla/5.0 (Windows NT 10.0; Win64; x64) AppleWebKit/537.36 (KHTML, like Gecko) Chrome/140.0.0.0 Safari/537.36
--------------------------------------------------------------------------------
[2025-09-15 10:21:59] [CUSTOM] [::1] Database connection established successfully
Context: {
    "host": "localhost",
    "database": "voting_system"
}
Request URI: /voting-system/admin/admin.php?page=analytics
User Agent: Mozilla/5.0 (Windows NT 10.0; Win64; x64) AppleWebKit/537.36 (KHTML, like Gecko) Chrome/140.0.0.0 Safari/537.36
--------------------------------------------------------------------------------
[2025-09-15 10:21:59] [CUSTOM] [::1] Database connection established successfully
Context: {
    "host": "localhost",
    "database": "voting_system"
}
Request URI: /voting-system/admin/admin.php?page=analytics
User Agent: Mozilla/5.0 (Windows NT 10.0; Win64; x64) AppleWebKit/537.36 (KHTML, like Gecko) Chrome/140.0.0.0 Safari/537.36
--------------------------------------------------------------------------------
[2025-09-15 10:21:59] [CUSTOM] [::1] Database connection established successfully
Context: {
    "host": "localhost",
    "database": "voting_system"
}
Request URI: /voting-system/admin/admin.php?page=analytics
User Agent: Mozilla/5.0 (Windows NT 10.0; Win64; x64) AppleWebKit/537.36 (KHTML, like Gecko) Chrome/140.0.0.0 Safari/537.36
--------------------------------------------------------------------------------
[2025-09-15 10:21:59] [EXCEPTION] [::1] analytics.php:150 - mysqli_fetch_assoc(): Argument #1 ($result) must be of type mysqli_result, bool given
Stack Trace:
#0 D:\OFFICE\TpotsProject\www\voting-system\admin\content\analytics.php(150): mysqli_fetch_assoc(false)
#1 D:\OFFICE\TpotsProject\www\voting-system\admin\admin.php(310): include('D:\\OFFICE\\Tpots...')
#2 {main}
Request URI: /voting-system/admin/admin.php?page=analytics
User Agent: Mozilla/5.0 (Windows NT 10.0; Win64; x64) AppleWebKit/537.36 (KHTML, like Gecko) Chrome/140.0.0.0 Safari/537.36
--------------------------------------------------------------------------------
[2025-09-15 10:22:06] [CUSTOM] [::1] Database connection established successfully
Context: {
    "host": "localhost",
    "database": "voting_system"
}
Request URI: /voting-system/admin/admin.php?page=dashboard
User Agent: Mozilla/5.0 (Windows NT 10.0; Win64; x64) AppleWebKit/537.36 (KHTML, like Gecko) Chrome/140.0.0.0 Safari/537.36
--------------------------------------------------------------------------------
[2025-09-15 10:22:06] [CUSTOM] [::1] Database connection established successfully
Context: {
    "host": "localhost",
    "database": "voting_system"
}
Request URI: /voting-system/admin/admin.php?page=dashboard
User Agent: Mozilla/5.0 (Windows NT 10.0; Win64; x64) AppleWebKit/537.36 (KHTML, like Gecko) Chrome/140.0.0.0 Safari/537.36
--------------------------------------------------------------------------------
[2025-09-15 10:22:06] [CUSTOM] [::1] Database connection established successfully
Context: {
    "host": "localhost",
    "database": "voting_system"
}
Request URI: /voting-system/admin/admin.php?page=dashboard
User Agent: Mozilla/5.0 (Windows NT 10.0; Win64; x64) AppleWebKit/537.36 (KHTML, like Gecko) Chrome/140.0.0.0 Safari/537.36
--------------------------------------------------------------------------------
[2025-09-15 10:22:06] [CUSTOM] [::1] Database connection established successfully
Context: {
    "host": "localhost",
    "database": "voting_system"
}
Request URI: /voting-system/admin/admin.php?page=electionStatus
User Agent: Mozilla/5.0 (Windows NT 10.0; Win64; x64) AppleWebKit/537.36 (KHTML, like Gecko) Chrome/140.0.0.0 Safari/537.36
--------------------------------------------------------------------------------
[2025-09-15 10:22:06] [CUSTOM] [::1] Database connection established successfully
Context: {
    "host": "localhost",
    "database": "voting_system"
}
Request URI: /voting-system/admin/admin.php?page=electionStatus
User Agent: Mozilla/5.0 (Windows NT 10.0; Win64; x64) AppleWebKit/537.36 (KHTML, like Gecko) Chrome/140.0.0.0 Safari/537.36
--------------------------------------------------------------------------------
[2025-09-15 10:22:06] [CUSTOM] [::1] Database connection established successfully
Context: {
    "host": "localhost",
    "database": "voting_system"
}
Request URI: /voting-system/admin/admin.php?page=electionStatus
User Agent: Mozilla/5.0 (Windows NT 10.0; Win64; x64) AppleWebKit/537.36 (KHTML, like Gecko) Chrome/140.0.0.0 Safari/537.36
--------------------------------------------------------------------------------
[2025-09-15 10:22:06] [CUSTOM] [::1] Database connection established successfully
Context: {
    "host": "localhost",
    "database": "voting_system"
}
Request URI: /voting-system/admin/admin.php?page=electionStatus
User Agent: Mozilla/5.0 (Windows NT 10.0; Win64; x64) AppleWebKit/537.36 (KHTML, like Gecko) Chrome/140.0.0.0 Safari/537.36
--------------------------------------------------------------------------------
[2025-09-15 10:22:08] [CUSTOM] [::1] Database connection established successfully
Context: {
    "host": "localhost",
    "database": "voting_system"
}
Request URI: /voting-system/admin/admin.php?page=dashboard
User Agent: Mozilla/5.0 (Windows NT 10.0; Win64; x64) AppleWebKit/537.36 (KHTML, like Gecko) Chrome/140.0.0.0 Safari/537.36
--------------------------------------------------------------------------------
[2025-09-15 10:22:08] [CUSTOM] [::1] Database connection established successfully
Context: {
    "host": "localhost",
    "database": "voting_system"
}
Request URI: /voting-system/admin/admin.php?page=dashboard
User Agent: Mozilla/5.0 (Windows NT 10.0; Win64; x64) AppleWebKit/537.36 (KHTML, like Gecko) Chrome/140.0.0.0 Safari/537.36
--------------------------------------------------------------------------------
[2025-09-15 10:22:08] [CUSTOM] [::1] Database connection established successfully
Context: {
    "host": "localhost",
    "database": "voting_system"
}
Request URI: /voting-system/admin/admin.php?page=dashboard
User Agent: Mozilla/5.0 (Windows NT 10.0; Win64; x64) AppleWebKit/537.36 (KHTML, like Gecko) Chrome/140.0.0.0 Safari/537.36
--------------------------------------------------------------------------------
[2025-09-15 10:22:18] [CUSTOM] [::1] Database connection established successfully
Context: {
    "host": "localhost",
    "database": "voting_system"
}
Request URI: /voting-system/admin/admin.php?page=electionStatus
User Agent: Mozilla/5.0 (Windows NT 10.0; Win64; x64) AppleWebKit/537.36 (KHTML, like Gecko) Chrome/140.0.0.0 Safari/537.36
--------------------------------------------------------------------------------
[2025-09-15 10:22:18] [CUSTOM] [::1] Database connection established successfully
Context: {
    "host": "localhost",
    "database": "voting_system"
}
Request URI: /voting-system/admin/admin.php?page=electionStatus
User Agent: Mozilla/5.0 (Windows NT 10.0; Win64; x64) AppleWebKit/537.36 (KHTML, like Gecko) Chrome/140.0.0.0 Safari/537.36
--------------------------------------------------------------------------------
[2025-09-15 10:22:18] [CUSTOM] [::1] Database connection established successfully
Context: {
    "host": "localhost",
    "database": "voting_system"
}
Request URI: /voting-system/admin/admin.php?page=electionStatus
User Agent: Mozilla/5.0 (Windows NT 10.0; Win64; x64) AppleWebKit/537.36 (KHTML, like Gecko) Chrome/140.0.0.0 Safari/537.36
--------------------------------------------------------------------------------
[2025-09-15 10:22:18] [CUSTOM] [::1] Database connection established successfully
Context: {
    "host": "localhost",
    "database": "voting_system"
}
Request URI: /voting-system/admin/admin.php?page=electionStatus
User Agent: Mozilla/5.0 (Windows NT 10.0; Win64; x64) AppleWebKit/537.36 (KHTML, like Gecko) Chrome/140.0.0.0 Safari/537.36
--------------------------------------------------------------------------------
[2025-09-15 10:22:21] [CUSTOM] [::1] Database connection established successfully
Context: {
    "host": "localhost",
    "database": "voting_system"
}
Request URI: /voting-system/admin/admin.php?page=electionStatus
User Agent: Mozilla/5.0 (Windows NT 10.0; Win64; x64) AppleWebKit/537.36 (KHTML, like Gecko) Chrome/140.0.0.0 Safari/537.36
--------------------------------------------------------------------------------
[2025-09-15 10:22:21] [CUSTOM] [::1] Database connection established successfully
Context: {
    "host": "localhost",
    "database": "voting_system"
}
Request URI: /voting-system/admin/admin.php?page=electionStatus
User Agent: Mozilla/5.0 (Windows NT 10.0; Win64; x64) AppleWebKit/537.36 (KHTML, like Gecko) Chrome/140.0.0.0 Safari/537.36
--------------------------------------------------------------------------------
[2025-09-15 10:22:21] [CUSTOM] [::1] Database connection established successfully
Context: {
    "host": "localhost",
    "database": "voting_system"
}
Request URI: /voting-system/admin/admin.php?page=electionStatus
User Agent: Mozilla/5.0 (Windows NT 10.0; Win64; x64) AppleWebKit/537.36 (KHTML, like Gecko) Chrome/140.0.0.0 Safari/537.36
--------------------------------------------------------------------------------
[2025-09-15 10:22:21] [CUSTOM] [::1] Database connection established successfully
Context: {
    "host": "localhost",
    "database": "voting_system"
}
Request URI: /voting-system/admin/admin.php?page=electionStatus
User Agent: Mozilla/5.0 (Windows NT 10.0; Win64; x64) AppleWebKit/537.36 (KHTML, like Gecko) Chrome/140.0.0.0 Safari/537.36
--------------------------------------------------------------------------------
[2025-09-15 10:23:16] [CUSTOM] [::1] Database connection established successfully
Context: {
    "host": "localhost",
    "database": "voting_system"
}
Request URI: /voting-system/admin/admin.php?page=electionStatus
User Agent: Mozilla/5.0 (Windows NT 10.0; Win64; x64) AppleWebKit/537.36 (KHTML, like Gecko) Chrome/140.0.0.0 Safari/537.36
--------------------------------------------------------------------------------
[2025-09-15 10:23:16] [CUSTOM] [::1] Database connection established successfully
Context: {
    "host": "localhost",
    "database": "voting_system"
}
Request URI: /voting-system/admin/admin.php?page=electionStatus
User Agent: Mozilla/5.0 (Windows NT 10.0; Win64; x64) AppleWebKit/537.36 (KHTML, like Gecko) Chrome/140.0.0.0 Safari/537.36
--------------------------------------------------------------------------------
[2025-09-15 10:23:16] [CUSTOM] [::1] Database connection established successfully
Context: {
    "host": "localhost",
    "database": "voting_system"
}
Request URI: /voting-system/admin/admin.php?page=electionStatus
User Agent: Mozilla/5.0 (Windows NT 10.0; Win64; x64) AppleWebKit/537.36 (KHTML, like Gecko) Chrome/140.0.0.0 Safari/537.36
--------------------------------------------------------------------------------
[2025-09-15 10:23:16] [CUSTOM] [::1] Database connection established successfully
Context: {
    "host": "localhost",
    "database": "voting_system"
}
Request URI: /voting-system/admin/admin.php?page=electionStatus
User Agent: Mozilla/5.0 (Windows NT 10.0; Win64; x64) AppleWebKit/537.36 (KHTML, like Gecko) Chrome/140.0.0.0 Safari/537.36
--------------------------------------------------------------------------------
[2025-09-15 10:23:28] [CUSTOM] [::1] Database connection established successfully
Context: {
    "host": "localhost",
    "database": "voting_system"
}
Request URI: /voting-system/admin/admin.php?page=electionStatus
User Agent: Mozilla/5.0 (Windows NT 10.0; Win64; x64) AppleWebKit/537.36 (KHTML, like Gecko) Chrome/140.0.0.0 Safari/537.36
--------------------------------------------------------------------------------
[2025-09-15 10:23:28] [CUSTOM] [::1] Database connection established successfully
Context: {
    "host": "localhost",
    "database": "voting_system"
}
Request URI: /voting-system/admin/admin.php?page=electionStatus
User Agent: Mozilla/5.0 (Windows NT 10.0; Win64; x64) AppleWebKit/537.36 (KHTML, like Gecko) Chrome/140.0.0.0 Safari/537.36
--------------------------------------------------------------------------------
[2025-09-15 10:23:28] [CUSTOM] [::1] Database connection established successfully
Context: {
    "host": "localhost",
    "database": "voting_system"
}
Request URI: /voting-system/admin/admin.php?page=electionStatus
User Agent: Mozilla/5.0 (Windows NT 10.0; Win64; x64) AppleWebKit/537.36 (KHTML, like Gecko) Chrome/140.0.0.0 Safari/537.36
--------------------------------------------------------------------------------
[2025-09-15 10:23:28] [CUSTOM] [::1] Database connection established successfully
Context: {
    "host": "localhost",
    "database": "voting_system"
}
Request URI: /voting-system/admin/admin.php?page=electionStatus
User Agent: Mozilla/5.0 (Windows NT 10.0; Win64; x64) AppleWebKit/537.36 (KHTML, like Gecko) Chrome/140.0.0.0 Safari/537.36
--------------------------------------------------------------------------------
[2025-09-15 10:23:36] [CUSTOM] [::1] Database connection established successfully
Context: {
    "host": "localhost",
    "database": "voting_system"
}
Request URI: /voting-system/admin/admin.php?page=electionStatus
User Agent: Mozilla/5.0 (Windows NT 10.0; Win64; x64) AppleWebKit/537.36 (KHTML, like Gecko) Chrome/140.0.0.0 Safari/537.36
--------------------------------------------------------------------------------
[2025-09-15 10:23:36] [CUSTOM] [::1] Database connection established successfully
Context: {
    "host": "localhost",
    "database": "voting_system"
}
Request URI: /voting-system/admin/admin.php?page=electionStatus
User Agent: Mozilla/5.0 (Windows NT 10.0; Win64; x64) AppleWebKit/537.36 (KHTML, like Gecko) Chrome/140.0.0.0 Safari/537.36
--------------------------------------------------------------------------------
[2025-09-15 10:23:36] [CUSTOM] [::1] Database connection established successfully
Context: {
    "host": "localhost",
    "database": "voting_system"
}
Request URI: /voting-system/admin/admin.php?page=electionStatus
User Agent: Mozilla/5.0 (Windows NT 10.0; Win64; x64) AppleWebKit/537.36 (KHTML, like Gecko) Chrome/140.0.0.0 Safari/537.36
--------------------------------------------------------------------------------
[2025-09-15 10:23:36] [CUSTOM] [::1] Database connection established successfully
Context: {
    "host": "localhost",
    "database": "voting_system"
}
Request URI: /voting-system/admin/admin.php?page=electionStatus
User Agent: Mozilla/5.0 (Windows NT 10.0; Win64; x64) AppleWebKit/537.36 (KHTML, like Gecko) Chrome/140.0.0.0 Safari/537.36
--------------------------------------------------------------------------------
[2025-09-15 10:23:58] [CUSTOM] [::1] Database connection established successfully
Context: {
    "host": "localhost",
    "database": "voting_system"
}
Request URI: /voting-system/admin/admin.php?page=candidates
User Agent: Mozilla/5.0 (Windows NT 10.0; Win64; x64) AppleWebKit/537.36 (KHTML, like Gecko) Chrome/140.0.0.0 Safari/537.36
--------------------------------------------------------------------------------
[2025-09-15 10:23:58] [CUSTOM] [::1] Database connection established successfully
Context: {
    "host": "localhost",
    "database": "voting_system"
}
Request URI: /voting-system/admin/admin.php?page=candidates
User Agent: Mozilla/5.0 (Windows NT 10.0; Win64; x64) AppleWebKit/537.36 (KHTML, like Gecko) Chrome/140.0.0.0 Safari/537.36
--------------------------------------------------------------------------------
[2025-09-15 10:23:58] [CUSTOM] [::1] Database connection established successfully
Context: {
    "host": "localhost",
    "database": "voting_system"
}
Request URI: /voting-system/admin/admin.php?page=candidates
User Agent: Mozilla/5.0 (Windows NT 10.0; Win64; x64) AppleWebKit/537.36 (KHTML, like Gecko) Chrome/140.0.0.0 Safari/537.36
--------------------------------------------------------------------------------
[2025-09-15 10:23:59] [CUSTOM] [::1] Database connection established successfully
Context: {
    "host": "localhost",
    "database": "voting_system"
}
Request URI: /voting-system/admin/admin.php?page=electionStatus
User Agent: Mozilla/5.0 (Windows NT 10.0; Win64; x64) AppleWebKit/537.36 (KHTML, like Gecko) Chrome/140.0.0.0 Safari/537.36
--------------------------------------------------------------------------------
[2025-09-15 10:23:59] [CUSTOM] [::1] Database connection established successfully
Context: {
    "host": "localhost",
    "database": "voting_system"
}
Request URI: /voting-system/admin/admin.php?page=electionStatus
User Agent: Mozilla/5.0 (Windows NT 10.0; Win64; x64) AppleWebKit/537.36 (KHTML, like Gecko) Chrome/140.0.0.0 Safari/537.36
--------------------------------------------------------------------------------
[2025-09-15 10:23:59] [CUSTOM] [::1] Database connection established successfully
Context: {
    "host": "localhost",
    "database": "voting_system"
}
Request URI: /voting-system/admin/admin.php?page=electionStatus
User Agent: Mozilla/5.0 (Windows NT 10.0; Win64; x64) AppleWebKit/537.36 (KHTML, like Gecko) Chrome/140.0.0.0 Safari/537.36
--------------------------------------------------------------------------------
[2025-09-15 10:23:59] [CUSTOM] [::1] Database connection established successfully
Context: {
    "host": "localhost",
    "database": "voting_system"
}
Request URI: /voting-system/admin/admin.php?page=electionStatus
User Agent: Mozilla/5.0 (Windows NT 10.0; Win64; x64) AppleWebKit/537.36 (KHTML, like Gecko) Chrome/140.0.0.0 Safari/537.36
--------------------------------------------------------------------------------
[2025-09-15 10:24:15] [CUSTOM] [::1] Database connection established successfully
Context: {
    "host": "localhost",
    "database": "voting_system"
}
Request URI: /voting-system/admin/admin.php?page=dashboard
User Agent: Mozilla/5.0 (Windows NT 10.0; Win64; x64) AppleWebKit/537.36 (KHTML, like Gecko) Chrome/140.0.0.0 Safari/537.36
--------------------------------------------------------------------------------
[2025-09-15 10:24:15] [CUSTOM] [::1] Database connection established successfully
Context: {
    "host": "localhost",
    "database": "voting_system"
}
Request URI: /voting-system/admin/admin.php?page=dashboard
User Agent: Mozilla/5.0 (Windows NT 10.0; Win64; x64) AppleWebKit/537.36 (KHTML, like Gecko) Chrome/140.0.0.0 Safari/537.36
--------------------------------------------------------------------------------
[2025-09-15 10:24:15] [CUSTOM] [::1] Database connection established successfully
Context: {
    "host": "localhost",
    "database": "voting_system"
}
Request URI: /voting-system/admin/admin.php?page=dashboard
User Agent: Mozilla/5.0 (Windows NT 10.0; Win64; x64) AppleWebKit/537.36 (KHTML, like Gecko) Chrome/140.0.0.0 Safari/537.36
--------------------------------------------------------------------------------
[2025-09-15 10:24:16] [CUSTOM] [::1] Database connection established successfully
Context: {
    "host": "localhost",
    "database": "voting_system"
}
Request URI: /voting-system/admin/admin.php?page=electionStatus
User Agent: Mozilla/5.0 (Windows NT 10.0; Win64; x64) AppleWebKit/537.36 (KHTML, like Gecko) Chrome/140.0.0.0 Safari/537.36
--------------------------------------------------------------------------------
[2025-09-15 10:24:16] [CUSTOM] [::1] Database connection established successfully
Context: {
    "host": "localhost",
    "database": "voting_system"
}
Request URI: /voting-system/admin/admin.php?page=electionStatus
User Agent: Mozilla/5.0 (Windows NT 10.0; Win64; x64) AppleWebKit/537.36 (KHTML, like Gecko) Chrome/140.0.0.0 Safari/537.36
--------------------------------------------------------------------------------
[2025-09-15 10:24:16] [CUSTOM] [::1] Database connection established successfully
Context: {
    "host": "localhost",
    "database": "voting_system"
}
Request URI: /voting-system/admin/admin.php?page=electionStatus
User Agent: Mozilla/5.0 (Windows NT 10.0; Win64; x64) AppleWebKit/537.36 (KHTML, like Gecko) Chrome/140.0.0.0 Safari/537.36
--------------------------------------------------------------------------------
[2025-09-15 10:24:16] [CUSTOM] [::1] Database connection established successfully
Context: {
    "host": "localhost",
    "database": "voting_system"
}
Request URI: /voting-system/admin/admin.php?page=electionStatus
User Agent: Mozilla/5.0 (Windows NT 10.0; Win64; x64) AppleWebKit/537.36 (KHTML, like Gecko) Chrome/140.0.0.0 Safari/537.36
--------------------------------------------------------------------------------
[2025-09-15 10:24:16] [CUSTOM] [::1] Database connection established successfully
Context: {
    "host": "localhost",
    "database": "voting_system"
}
Request URI: /voting-system/admin/admin.php?page=candidates
User Agent: Mozilla/5.0 (Windows NT 10.0; Win64; x64) AppleWebKit/537.36 (KHTML, like Gecko) Chrome/140.0.0.0 Safari/537.36
--------------------------------------------------------------------------------
[2025-09-15 10:24:16] [CUSTOM] [::1] Database connection established successfully
Context: {
    "host": "localhost",
    "database": "voting_system"
}
Request URI: /voting-system/admin/admin.php?page=candidates
User Agent: Mozilla/5.0 (Windows NT 10.0; Win64; x64) AppleWebKit/537.36 (KHTML, like Gecko) Chrome/140.0.0.0 Safari/537.36
--------------------------------------------------------------------------------
[2025-09-15 10:24:16] [CUSTOM] [::1] Database connection established successfully
Context: {
    "host": "localhost",
    "database": "voting_system"
}
Request URI: /voting-system/admin/admin.php?page=candidates
User Agent: Mozilla/5.0 (Windows NT 10.0; Win64; x64) AppleWebKit/537.36 (KHTML, like Gecko) Chrome/140.0.0.0 Safari/537.36
--------------------------------------------------------------------------------
[2025-09-15 10:24:17] [CUSTOM] [::1] Database connection established successfully
Context: {
    "host": "localhost",
    "database": "voting_system"
}
Request URI: /voting-system/admin/admin.php?page=applications
User Agent: Mozilla/5.0 (Windows NT 10.0; Win64; x64) AppleWebKit/537.36 (KHTML, like Gecko) Chrome/140.0.0.0 Safari/537.36
--------------------------------------------------------------------------------
[2025-09-15 10:24:17] [CUSTOM] [::1] Database connection established successfully
Context: {
    "host": "localhost",
    "database": "voting_system"
}
Request URI: /voting-system/admin/admin.php?page=applications
User Agent: Mozilla/5.0 (Windows NT 10.0; Win64; x64) AppleWebKit/537.36 (KHTML, like Gecko) Chrome/140.0.0.0 Safari/537.36
--------------------------------------------------------------------------------
[2025-09-15 10:24:17] [CUSTOM] [::1] Database connection established successfully
Context: {
    "host": "localhost",
    "database": "voting_system"
}
Request URI: /voting-system/admin/admin.php?page=applications
User Agent: Mozilla/5.0 (Windows NT 10.0; Win64; x64) AppleWebKit/537.36 (KHTML, like Gecko) Chrome/140.0.0.0 Safari/537.36
--------------------------------------------------------------------------------
[2025-09-15 10:24:18] [CUSTOM] [::1] Database connection established successfully
Context: {
    "host": "localhost",
    "database": "voting_system"
}
Request URI: /voting-system/admin/admin.php?page=voteHistory
User Agent: Mozilla/5.0 (Windows NT 10.0; Win64; x64) AppleWebKit/537.36 (KHTML, like Gecko) Chrome/140.0.0.0 Safari/537.36
--------------------------------------------------------------------------------
[2025-09-15 10:24:18] [CUSTOM] [::1] Database connection established successfully
Context: {
    "host": "localhost",
    "database": "voting_system"
}
Request URI: /voting-system/admin/admin.php?page=voteHistory
User Agent: Mozilla/5.0 (Windows NT 10.0; Win64; x64) AppleWebKit/537.36 (KHTML, like Gecko) Chrome/140.0.0.0 Safari/537.36
--------------------------------------------------------------------------------
[2025-09-15 10:24:18] [CUSTOM] [::1] Database connection established successfully
Context: {
    "host": "localhost",
    "database": "voting_system"
}
Request URI: /voting-system/admin/admin.php?page=voteHistory
User Agent: Mozilla/5.0 (Windows NT 10.0; Win64; x64) AppleWebKit/537.36 (KHTML, like Gecko) Chrome/140.0.0.0 Safari/537.36
--------------------------------------------------------------------------------
[2025-09-15 10:24:18] [EXCEPTION] [::1] voteHistory.php:80 - mysqli_num_rows(): Argument #1 ($result) must be of type mysqli_result, bool given
Stack Trace:
#0 D:\OFFICE\TpotsProject\www\voting-system\admin\content\voteHistory.php(80): mysqli_num_rows(false)
#1 D:\OFFICE\TpotsProject\www\voting-system\admin\admin.php(310): include('D:\\OFFICE\\Tpots...')
#2 {main}
Request URI: /voting-system/admin/admin.php?page=voteHistory
User Agent: Mozilla/5.0 (Windows NT 10.0; Win64; x64) AppleWebKit/537.36 (KHTML, like Gecko) Chrome/140.0.0.0 Safari/537.36
--------------------------------------------------------------------------------
[2025-09-15 10:24:19] [CUSTOM] [::1] Database connection established successfully
Context: {
    "host": "localhost",
    "database": "voting_system"
}
Request URI: /voting-system/admin/admin.php?page=dashboard
User Agent: Mozilla/5.0 (Windows NT 10.0; Win64; x64) AppleWebKit/537.36 (KHTML, like Gecko) Chrome/140.0.0.0 Safari/537.36
--------------------------------------------------------------------------------
[2025-09-15 10:24:19] [CUSTOM] [::1] Database connection established successfully
Context: {
    "host": "localhost",
    "database": "voting_system"
}
Request URI: /voting-system/admin/admin.php?page=dashboard
User Agent: Mozilla/5.0 (Windows NT 10.0; Win64; x64) AppleWebKit/537.36 (KHTML, like Gecko) Chrome/140.0.0.0 Safari/537.36
--------------------------------------------------------------------------------
[2025-09-15 10:24:19] [CUSTOM] [::1] Database connection established successfully
Context: {
    "host": "localhost",
    "database": "voting_system"
}
Request URI: /voting-system/admin/admin.php?page=dashboard
User Agent: Mozilla/5.0 (Windows NT 10.0; Win64; x64) AppleWebKit/537.36 (KHTML, like Gecko) Chrome/140.0.0.0 Safari/537.36
--------------------------------------------------------------------------------
[2025-09-15 10:24:19] [CUSTOM] [::1] Database connection established successfully
Context: {
    "host": "localhost",
    "database": "voting_system"
}
Request URI: /voting-system/admin/admin.php?page=electionStatus
User Agent: Mozilla/5.0 (Windows NT 10.0; Win64; x64) AppleWebKit/537.36 (KHTML, like Gecko) Chrome/140.0.0.0 Safari/537.36
--------------------------------------------------------------------------------
[2025-09-15 10:24:19] [CUSTOM] [::1] Database connection established successfully
Context: {
    "host": "localhost",
    "database": "voting_system"
}
Request URI: /voting-system/admin/admin.php?page=electionStatus
User Agent: Mozilla/5.0 (Windows NT 10.0; Win64; x64) AppleWebKit/537.36 (KHTML, like Gecko) Chrome/140.0.0.0 Safari/537.36
--------------------------------------------------------------------------------
[2025-09-15 10:24:19] [CUSTOM] [::1] Database connection established successfully
Context: {
    "host": "localhost",
    "database": "voting_system"
}
Request URI: /voting-system/admin/admin.php?page=electionStatus
User Agent: Mozilla/5.0 (Windows NT 10.0; Win64; x64) AppleWebKit/537.36 (KHTML, like Gecko) Chrome/140.0.0.0 Safari/537.36
--------------------------------------------------------------------------------
[2025-09-15 10:24:19] [CUSTOM] [::1] Database connection established successfully
Context: {
    "host": "localhost",
    "database": "voting_system"
}
Request URI: /voting-system/admin/admin.php?page=electionStatus
User Agent: Mozilla/5.0 (Windows NT 10.0; Win64; x64) AppleWebKit/537.36 (KHTML, like Gecko) Chrome/140.0.0.0 Safari/537.36
--------------------------------------------------------------------------------
[2025-09-15 10:24:44] [CUSTOM] [::1] Database connection established successfully
Context: {
    "host": "localhost",
    "database": "voting_system"
}
Request URI: /voting-system/admin/admin.php?page=electionStatus
User Agent: Mozilla/5.0 (Windows NT 10.0; Win64; x64) AppleWebKit/537.36 (KHTML, like Gecko) Chrome/140.0.0.0 Safari/537.36
--------------------------------------------------------------------------------
[2025-09-15 10:24:44] [CUSTOM] [::1] Database connection established successfully
Context: {
    "host": "localhost",
    "database": "voting_system"
}
Request URI: /voting-system/admin/admin.php?page=electionStatus
User Agent: Mozilla/5.0 (Windows NT 10.0; Win64; x64) AppleWebKit/537.36 (KHTML, like Gecko) Chrome/140.0.0.0 Safari/537.36
--------------------------------------------------------------------------------
[2025-09-15 10:24:44] [CUSTOM] [::1] Database connection established successfully
Context: {
    "host": "localhost",
    "database": "voting_system"
}
Request URI: /voting-system/admin/admin.php?page=electionStatus
User Agent: Mozilla/5.0 (Windows NT 10.0; Win64; x64) AppleWebKit/537.36 (KHTML, like Gecko) Chrome/140.0.0.0 Safari/537.36
--------------------------------------------------------------------------------
[2025-09-15 10:24:44] [CUSTOM] [::1] Database connection established successfully
Context: {
    "host": "localhost",
    "database": "voting_system"
}
Request URI: /voting-system/admin/admin.php?page=electionStatus
User Agent: Mozilla/5.0 (Windows NT 10.0; Win64; x64) AppleWebKit/537.36 (KHTML, like Gecko) Chrome/140.0.0.0 Safari/537.36
--------------------------------------------------------------------------------
[2025-09-15 10:25:04] [CUSTOM] [::1] Database connection established successfully
Context: {
    "host": "localhost",
    "database": "voting_system"
}
Request URI: /voting-system/admin/admin.php?page=electionStatus
User Agent: Mozilla/5.0 (Windows NT 10.0; Win64; x64) AppleWebKit/537.36 (KHTML, like Gecko) Chrome/140.0.0.0 Safari/537.36
--------------------------------------------------------------------------------
[2025-09-15 10:25:04] [CUSTOM] [::1] Database connection established successfully
Context: {
    "host": "localhost",
    "database": "voting_system"
}
Request URI: /voting-system/admin/admin.php?page=electionStatus
User Agent: Mozilla/5.0 (Windows NT 10.0; Win64; x64) AppleWebKit/537.36 (KHTML, like Gecko) Chrome/140.0.0.0 Safari/537.36
--------------------------------------------------------------------------------
[2025-09-15 10:25:04] [CUSTOM] [::1] Database connection established successfully
Context: {
    "host": "localhost",
    "database": "voting_system"
}
Request URI: /voting-system/admin/admin.php?page=electionStatus
User Agent: Mozilla/5.0 (Windows NT 10.0; Win64; x64) AppleWebKit/537.36 (KHTML, like Gecko) Chrome/140.0.0.0 Safari/537.36
--------------------------------------------------------------------------------
[2025-09-15 10:25:04] [CUSTOM] [::1] Database connection established successfully
Context: {
    "host": "localhost",
    "database": "voting_system"
}
Request URI: /voting-system/admin/admin.php?page=electionStatus
User Agent: Mozilla/5.0 (Windows NT 10.0; Win64; x64) AppleWebKit/537.36 (KHTML, like Gecko) Chrome/140.0.0.0 Safari/537.36
--------------------------------------------------------------------------------
[2025-09-15 10:25:58] [CUSTOM] [::1] Database connection established successfully
Context: {
    "host": "localhost",
    "database": "voting_system"
}
Request URI: /voting-system/admin/admin.php?page=electionStatus
User Agent: Mozilla/5.0 (Windows NT 10.0; Win64; x64) AppleWebKit/537.36 (KHTML, like Gecko) Chrome/140.0.0.0 Safari/537.36
--------------------------------------------------------------------------------
[2025-09-15 10:25:58] [CUSTOM] [::1] Database connection established successfully
Context: {
    "host": "localhost",
    "database": "voting_system"
}
Request URI: /voting-system/admin/admin.php?page=electionStatus
User Agent: Mozilla/5.0 (Windows NT 10.0; Win64; x64) AppleWebKit/537.36 (KHTML, like Gecko) Chrome/140.0.0.0 Safari/537.36
--------------------------------------------------------------------------------
[2025-09-15 10:25:58] [CUSTOM] [::1] Database connection established successfully
Context: {
    "host": "localhost",
    "database": "voting_system"
}
Request URI: /voting-system/admin/admin.php?page=electionStatus
User Agent: Mozilla/5.0 (Windows NT 10.0; Win64; x64) AppleWebKit/537.36 (KHTML, like Gecko) Chrome/140.0.0.0 Safari/537.36
--------------------------------------------------------------------------------
[2025-09-15 10:25:58] [CUSTOM] [::1] Database connection established successfully
Context: {
    "host": "localhost",
    "database": "voting_system"
}
Request URI: /voting-system/admin/admin.php?page=electionStatus
User Agent: Mozilla/5.0 (Windows NT 10.0; Win64; x64) AppleWebKit/537.36 (KHTML, like Gecko) Chrome/140.0.0.0 Safari/537.36
--------------------------------------------------------------------------------
[2025-09-15 10:26:01] [CUSTOM] [::1] Database connection established successfully
Context: {
    "host": "localhost",
    "database": "voting_system"
}
Request URI: /voting-system/admin/admin.php?page=applications
User Agent: Mozilla/5.0 (Windows NT 10.0; Win64; x64) AppleWebKit/537.36 (KHTML, like Gecko) Chrome/140.0.0.0 Safari/537.36
--------------------------------------------------------------------------------
[2025-09-15 10:26:01] [CUSTOM] [::1] Database connection established successfully
Context: {
    "host": "localhost",
    "database": "voting_system"
}
Request URI: /voting-system/admin/admin.php?page=applications
User Agent: Mozilla/5.0 (Windows NT 10.0; Win64; x64) AppleWebKit/537.36 (KHTML, like Gecko) Chrome/140.0.0.0 Safari/537.36
--------------------------------------------------------------------------------
[2025-09-15 10:26:01] [CUSTOM] [::1] Database connection established successfully
Context: {
    "host": "localhost",
    "database": "voting_system"
}
Request URI: /voting-system/admin/admin.php?page=applications
User Agent: Mozilla/5.0 (Windows NT 10.0; Win64; x64) AppleWebKit/537.36 (KHTML, like Gecko) Chrome/140.0.0.0 Safari/537.36
--------------------------------------------------------------------------------
[2025-09-15 10:26:01] [CUSTOM] [::1] Database connection established successfully
Context: {
    "host": "localhost",
    "database": "voting_system"
}
Request URI: /voting-system/admin/admin.php?page=voteHistory
User Agent: Mozilla/5.0 (Windows NT 10.0; Win64; x64) AppleWebKit/537.36 (KHTML, like Gecko) Chrome/140.0.0.0 Safari/537.36
--------------------------------------------------------------------------------
[2025-09-15 10:26:01] [CUSTOM] [::1] Database connection established successfully
Context: {
    "host": "localhost",
    "database": "voting_system"
}
Request URI: /voting-system/admin/admin.php?page=voteHistory
User Agent: Mozilla/5.0 (Windows NT 10.0; Win64; x64) AppleWebKit/537.36 (KHTML, like Gecko) Chrome/140.0.0.0 Safari/537.36
--------------------------------------------------------------------------------
[2025-09-15 10:26:01] [CUSTOM] [::1] Database connection established successfully
Context: {
    "host": "localhost",
    "database": "voting_system"
}
Request URI: /voting-system/admin/admin.php?page=voteHistory
User Agent: Mozilla/5.0 (Windows NT 10.0; Win64; x64) AppleWebKit/537.36 (KHTML, like Gecko) Chrome/140.0.0.0 Safari/537.36
--------------------------------------------------------------------------------
[2025-09-15 10:26:01] [EXCEPTION] [::1] voteHistory.php:80 - mysqli_num_rows(): Argument #1 ($result) must be of type mysqli_result, bool given
Stack Trace:
#0 D:\OFFICE\TpotsProject\www\voting-system\admin\content\voteHistory.php(80): mysqli_num_rows(false)
#1 D:\OFFICE\TpotsProject\www\voting-system\admin\admin.php(310): include('D:\\OFFICE\\Tpots...')
#2 {main}
Request URI: /voting-system/admin/admin.php?page=voteHistory
User Agent: Mozilla/5.0 (Windows NT 10.0; Win64; x64) AppleWebKit/537.36 (KHTML, like Gecko) Chrome/140.0.0.0 Safari/537.36
--------------------------------------------------------------------------------
[2025-09-15 10:26:02] [CUSTOM] [::1] Database connection established successfully
Context: {
    "host": "localhost",
    "database": "voting_system"
}
Request URI: /voting-system/admin/admin.php?page=applications
User Agent: Mozilla/5.0 (Windows NT 10.0; Win64; x64) AppleWebKit/537.36 (KHTML, like Gecko) Chrome/140.0.0.0 Safari/537.36
--------------------------------------------------------------------------------
[2025-09-15 10:26:02] [CUSTOM] [::1] Database connection established successfully
Context: {
    "host": "localhost",
    "database": "voting_system"
}
Request URI: /voting-system/admin/admin.php?page=applications
User Agent: Mozilla/5.0 (Windows NT 10.0; Win64; x64) AppleWebKit/537.36 (KHTML, like Gecko) Chrome/140.0.0.0 Safari/537.36
--------------------------------------------------------------------------------
[2025-09-15 10:26:02] [CUSTOM] [::1] Database connection established successfully
Context: {
    "host": "localhost",
    "database": "voting_system"
}
Request URI: /voting-system/admin/admin.php?page=applications
User Agent: Mozilla/5.0 (Windows NT 10.0; Win64; x64) AppleWebKit/537.36 (KHTML, like Gecko) Chrome/140.0.0.0 Safari/537.36
--------------------------------------------------------------------------------
[2025-09-15 10:26:02] [CUSTOM] [::1] Database connection established successfully
Context: {
    "host": "localhost",
    "database": "voting_system"
}
Request URI: /voting-system/admin/admin.php?page=candidates
User Agent: Mozilla/5.0 (Windows NT 10.0; Win64; x64) AppleWebKit/537.36 (KHTML, like Gecko) Chrome/140.0.0.0 Safari/537.36
--------------------------------------------------------------------------------
[2025-09-15 10:26:02] [CUSTOM] [::1] Database connection established successfully
Context: {
    "host": "localhost",
    "database": "voting_system"
}
Request URI: /voting-system/admin/admin.php?page=candidates
User Agent: Mozilla/5.0 (Windows NT 10.0; Win64; x64) AppleWebKit/537.36 (KHTML, like Gecko) Chrome/140.0.0.0 Safari/537.36
--------------------------------------------------------------------------------
[2025-09-15 10:26:02] [CUSTOM] [::1] Database connection established successfully
Context: {
    "host": "localhost",
    "database": "voting_system"
}
Request URI: /voting-system/admin/admin.php?page=candidates
User Agent: Mozilla/5.0 (Windows NT 10.0; Win64; x64) AppleWebKit/537.36 (KHTML, like Gecko) Chrome/140.0.0.0 Safari/537.36
--------------------------------------------------------------------------------
[2025-09-15 10:26:04] [CUSTOM] [::1] Database connection established successfully
Context: {
    "host": "localhost",
    "database": "voting_system"
}
Request URI: /voting-system/admin/admin.php?page=dashboard
User Agent: Mozilla/5.0 (Windows NT 10.0; Win64; x64) AppleWebKit/537.36 (KHTML, like Gecko) Chrome/140.0.0.0 Safari/537.36
--------------------------------------------------------------------------------
[2025-09-15 10:26:04] [CUSTOM] [::1] Database connection established successfully
Context: {
    "host": "localhost",
    "database": "voting_system"
}
Request URI: /voting-system/admin/admin.php?page=dashboard
User Agent: Mozilla/5.0 (Windows NT 10.0; Win64; x64) AppleWebKit/537.36 (KHTML, like Gecko) Chrome/140.0.0.0 Safari/537.36
--------------------------------------------------------------------------------
[2025-09-15 10:26:04] [CUSTOM] [::1] Database connection established successfully
Context: {
    "host": "localhost",
    "database": "voting_system"
}
Request URI: /voting-system/admin/admin.php?page=dashboard
User Agent: Mozilla/5.0 (Windows NT 10.0; Win64; x64) AppleWebKit/537.36 (KHTML, like Gecko) Chrome/140.0.0.0 Safari/537.36
--------------------------------------------------------------------------------
[2025-09-15 10:26:04] [CUSTOM] [::1] Database connection established successfully
Context: {
    "host": "localhost",
    "database": "voting_system"
}
Request URI: /voting-system/admin/admin.php?page=electionStatus
User Agent: Mozilla/5.0 (Windows NT 10.0; Win64; x64) AppleWebKit/537.36 (KHTML, like Gecko) Chrome/140.0.0.0 Safari/537.36
--------------------------------------------------------------------------------
[2025-09-15 10:26:04] [CUSTOM] [::1] Database connection established successfully
Context: {
    "host": "localhost",
    "database": "voting_system"
}
Request URI: /voting-system/admin/admin.php?page=electionStatus
User Agent: Mozilla/5.0 (Windows NT 10.0; Win64; x64) AppleWebKit/537.36 (KHTML, like Gecko) Chrome/140.0.0.0 Safari/537.36
--------------------------------------------------------------------------------
[2025-09-15 10:26:04] [CUSTOM] [::1] Database connection established successfully
Context: {
    "host": "localhost",
    "database": "voting_system"
}
Request URI: /voting-system/admin/admin.php?page=electionStatus
User Agent: Mozilla/5.0 (Windows NT 10.0; Win64; x64) AppleWebKit/537.36 (KHTML, like Gecko) Chrome/140.0.0.0 Safari/537.36
--------------------------------------------------------------------------------
[2025-09-15 10:26:04] [CUSTOM] [::1] Database connection established successfully
Context: {
    "host": "localhost",
    "database": "voting_system"
}
Request URI: /voting-system/admin/admin.php?page=electionStatus
User Agent: Mozilla/5.0 (Windows NT 10.0; Win64; x64) AppleWebKit/537.36 (KHTML, like Gecko) Chrome/140.0.0.0 Safari/537.36
--------------------------------------------------------------------------------
[2025-09-15 10:26:27] [CUSTOM] [::1] Database connection established successfully
Context: {
    "host": "localhost",
    "database": "voting_system"
}
Request URI: /voting-system/admin/admin.php?page=electionStatus
User Agent: Mozilla/5.0 (Windows NT 10.0; Win64; x64) AppleWebKit/537.36 (KHTML, like Gecko) Chrome/140.0.0.0 Safari/537.36
--------------------------------------------------------------------------------
[2025-09-15 10:26:27] [CUSTOM] [::1] Database connection established successfully
Context: {
    "host": "localhost",
    "database": "voting_system"
}
Request URI: /voting-system/admin/admin.php?page=electionStatus
User Agent: Mozilla/5.0 (Windows NT 10.0; Win64; x64) AppleWebKit/537.36 (KHTML, like Gecko) Chrome/140.0.0.0 Safari/537.36
--------------------------------------------------------------------------------
[2025-09-15 10:26:27] [CUSTOM] [::1] Database connection established successfully
Context: {
    "host": "localhost",
    "database": "voting_system"
}
Request URI: /voting-system/admin/admin.php?page=electionStatus
User Agent: Mozilla/5.0 (Windows NT 10.0; Win64; x64) AppleWebKit/537.36 (KHTML, like Gecko) Chrome/140.0.0.0 Safari/537.36
--------------------------------------------------------------------------------
[2025-09-15 10:26:27] [CUSTOM] [::1] Database connection established successfully
Context: {
    "host": "localhost",
    "database": "voting_system"
}
Request URI: /voting-system/admin/admin.php?page=electionStatus
User Agent: Mozilla/5.0 (Windows NT 10.0; Win64; x64) AppleWebKit/537.36 (KHTML, like Gecko) Chrome/140.0.0.0 Safari/537.36
--------------------------------------------------------------------------------
[2025-09-15 10:26:33] [CUSTOM] [::1] Database connection established successfully
Context: {
    "host": "localhost",
    "database": "voting_system"
}
Request URI: /voting-system/admin/admin.php?page=candidates
User Agent: Mozilla/5.0 (Windows NT 10.0; Win64; x64) AppleWebKit/537.36 (KHTML, like Gecko) Chrome/140.0.0.0 Safari/537.36
--------------------------------------------------------------------------------
[2025-09-15 10:26:33] [CUSTOM] [::1] Database connection established successfully
Context: {
    "host": "localhost",
    "database": "voting_system"
}
Request URI: /voting-system/admin/admin.php?page=candidates
User Agent: Mozilla/5.0 (Windows NT 10.0; Win64; x64) AppleWebKit/537.36 (KHTML, like Gecko) Chrome/140.0.0.0 Safari/537.36
--------------------------------------------------------------------------------
[2025-09-15 10:26:33] [CUSTOM] [::1] Database connection established successfully
Context: {
    "host": "localhost",
    "database": "voting_system"
}
Request URI: /voting-system/admin/admin.php?page=candidates
User Agent: Mozilla/5.0 (Windows NT 10.0; Win64; x64) AppleWebKit/537.36 (KHTML, like Gecko) Chrome/140.0.0.0 Safari/537.36
--------------------------------------------------------------------------------
[2025-09-15 10:26:33] [CUSTOM] [::1] Database connection established successfully
Context: {
    "host": "localhost",
    "database": "voting_system"
}
Request URI: /voting-system/admin/admin.php?page=applications
User Agent: Mozilla/5.0 (Windows NT 10.0; Win64; x64) AppleWebKit/537.36 (KHTML, like Gecko) Chrome/140.0.0.0 Safari/537.36
--------------------------------------------------------------------------------
[2025-09-15 10:26:33] [CUSTOM] [::1] Database connection established successfully
Context: {
    "host": "localhost",
    "database": "voting_system"
}
Request URI: /voting-system/admin/admin.php?page=applications
User Agent: Mozilla/5.0 (Windows NT 10.0; Win64; x64) AppleWebKit/537.36 (KHTML, like Gecko) Chrome/140.0.0.0 Safari/537.36
--------------------------------------------------------------------------------
[2025-09-15 10:26:33] [CUSTOM] [::1] Database connection established successfully
Context: {
    "host": "localhost",
    "database": "voting_system"
}
Request URI: /voting-system/admin/admin.php?page=applications
User Agent: Mozilla/5.0 (Windows NT 10.0; Win64; x64) AppleWebKit/537.36 (KHTML, like Gecko) Chrome/140.0.0.0 Safari/537.36
--------------------------------------------------------------------------------
[2025-09-15 10:26:34] [CUSTOM] [::1] Database connection established successfully
Context: {
    "host": "localhost",
    "database": "voting_system"
}
Request URI: /voting-system/admin/admin.php?page=voteHistory
User Agent: Mozilla/5.0 (Windows NT 10.0; Win64; x64) AppleWebKit/537.36 (KHTML, like Gecko) Chrome/140.0.0.0 Safari/537.36
--------------------------------------------------------------------------------
[2025-09-15 10:26:34] [CUSTOM] [::1] Database connection established successfully
Context: {
    "host": "localhost",
    "database": "voting_system"
}
Request URI: /voting-system/admin/admin.php?page=voteHistory
User Agent: Mozilla/5.0 (Windows NT 10.0; Win64; x64) AppleWebKit/537.36 (KHTML, like Gecko) Chrome/140.0.0.0 Safari/537.36
--------------------------------------------------------------------------------
[2025-09-15 10:26:34] [CUSTOM] [::1] Database connection established successfully
Context: {
    "host": "localhost",
    "database": "voting_system"
}
Request URI: /voting-system/admin/admin.php?page=voteHistory
User Agent: Mozilla/5.0 (Windows NT 10.0; Win64; x64) AppleWebKit/537.36 (KHTML, like Gecko) Chrome/140.0.0.0 Safari/537.36
--------------------------------------------------------------------------------
[2025-09-15 10:26:34] [EXCEPTION] [::1] voteHistory.php:80 - mysqli_num_rows(): Argument #1 ($result) must be of type mysqli_result, bool given
Stack Trace:
#0 D:\OFFICE\TpotsProject\www\voting-system\admin\content\voteHistory.php(80): mysqli_num_rows(false)
#1 D:\OFFICE\TpotsProject\www\voting-system\admin\admin.php(310): include('D:\\OFFICE\\Tpots...')
#2 {main}
Request URI: /voting-system/admin/admin.php?page=voteHistory
User Agent: Mozilla/5.0 (Windows NT 10.0; Win64; x64) AppleWebKit/537.36 (KHTML, like Gecko) Chrome/140.0.0.0 Safari/537.36
--------------------------------------------------------------------------------
[2025-09-15 10:26:34] [CUSTOM] [::1] Database connection established successfully
Context: {
    "host": "localhost",
    "database": "voting_system"
}
Request URI: /voting-system/admin/admin.php?page=userManagement
User Agent: Mozilla/5.0 (Windows NT 10.0; Win64; x64) AppleWebKit/537.36 (KHTML, like Gecko) Chrome/140.0.0.0 Safari/537.36
--------------------------------------------------------------------------------
[2025-09-15 10:26:34] [CUSTOM] [::1] Database connection established successfully
Context: {
    "host": "localhost",
    "database": "voting_system"
}
Request URI: /voting-system/admin/admin.php?page=userManagement
User Agent: Mozilla/5.0 (Windows NT 10.0; Win64; x64) AppleWebKit/537.36 (KHTML, like Gecko) Chrome/140.0.0.0 Safari/537.36
--------------------------------------------------------------------------------
[2025-09-15 10:26:34] [CUSTOM] [::1] Database connection established successfully
Context: {
    "host": "localhost",
    "database": "voting_system"
}
Request URI: /voting-system/admin/admin.php?page=userManagement
User Agent: Mozilla/5.0 (Windows NT 10.0; Win64; x64) AppleWebKit/537.36 (KHTML, like Gecko) Chrome/140.0.0.0 Safari/537.36
--------------------------------------------------------------------------------
[2025-09-15 10:26:35] [CUSTOM] [::1] Database connection established successfully
Context: {
    "host": "localhost",
    "database": "voting_system"
}
Request URI: /voting-system/admin/admin.php?page=errorLogs
User Agent: Mozilla/5.0 (Windows NT 10.0; Win64; x64) AppleWebKit/537.36 (KHTML, like Gecko) Chrome/140.0.0.0 Safari/537.36
--------------------------------------------------------------------------------
[2025-09-15 10:26:35] [CUSTOM] [::1] Database connection established successfully
Context: {
    "host": "localhost",
    "database": "voting_system"
}
Request URI: /voting-system/admin/admin.php?page=errorLogs
User Agent: Mozilla/5.0 (Windows NT 10.0; Win64; x64) AppleWebKit/537.36 (KHTML, like Gecko) Chrome/140.0.0.0 Safari/537.36
--------------------------------------------------------------------------------
[2025-09-15 10:26:35] [CUSTOM] [::1] Database connection established successfully
Context: {
    "host": "localhost",
    "database": "voting_system"
}
Request URI: /voting-system/admin/admin.php?page=errorLogs
User Agent: Mozilla/5.0 (Windows NT 10.0; Win64; x64) AppleWebKit/537.36 (KHTML, like Gecko) Chrome/140.0.0.0 Safari/537.36
--------------------------------------------------------------------------------
[2025-09-15 10:27:02] [CUSTOM] [::1] Database connection established successfully
Context: {
    "host": "localhost",
    "database": "voting_system"
}
Request URI: /voting-system/admin/admin.php?page=electionStatus
User Agent: Mozilla/5.0 (Windows NT 10.0; Win64; x64) AppleWebKit/537.36 (KHTML, like Gecko) Chrome/140.0.0.0 Safari/537.36
--------------------------------------------------------------------------------
[2025-09-15 10:27:02] [CUSTOM] [::1] Database connection established successfully
Context: {
    "host": "localhost",
    "database": "voting_system"
}
Request URI: /voting-system/admin/admin.php?page=electionStatus
User Agent: Mozilla/5.0 (Windows NT 10.0; Win64; x64) AppleWebKit/537.36 (KHTML, like Gecko) Chrome/140.0.0.0 Safari/537.36
--------------------------------------------------------------------------------
[2025-09-15 10:27:02] [CUSTOM] [::1] Database connection established successfully
Context: {
    "host": "localhost",
    "database": "voting_system"
}
Request URI: /voting-system/admin/admin.php?page=electionStatus
User Agent: Mozilla/5.0 (Windows NT 10.0; Win64; x64) AppleWebKit/537.36 (KHTML, like Gecko) Chrome/140.0.0.0 Safari/537.36
--------------------------------------------------------------------------------
[2025-09-15 10:27:02] [CUSTOM] [::1] Database connection established successfully
Context: {
    "host": "localhost",
    "database": "voting_system"
}
Request URI: /voting-system/admin/admin.php?page=electionStatus
User Agent: Mozilla/5.0 (Windows NT 10.0; Win64; x64) AppleWebKit/537.36 (KHTML, like Gecko) Chrome/140.0.0.0 Safari/537.36
--------------------------------------------------------------------------------
[2025-09-15 10:27:26] [CUSTOM] [::1] Database connection established successfully
Context: {
    "host": "localhost",
    "database": "voting_system"
}
Request URI: /voting-system/admin/admin.php?page=electionStatus
User Agent: Mozilla/5.0 (Windows NT 10.0; Win64; x64) AppleWebKit/537.36 (KHTML, like Gecko) Chrome/140.0.0.0 Safari/537.36
--------------------------------------------------------------------------------
[2025-09-15 10:27:26] [CUSTOM] [::1] Database connection established successfully
Context: {
    "host": "localhost",
    "database": "voting_system"
}
Request URI: /voting-system/admin/admin.php?page=electionStatus
User Agent: Mozilla/5.0 (Windows NT 10.0; Win64; x64) AppleWebKit/537.36 (KHTML, like Gecko) Chrome/140.0.0.0 Safari/537.36
--------------------------------------------------------------------------------
[2025-09-15 10:27:26] [CUSTOM] [::1] Database connection established successfully
Context: {
    "host": "localhost",
    "database": "voting_system"
}
Request URI: /voting-system/admin/admin.php?page=electionStatus
User Agent: Mozilla/5.0 (Windows NT 10.0; Win64; x64) AppleWebKit/537.36 (KHTML, like Gecko) Chrome/140.0.0.0 Safari/537.36
--------------------------------------------------------------------------------
[2025-09-15 10:27:26] [CUSTOM] [::1] Database connection established successfully
Context: {
    "host": "localhost",
    "database": "voting_system"
}
Request URI: /voting-system/admin/admin.php?page=electionStatus
User Agent: Mozilla/5.0 (Windows NT 10.0; Win64; x64) AppleWebKit/537.36 (KHTML, like Gecko) Chrome/140.0.0.0 Safari/537.36
--------------------------------------------------------------------------------
[2025-09-15 10:27:27] [CUSTOM] [::1] Database connection established successfully
Context: {
    "host": "localhost",
    "database": "voting_system"
}
Request URI: /voting-system/admin/admin.php?page=dashboard
User Agent: Mozilla/5.0 (Windows NT 10.0; Win64; x64) AppleWebKit/537.36 (KHTML, like Gecko) Chrome/140.0.0.0 Safari/537.36
--------------------------------------------------------------------------------
[2025-09-15 10:27:27] [CUSTOM] [::1] Database connection established successfully
Context: {
    "host": "localhost",
    "database": "voting_system"
}
Request URI: /voting-system/admin/admin.php?page=dashboard
User Agent: Mozilla/5.0 (Windows NT 10.0; Win64; x64) AppleWebKit/537.36 (KHTML, like Gecko) Chrome/140.0.0.0 Safari/537.36
--------------------------------------------------------------------------------
[2025-09-15 10:27:27] [CUSTOM] [::1] Database connection established successfully
Context: {
    "host": "localhost",
    "database": "voting_system"
}
Request URI: /voting-system/admin/admin.php?page=dashboard
User Agent: Mozilla/5.0 (Windows NT 10.0; Win64; x64) AppleWebKit/537.36 (KHTML, like Gecko) Chrome/140.0.0.0 Safari/537.36
--------------------------------------------------------------------------------
[2025-09-15 10:27:30] [CUSTOM] [::1] Database connection established successfully
Context: {
    "host": "localhost",
    "database": "voting_system"
}
Request URI: /voting-system/admin/admin.php?page=electionStatus
User Agent: Mozilla/5.0 (Windows NT 10.0; Win64; x64) AppleWebKit/537.36 (KHTML, like Gecko) Chrome/140.0.0.0 Safari/537.36
--------------------------------------------------------------------------------
[2025-09-15 10:27:31] [CUSTOM] [::1] Database connection established successfully
Context: {
    "host": "localhost",
    "database": "voting_system"
}
Request URI: /voting-system/admin/admin.php?page=electionStatus
User Agent: Mozilla/5.0 (Windows NT 10.0; Win64; x64) AppleWebKit/537.36 (KHTML, like Gecko) Chrome/140.0.0.0 Safari/537.36
--------------------------------------------------------------------------------
[2025-09-15 10:27:31] [CUSTOM] [::1] Database connection established successfully
Context: {
    "host": "localhost",
    "database": "voting_system"
}
Request URI: /voting-system/admin/admin.php?page=electionStatus
User Agent: Mozilla/5.0 (Windows NT 10.0; Win64; x64) AppleWebKit/537.36 (KHTML, like Gecko) Chrome/140.0.0.0 Safari/537.36
--------------------------------------------------------------------------------
[2025-09-15 10:27:31] [CUSTOM] [::1] Database connection established successfully
Context: {
    "host": "localhost",
    "database": "voting_system"
}
Request URI: /voting-system/admin/admin.php?page=electionStatus
User Agent: Mozilla/5.0 (Windows NT 10.0; Win64; x64) AppleWebKit/537.36 (KHTML, like Gecko) Chrome/140.0.0.0 Safari/537.36
--------------------------------------------------------------------------------
[2025-09-15 10:27:31] [CUSTOM] [::1] Database connection established successfully
Context: {
    "host": "localhost",
    "database": "voting_system"
}
Request URI: /voting-system/admin/admin.php?page=applications
User Agent: Mozilla/5.0 (Windows NT 10.0; Win64; x64) AppleWebKit/537.36 (KHTML, like Gecko) Chrome/140.0.0.0 Safari/537.36
--------------------------------------------------------------------------------
[2025-09-15 10:27:31] [CUSTOM] [::1] Database connection established successfully
Context: {
    "host": "localhost",
    "database": "voting_system"
}
Request URI: /voting-system/admin/admin.php?page=applications
User Agent: Mozilla/5.0 (Windows NT 10.0; Win64; x64) AppleWebKit/537.36 (KHTML, like Gecko) Chrome/140.0.0.0 Safari/537.36
--------------------------------------------------------------------------------
[2025-09-15 10:27:31] [CUSTOM] [::1] Database connection established successfully
Context: {
    "host": "localhost",
    "database": "voting_system"
}
Request URI: /voting-system/admin/admin.php?page=applications
User Agent: Mozilla/5.0 (Windows NT 10.0; Win64; x64) AppleWebKit/537.36 (KHTML, like Gecko) Chrome/140.0.0.0 Safari/537.36
--------------------------------------------------------------------------------
[2025-09-15 10:27:34] [CUSTOM] [::1] Database connection established successfully
Context: {
    "host": "localhost",
    "database": "voting_system"
}
Request URI: /voting-system/admin/admin.php?page=electionStatus
User Agent: Mozilla/5.0 (Windows NT 10.0; Win64; x64) AppleWebKit/537.36 (KHTML, like Gecko) Chrome/140.0.0.0 Safari/537.36
--------------------------------------------------------------------------------
[2025-09-15 10:27:34] [CUSTOM] [::1] Database connection established successfully
Context: {
    "host": "localhost",
    "database": "voting_system"
}
Request URI: /voting-system/admin/admin.php?page=electionStatus
User Agent: Mozilla/5.0 (Windows NT 10.0; Win64; x64) AppleWebKit/537.36 (KHTML, like Gecko) Chrome/140.0.0.0 Safari/537.36
--------------------------------------------------------------------------------
[2025-09-15 10:27:34] [CUSTOM] [::1] Database connection established successfully
Context: {
    "host": "localhost",
    "database": "voting_system"
}
Request URI: /voting-system/admin/admin.php?page=electionStatus
User Agent: Mozilla/5.0 (Windows NT 10.0; Win64; x64) AppleWebKit/537.36 (KHTML, like Gecko) Chrome/140.0.0.0 Safari/537.36
--------------------------------------------------------------------------------
[2025-09-15 10:27:34] [CUSTOM] [::1] Database connection established successfully
Context: {
    "host": "localhost",
    "database": "voting_system"
}
Request URI: /voting-system/admin/admin.php?page=electionStatus
User Agent: Mozilla/5.0 (Windows NT 10.0; Win64; x64) AppleWebKit/537.36 (KHTML, like Gecko) Chrome/140.0.0.0 Safari/537.36
--------------------------------------------------------------------------------
[2025-09-15 10:29:02] [CUSTOM] [::1] Database connection established successfully
Context: {
    "host": "localhost",
    "database": "voting_system"
}
Request URI: /voting-system/admin/admin.php?page=electionStatus
User Agent: Mozilla/5.0 (Windows NT 10.0; Win64; x64) AppleWebKit/537.36 (KHTML, like Gecko) Chrome/140.0.0.0 Safari/537.36
--------------------------------------------------------------------------------
[2025-09-15 10:29:02] [CUSTOM] [::1] Database connection established successfully
Context: {
    "host": "localhost",
    "database": "voting_system"
}
Request URI: /voting-system/admin/admin.php?page=electionStatus
User Agent: Mozilla/5.0 (Windows NT 10.0; Win64; x64) AppleWebKit/537.36 (KHTML, like Gecko) Chrome/140.0.0.0 Safari/537.36
--------------------------------------------------------------------------------
[2025-09-15 10:29:02] [CUSTOM] [::1] Database connection established successfully
Context: {
    "host": "localhost",
    "database": "voting_system"
}
Request URI: /voting-system/admin/admin.php?page=electionStatus
User Agent: Mozilla/5.0 (Windows NT 10.0; Win64; x64) AppleWebKit/537.36 (KHTML, like Gecko) Chrome/140.0.0.0 Safari/537.36
--------------------------------------------------------------------------------
[2025-09-15 10:29:02] [CUSTOM] [::1] Database connection established successfully
Context: {
    "host": "localhost",
    "database": "voting_system"
}
Request URI: /voting-system/admin/admin.php?page=electionStatus
User Agent: Mozilla/5.0 (Windows NT 10.0; Win64; x64) AppleWebKit/537.36 (KHTML, like Gecko) Chrome/140.0.0.0 Safari/537.36
--------------------------------------------------------------------------------
[2025-09-15 10:29:07] [CUSTOM] [::1] Database connection established successfully
Context: {
    "host": "localhost",
    "database": "voting_system"
}
Request URI: /voting-system/common/voteActions.php
User Agent: Mozilla/5.0 (Windows NT 10.0; Win64; x64) AppleWebKit/537.36 (KHTML, like Gecko) Chrome/140.0.0.0 Safari/537.36
--------------------------------------------------------------------------------
[2025-09-15 10:29:07] [CUSTOM] [::1] Database connection established successfully
Context: {
    "host": "localhost",
    "database": "voting_system"
}
Request URI: /voting-system/admin/admin.php
User Agent: Mozilla/5.0 (Windows NT 10.0; Win64; x64) AppleWebKit/537.36 (KHTML, like Gecko) Chrome/140.0.0.0 Safari/537.36
--------------------------------------------------------------------------------
[2025-09-15 10:29:07] [CUSTOM] [::1] Database connection established successfully
Context: {
    "host": "localhost",
    "database": "voting_system"
}
Request URI: /voting-system/admin/admin.php
User Agent: Mozilla/5.0 (Windows NT 10.0; Win64; x64) AppleWebKit/537.36 (KHTML, like Gecko) Chrome/140.0.0.0 Safari/537.36
--------------------------------------------------------------------------------
[2025-09-15 10:29:07] [CUSTOM] [::1] Database connection established successfully
Context: {
    "host": "localhost",
    "database": "voting_system"
}
Request URI: /voting-system/admin/admin.php
User Agent: Mozilla/5.0 (Windows NT 10.0; Win64; x64) AppleWebKit/537.36 (KHTML, like Gecko) Chrome/140.0.0.0 Safari/537.36
--------------------------------------------------------------------------------
[2025-09-15 10:29:09] [CUSTOM] [::1] Database connection established successfully
Context: {
    "host": "localhost",
    "database": "voting_system"
}
Request URI: /voting-system/admin/admin.php?page=electionStatus
User Agent: Mozilla/5.0 (Windows NT 10.0; Win64; x64) AppleWebKit/537.36 (KHTML, like Gecko) Chrome/140.0.0.0 Safari/537.36
--------------------------------------------------------------------------------
[2025-09-15 10:29:09] [CUSTOM] [::1] Database connection established successfully
Context: {
    "host": "localhost",
    "database": "voting_system"
}
Request URI: /voting-system/admin/admin.php?page=electionStatus
User Agent: Mozilla/5.0 (Windows NT 10.0; Win64; x64) AppleWebKit/537.36 (KHTML, like Gecko) Chrome/140.0.0.0 Safari/537.36
--------------------------------------------------------------------------------
[2025-09-15 10:29:09] [CUSTOM] [::1] Database connection established successfully
Context: {
    "host": "localhost",
    "database": "voting_system"
}
Request URI: /voting-system/admin/admin.php?page=electionStatus
User Agent: Mozilla/5.0 (Windows NT 10.0; Win64; x64) AppleWebKit/537.36 (KHTML, like Gecko) Chrome/140.0.0.0 Safari/537.36
--------------------------------------------------------------------------------
[2025-09-15 10:29:09] [CUSTOM] [::1] Database connection established successfully
Context: {
    "host": "localhost",
    "database": "voting_system"
}
Request URI: /voting-system/admin/admin.php?page=electionStatus
User Agent: Mozilla/5.0 (Windows NT 10.0; Win64; x64) AppleWebKit/537.36 (KHTML, like Gecko) Chrome/140.0.0.0 Safari/537.36
--------------------------------------------------------------------------------
[2025-09-15 10:29:14] [CUSTOM] [::1] Database connection established successfully
Context: {
    "host": "localhost",
    "database": "voting_system"
}
Request URI: /voting-system/admin/admin.php?page=dashboard
User Agent: Mozilla/5.0 (Windows NT 10.0; Win64; x64) AppleWebKit/537.36 (KHTML, like Gecko) Chrome/140.0.0.0 Safari/537.36
--------------------------------------------------------------------------------
[2025-09-15 10:29:14] [CUSTOM] [::1] Database connection established successfully
Context: {
    "host": "localhost",
    "database": "voting_system"
}
Request URI: /voting-system/admin/admin.php?page=dashboard
User Agent: Mozilla/5.0 (Windows NT 10.0; Win64; x64) AppleWebKit/537.36 (KHTML, like Gecko) Chrome/140.0.0.0 Safari/537.36
--------------------------------------------------------------------------------
[2025-09-15 10:29:14] [CUSTOM] [::1] Database connection established successfully
Context: {
    "host": "localhost",
    "database": "voting_system"
}
Request URI: /voting-system/admin/admin.php?page=dashboard
User Agent: Mozilla/5.0 (Windows NT 10.0; Win64; x64) AppleWebKit/537.36 (KHTML, like Gecko) Chrome/140.0.0.0 Safari/537.36
--------------------------------------------------------------------------------
[2025-09-15 10:29:15] [CUSTOM] [::1] Database connection established successfully
Context: {
    "host": "localhost",
    "database": "voting_system"
}
Request URI: /voting-system/admin/admin.php?page=electionStatus
User Agent: Mozilla/5.0 (Windows NT 10.0; Win64; x64) AppleWebKit/537.36 (KHTML, like Gecko) Chrome/140.0.0.0 Safari/537.36
--------------------------------------------------------------------------------
[2025-09-15 10:29:15] [CUSTOM] [::1] Database connection established successfully
Context: {
    "host": "localhost",
    "database": "voting_system"
}
Request URI: /voting-system/admin/admin.php?page=electionStatus
User Agent: Mozilla/5.0 (Windows NT 10.0; Win64; x64) AppleWebKit/537.36 (KHTML, like Gecko) Chrome/140.0.0.0 Safari/537.36
--------------------------------------------------------------------------------
[2025-09-15 10:29:15] [CUSTOM] [::1] Database connection established successfully
Context: {
    "host": "localhost",
    "database": "voting_system"
}
Request URI: /voting-system/admin/admin.php?page=electionStatus
User Agent: Mozilla/5.0 (Windows NT 10.0; Win64; x64) AppleWebKit/537.36 (KHTML, like Gecko) Chrome/140.0.0.0 Safari/537.36
--------------------------------------------------------------------------------
[2025-09-15 10:29:15] [CUSTOM] [::1] Database connection established successfully
Context: {
    "host": "localhost",
    "database": "voting_system"
}
Request URI: /voting-system/admin/admin.php?page=electionStatus
User Agent: Mozilla/5.0 (Windows NT 10.0; Win64; x64) AppleWebKit/537.36 (KHTML, like Gecko) Chrome/140.0.0.0 Safari/537.36
--------------------------------------------------------------------------------
[2025-09-15 10:29:16] [CUSTOM] [::1] Database connection established successfully
Context: {
    "host": "localhost",
    "database": "voting_system"
}
Request URI: /voting-system/admin/admin.php?page=candidates
User Agent: Mozilla/5.0 (Windows NT 10.0; Win64; x64) AppleWebKit/537.36 (KHTML, like Gecko) Chrome/140.0.0.0 Safari/537.36
--------------------------------------------------------------------------------
[2025-09-15 10:29:16] [CUSTOM] [::1] Database connection established successfully
Context: {
    "host": "localhost",
    "database": "voting_system"
}
Request URI: /voting-system/admin/admin.php?page=candidates
User Agent: Mozilla/5.0 (Windows NT 10.0; Win64; x64) AppleWebKit/537.36 (KHTML, like Gecko) Chrome/140.0.0.0 Safari/537.36
--------------------------------------------------------------------------------
[2025-09-15 10:29:16] [CUSTOM] [::1] Database connection established successfully
Context: {
    "host": "localhost",
    "database": "voting_system"
}
Request URI: /voting-system/admin/admin.php?page=candidates
User Agent: Mozilla/5.0 (Windows NT 10.0; Win64; x64) AppleWebKit/537.36 (KHTML, like Gecko) Chrome/140.0.0.0 Safari/537.36
--------------------------------------------------------------------------------
[2025-09-15 10:29:16] [CUSTOM] [::1] Database connection established successfully
Context: {
    "host": "localhost",
    "database": "voting_system"
}
Request URI: /voting-system/admin/admin.php?page=applications
User Agent: Mozilla/5.0 (Windows NT 10.0; Win64; x64) AppleWebKit/537.36 (KHTML, like Gecko) Chrome/140.0.0.0 Safari/537.36
--------------------------------------------------------------------------------
[2025-09-15 10:29:16] [CUSTOM] [::1] Database connection established successfully
Context: {
    "host": "localhost",
    "database": "voting_system"
}
Request URI: /voting-system/admin/admin.php?page=applications
User Agent: Mozilla/5.0 (Windows NT 10.0; Win64; x64) AppleWebKit/537.36 (KHTML, like Gecko) Chrome/140.0.0.0 Safari/537.36
--------------------------------------------------------------------------------
[2025-09-15 10:29:16] [CUSTOM] [::1] Database connection established successfully
Context: {
    "host": "localhost",
    "database": "voting_system"
}
Request URI: /voting-system/admin/admin.php?page=applications
User Agent: Mozilla/5.0 (Windows NT 10.0; Win64; x64) AppleWebKit/537.36 (KHTML, like Gecko) Chrome/140.0.0.0 Safari/537.36
--------------------------------------------------------------------------------
[2025-09-15 10:29:17] [CUSTOM] [::1] Database connection established successfully
Context: {
    "host": "localhost",
    "database": "voting_system"
}
Request URI: /voting-system/admin/admin.php?page=applications
User Agent: Mozilla/5.0 (Windows NT 10.0; Win64; x64) AppleWebKit/537.36 (KHTML, like Gecko) Chrome/140.0.0.0 Safari/537.36
--------------------------------------------------------------------------------
[2025-09-15 10:29:17] [CUSTOM] [::1] Database connection established successfully
Context: {
    "host": "localhost",
    "database": "voting_system"
}
Request URI: /voting-system/admin/admin.php?page=applications
User Agent: Mozilla/5.0 (Windows NT 10.0; Win64; x64) AppleWebKit/537.36 (KHTML, like Gecko) Chrome/140.0.0.0 Safari/537.36
--------------------------------------------------------------------------------
[2025-09-15 10:29:17] [CUSTOM] [::1] Database connection established successfully
Context: {
    "host": "localhost",
    "database": "voting_system"
}
Request URI: /voting-system/admin/admin.php?page=applications
User Agent: Mozilla/5.0 (Windows NT 10.0; Win64; x64) AppleWebKit/537.36 (KHTML, like Gecko) Chrome/140.0.0.0 Safari/537.36
--------------------------------------------------------------------------------
[2025-09-15 10:29:17] [CUSTOM] [::1] Database connection established successfully
Context: {
    "host": "localhost",
    "database": "voting_system"
}
Request URI: /voting-system/admin/admin.php?page=candidates
User Agent: Mozilla/5.0 (Windows NT 10.0; Win64; x64) AppleWebKit/537.36 (KHTML, like Gecko) Chrome/140.0.0.0 Safari/537.36
--------------------------------------------------------------------------------
[2025-09-15 10:29:17] [CUSTOM] [::1] Database connection established successfully
Context: {
    "host": "localhost",
    "database": "voting_system"
}
Request URI: /voting-system/admin/admin.php?page=candidates
User Agent: Mozilla/5.0 (Windows NT 10.0; Win64; x64) AppleWebKit/537.36 (KHTML, like Gecko) Chrome/140.0.0.0 Safari/537.36
--------------------------------------------------------------------------------
[2025-09-15 10:29:17] [CUSTOM] [::1] Database connection established successfully
Context: {
    "host": "localhost",
    "database": "voting_system"
}
Request URI: /voting-system/admin/admin.php?page=candidates
User Agent: Mozilla/5.0 (Windows NT 10.0; Win64; x64) AppleWebKit/537.36 (KHTML, like Gecko) Chrome/140.0.0.0 Safari/537.36
--------------------------------------------------------------------------------
[2025-09-15 10:29:21] [CUSTOM] [::1] Database connection established successfully
Context: {
    "host": "localhost",
    "database": "voting_system"
}
Request URI: /voting-system/admin/admin.php?page=applications
User Agent: Mozilla/5.0 (Windows NT 10.0; Win64; x64) AppleWebKit/537.36 (KHTML, like Gecko) Chrome/140.0.0.0 Safari/537.36
--------------------------------------------------------------------------------
[2025-09-15 10:29:21] [CUSTOM] [::1] Database connection established successfully
Context: {
    "host": "localhost",
    "database": "voting_system"
}
Request URI: /voting-system/admin/admin.php?page=applications
User Agent: Mozilla/5.0 (Windows NT 10.0; Win64; x64) AppleWebKit/537.36 (KHTML, like Gecko) Chrome/140.0.0.0 Safari/537.36
--------------------------------------------------------------------------------
[2025-09-15 10:29:21] [CUSTOM] [::1] Database connection established successfully
Context: {
    "host": "localhost",
    "database": "voting_system"
}
Request URI: /voting-system/admin/admin.php?page=applications
User Agent: Mozilla/5.0 (Windows NT 10.0; Win64; x64) AppleWebKit/537.36 (KHTML, like Gecko) Chrome/140.0.0.0 Safari/537.36
--------------------------------------------------------------------------------
[2025-09-15 10:29:24] [CUSTOM] [::1] Database connection established successfully
Context: {
    "host": "localhost",
    "database": "voting_system"
}
Request URI: /voting-system/admin/admin.php?page=dashboard
User Agent: Mozilla/5.0 (Windows NT 10.0; Win64; x64) AppleWebKit/537.36 (KHTML, like Gecko) Chrome/140.0.0.0 Safari/537.36
--------------------------------------------------------------------------------
[2025-09-15 10:29:24] [CUSTOM] [::1] Database connection established successfully
Context: {
    "host": "localhost",
    "database": "voting_system"
}
Request URI: /voting-system/admin/admin.php?page=dashboard
User Agent: Mozilla/5.0 (Windows NT 10.0; Win64; x64) AppleWebKit/537.36 (KHTML, like Gecko) Chrome/140.0.0.0 Safari/537.36
--------------------------------------------------------------------------------
[2025-09-15 10:29:24] [CUSTOM] [::1] Database connection established successfully
Context: {
    "host": "localhost",
    "database": "voting_system"
}
Request URI: /voting-system/admin/admin.php?page=dashboard
User Agent: Mozilla/5.0 (Windows NT 10.0; Win64; x64) AppleWebKit/537.36 (KHTML, like Gecko) Chrome/140.0.0.0 Safari/537.36
--------------------------------------------------------------------------------
[2025-09-15 10:29:25] [CUSTOM] [::1] Database connection established successfully
Context: {
    "host": "localhost",
    "database": "voting_system"
}
Request URI: /voting-system/admin/admin.php?page=candidates
User Agent: Mozilla/5.0 (Windows NT 10.0; Win64; x64) AppleWebKit/537.36 (KHTML, like Gecko) Chrome/140.0.0.0 Safari/537.36
--------------------------------------------------------------------------------
[2025-09-15 10:29:25] [CUSTOM] [::1] Database connection established successfully
Context: {
    "host": "localhost",
    "database": "voting_system"
}
Request URI: /voting-system/admin/admin.php?page=candidates
User Agent: Mozilla/5.0 (Windows NT 10.0; Win64; x64) AppleWebKit/537.36 (KHTML, like Gecko) Chrome/140.0.0.0 Safari/537.36
--------------------------------------------------------------------------------
[2025-09-15 10:29:25] [CUSTOM] [::1] Database connection established successfully
Context: {
    "host": "localhost",
    "database": "voting_system"
}
Request URI: /voting-system/admin/admin.php?page=candidates
User Agent: Mozilla/5.0 (Windows NT 10.0; Win64; x64) AppleWebKit/537.36 (KHTML, like Gecko) Chrome/140.0.0.0 Safari/537.36
--------------------------------------------------------------------------------
[2025-09-15 10:29:25] [CUSTOM] [::1] Database connection established successfully
Context: {
    "host": "localhost",
    "database": "voting_system"
}
Request URI: /voting-system/admin/admin.php?page=applications
User Agent: Mozilla/5.0 (Windows NT 10.0; Win64; x64) AppleWebKit/537.36 (KHTML, like Gecko) Chrome/140.0.0.0 Safari/537.36
--------------------------------------------------------------------------------
[2025-09-15 10:29:25] [CUSTOM] [::1] Database connection established successfully
Context: {
    "host": "localhost",
    "database": "voting_system"
}
Request URI: /voting-system/admin/admin.php?page=applications
User Agent: Mozilla/5.0 (Windows NT 10.0; Win64; x64) AppleWebKit/537.36 (KHTML, like Gecko) Chrome/140.0.0.0 Safari/537.36
--------------------------------------------------------------------------------
[2025-09-15 10:29:25] [CUSTOM] [::1] Database connection established successfully
Context: {
    "host": "localhost",
    "database": "voting_system"
}
Request URI: /voting-system/admin/admin.php?page=applications
User Agent: Mozilla/5.0 (Windows NT 10.0; Win64; x64) AppleWebKit/537.36 (KHTML, like Gecko) Chrome/140.0.0.0 Safari/537.36
--------------------------------------------------------------------------------
[2025-09-15 10:29:26] [CUSTOM] [::1] Database connection established successfully
Context: {
    "host": "localhost",
    "database": "voting_system"
}
Request URI: /voting-system/admin/admin.php?page=analytics
User Agent: Mozilla/5.0 (Windows NT 10.0; Win64; x64) AppleWebKit/537.36 (KHTML, like Gecko) Chrome/140.0.0.0 Safari/537.36
--------------------------------------------------------------------------------
[2025-09-15 10:29:26] [CUSTOM] [::1] Database connection established successfully
Context: {
    "host": "localhost",
    "database": "voting_system"
}
Request URI: /voting-system/admin/admin.php?page=analytics
User Agent: Mozilla/5.0 (Windows NT 10.0; Win64; x64) AppleWebKit/537.36 (KHTML, like Gecko) Chrome/140.0.0.0 Safari/537.36
--------------------------------------------------------------------------------
[2025-09-15 10:29:26] [CUSTOM] [::1] Database connection established successfully
Context: {
    "host": "localhost",
    "database": "voting_system"
}
Request URI: /voting-system/admin/admin.php?page=analytics
User Agent: Mozilla/5.0 (Windows NT 10.0; Win64; x64) AppleWebKit/537.36 (KHTML, like Gecko) Chrome/140.0.0.0 Safari/537.36
--------------------------------------------------------------------------------
[2025-09-15 10:29:26] [EXCEPTION] [::1] analytics.php:150 - mysqli_fetch_assoc(): Argument #1 ($result) must be of type mysqli_result, bool given
Stack Trace:
#0 D:\OFFICE\TpotsProject\www\voting-system\admin\content\analytics.php(150): mysqli_fetch_assoc(false)
#1 D:\OFFICE\TpotsProject\www\voting-system\admin\admin.php(310): include('D:\\OFFICE\\Tpots...')
#2 {main}
Request URI: /voting-system/admin/admin.php?page=analytics
User Agent: Mozilla/5.0 (Windows NT 10.0; Win64; x64) AppleWebKit/537.36 (KHTML, like Gecko) Chrome/140.0.0.0 Safari/537.36
--------------------------------------------------------------------------------
[2025-09-15 10:29:26] [CUSTOM] [::1] Database connection established successfully
Context: {
    "host": "localhost",
    "database": "voting_system"
}
Request URI: /voting-system/admin/admin.php?page=userManagement
User Agent: Mozilla/5.0 (Windows NT 10.0; Win64; x64) AppleWebKit/537.36 (KHTML, like Gecko) Chrome/140.0.0.0 Safari/537.36
--------------------------------------------------------------------------------
[2025-09-15 10:29:26] [CUSTOM] [::1] Database connection established successfully
Context: {
    "host": "localhost",
    "database": "voting_system"
}
Request URI: /voting-system/admin/admin.php?page=userManagement
User Agent: Mozilla/5.0 (Windows NT 10.0; Win64; x64) AppleWebKit/537.36 (KHTML, like Gecko) Chrome/140.0.0.0 Safari/537.36
--------------------------------------------------------------------------------
[2025-09-15 10:29:26] [CUSTOM] [::1] Database connection established successfully
Context: {
    "host": "localhost",
    "database": "voting_system"
}
Request URI: /voting-system/admin/admin.php?page=userManagement
User Agent: Mozilla/5.0 (Windows NT 10.0; Win64; x64) AppleWebKit/537.36 (KHTML, like Gecko) Chrome/140.0.0.0 Safari/537.36
--------------------------------------------------------------------------------
[2025-09-15 10:29:27] [CUSTOM] [::1] Database connection established successfully
Context: {
    "host": "localhost",
    "database": "voting_system"
}
Request URI: /voting-system/admin/admin.php?page=applications
User Agent: Mozilla/5.0 (Windows NT 10.0; Win64; x64) AppleWebKit/537.36 (KHTML, like Gecko) Chrome/140.0.0.0 Safari/537.36
--------------------------------------------------------------------------------
[2025-09-15 10:29:27] [CUSTOM] [::1] Database connection established successfully
Context: {
    "host": "localhost",
    "database": "voting_system"
}
Request URI: /voting-system/admin/admin.php?page=applications
User Agent: Mozilla/5.0 (Windows NT 10.0; Win64; x64) AppleWebKit/537.36 (KHTML, like Gecko) Chrome/140.0.0.0 Safari/537.36
--------------------------------------------------------------------------------
[2025-09-15 10:29:27] [CUSTOM] [::1] Database connection established successfully
Context: {
    "host": "localhost",
    "database": "voting_system"
}
Request URI: /voting-system/admin/admin.php?page=applications
User Agent: Mozilla/5.0 (Windows NT 10.0; Win64; x64) AppleWebKit/537.36 (KHTML, like Gecko) Chrome/140.0.0.0 Safari/537.36
--------------------------------------------------------------------------------
[2025-09-15 10:29:28] [CUSTOM] [::1] Database connection established successfully
Context: {
    "host": "localhost",
    "database": "voting_system"
}
Request URI: /voting-system/admin/admin.php?page=candidates
User Agent: Mozilla/5.0 (Windows NT 10.0; Win64; x64) AppleWebKit/537.36 (KHTML, like Gecko) Chrome/140.0.0.0 Safari/537.36
--------------------------------------------------------------------------------
[2025-09-15 10:29:28] [CUSTOM] [::1] Database connection established successfully
Context: {
    "host": "localhost",
    "database": "voting_system"
}
Request URI: /voting-system/admin/admin.php?page=candidates
User Agent: Mozilla/5.0 (Windows NT 10.0; Win64; x64) AppleWebKit/537.36 (KHTML, like Gecko) Chrome/140.0.0.0 Safari/537.36
--------------------------------------------------------------------------------
[2025-09-15 10:29:28] [CUSTOM] [::1] Database connection established successfully
Context: {
    "host": "localhost",
    "database": "voting_system"
}
Request URI: /voting-system/admin/admin.php?page=candidates
User Agent: Mozilla/5.0 (Windows NT 10.0; Win64; x64) AppleWebKit/537.36 (KHTML, like Gecko) Chrome/140.0.0.0 Safari/537.36
--------------------------------------------------------------------------------
[2025-09-15 10:29:29] [CUSTOM] [::1] Database connection established successfully
Context: {
    "host": "localhost",
    "database": "voting_system"
}
Request URI: /voting-system/admin/admin.php?page=electionStatus
User Agent: Mozilla/5.0 (Windows NT 10.0; Win64; x64) AppleWebKit/537.36 (KHTML, like Gecko) Chrome/140.0.0.0 Safari/537.36
--------------------------------------------------------------------------------
[2025-09-15 10:29:29] [CUSTOM] [::1] Database connection established successfully
Context: {
    "host": "localhost",
    "database": "voting_system"
}
Request URI: /voting-system/admin/admin.php?page=electionStatus
User Agent: Mozilla/5.0 (Windows NT 10.0; Win64; x64) AppleWebKit/537.36 (KHTML, like Gecko) Chrome/140.0.0.0 Safari/537.36
--------------------------------------------------------------------------------
[2025-09-15 10:29:29] [CUSTOM] [::1] Database connection established successfully
Context: {
    "host": "localhost",
    "database": "voting_system"
}
Request URI: /voting-system/admin/admin.php?page=electionStatus
User Agent: Mozilla/5.0 (Windows NT 10.0; Win64; x64) AppleWebKit/537.36 (KHTML, like Gecko) Chrome/140.0.0.0 Safari/537.36
--------------------------------------------------------------------------------
[2025-09-15 10:29:29] [CUSTOM] [::1] Database connection established successfully
Context: {
    "host": "localhost",
    "database": "voting_system"
}
Request URI: /voting-system/admin/admin.php?page=electionStatus
User Agent: Mozilla/5.0 (Windows NT 10.0; Win64; x64) AppleWebKit/537.36 (KHTML, like Gecko) Chrome/140.0.0.0 Safari/537.36
--------------------------------------------------------------------------------
[2025-09-15 10:29:31] [CUSTOM] [::1] Database connection established successfully
Context: {
    "host": "localhost",
    "database": "voting_system"
}
Request URI: /voting-system/admin/admin.php?page=dashboard
User Agent: Mozilla/5.0 (Windows NT 10.0; Win64; x64) AppleWebKit/537.36 (KHTML, like Gecko) Chrome/140.0.0.0 Safari/537.36
--------------------------------------------------------------------------------
[2025-09-15 10:29:31] [CUSTOM] [::1] Database connection established successfully
Context: {
    "host": "localhost",
    "database": "voting_system"
}
Request URI: /voting-system/admin/admin.php?page=dashboard
User Agent: Mozilla/5.0 (Windows NT 10.0; Win64; x64) AppleWebKit/537.36 (KHTML, like Gecko) Chrome/140.0.0.0 Safari/537.36
--------------------------------------------------------------------------------
[2025-09-15 10:29:31] [CUSTOM] [::1] Database connection established successfully
Context: {
    "host": "localhost",
    "database": "voting_system"
}
Request URI: /voting-system/admin/admin.php?page=dashboard
User Agent: Mozilla/5.0 (Windows NT 10.0; Win64; x64) AppleWebKit/537.36 (KHTML, like Gecko) Chrome/140.0.0.0 Safari/537.36
--------------------------------------------------------------------------------
[2025-09-15 10:29:39] [CUSTOM] [::1] Database connection established successfully
Context: {
    "host": "localhost",
    "database": "voting_system"
}
Request URI: /voting-system/admin/admin.php?page=dashboard
User Agent: Mozilla/5.0 (Windows NT 10.0; Win64; x64) AppleWebKit/537.36 (KHTML, like Gecko) Chrome/140.0.0.0 Safari/537.36
--------------------------------------------------------------------------------
[2025-09-15 10:29:39] [WARNING] [::1] admin.php:6 - Undefined array key "id"
Request URI: /voting-system/admin/admin.php?page=dashboard
User Agent: Mozilla/5.0 (Windows NT 10.0; Win64; x64) AppleWebKit/537.36 (KHTML, like Gecko) Chrome/140.0.0.0 Safari/537.36
--------------------------------------------------------------------------------
[2025-09-15 10:29:48] [CUSTOM] [::1] Database connection established successfully
Context: {
    "host": "localhost",
    "database": "voting_system"
}
Request URI: /voting-system/admin/admin.php?page=applications
User Agent: Mozilla/5.0 (Windows NT 10.0; Win64; x64) AppleWebKit/537.36 (KHTML, like Gecko) Chrome/140.0.0.0 Safari/537.36
--------------------------------------------------------------------------------
[2025-09-15 10:29:48] [CUSTOM] [::1] Database connection established successfully
Context: {
    "host": "localhost",
    "database": "voting_system"
}
Request URI: /voting-system/admin/admin.php?page=applications
User Agent: Mozilla/5.0 (Windows NT 10.0; Win64; x64) AppleWebKit/537.36 (KHTML, like Gecko) Chrome/140.0.0.0 Safari/537.36
--------------------------------------------------------------------------------
[2025-09-15 10:29:49] [CUSTOM] [::1] Database connection established successfully
Context: {
    "host": "localhost",
    "database": "voting_system"
}
Request URI: /voting-system/admin/admin.php?page=applications
User Agent: Mozilla/5.0 (Windows NT 10.0; Win64; x64) AppleWebKit/537.36 (KHTML, like Gecko) Chrome/140.0.0.0 Safari/537.36
--------------------------------------------------------------------------------
[2025-09-15 10:29:50] [CUSTOM] [::1] Database connection established successfully
Context: {
    "host": "localhost",
    "database": "voting_system"
}
Request URI: /voting-system/admin/admin.php?page=voteHistory
User Agent: Mozilla/5.0 (Windows NT 10.0; Win64; x64) AppleWebKit/537.36 (KHTML, like Gecko) Chrome/140.0.0.0 Safari/537.36
--------------------------------------------------------------------------------
[2025-09-15 10:29:50] [CUSTOM] [::1] Database connection established successfully
Context: {
    "host": "localhost",
    "database": "voting_system"
}
Request URI: /voting-system/admin/admin.php?page=voteHistory
User Agent: Mozilla/5.0 (Windows NT 10.0; Win64; x64) AppleWebKit/537.36 (KHTML, like Gecko) Chrome/140.0.0.0 Safari/537.36
--------------------------------------------------------------------------------
[2025-09-15 10:29:50] [CUSTOM] [::1] Database connection established successfully
Context: {
    "host": "localhost",
    "database": "voting_system"
}
Request URI: /voting-system/admin/admin.php?page=voteHistory
User Agent: Mozilla/5.0 (Windows NT 10.0; Win64; x64) AppleWebKit/537.36 (KHTML, like Gecko) Chrome/140.0.0.0 Safari/537.36
--------------------------------------------------------------------------------
[2025-09-15 10:29:50] [EXCEPTION] [::1] voteHistory.php:80 - mysqli_num_rows(): Argument #1 ($result) must be of type mysqli_result, bool given
Stack Trace:
#0 D:\OFFICE\TpotsProject\www\voting-system\admin\content\voteHistory.php(80): mysqli_num_rows(false)
#1 D:\OFFICE\TpotsProject\www\voting-system\admin\admin.php(310): include('D:\\OFFICE\\Tpots...')
#2 {main}
Request URI: /voting-system/admin/admin.php?page=voteHistory
User Agent: Mozilla/5.0 (Windows NT 10.0; Win64; x64) AppleWebKit/537.36 (KHTML, like Gecko) Chrome/140.0.0.0 Safari/537.36
--------------------------------------------------------------------------------
[2025-09-15 10:29:51] [CUSTOM] [::1] Database connection established successfully
Context: {
    "host": "localhost",
    "database": "voting_system"
}
Request URI: /voting-system/admin/admin.php?page=analytics
User Agent: Mozilla/5.0 (Windows NT 10.0; Win64; x64) AppleWebKit/537.36 (KHTML, like Gecko) Chrome/140.0.0.0 Safari/537.36
--------------------------------------------------------------------------------
[2025-09-15 10:29:51] [CUSTOM] [::1] Database connection established successfully
Context: {
    "host": "localhost",
    "database": "voting_system"
}
Request URI: /voting-system/admin/admin.php?page=analytics
User Agent: Mozilla/5.0 (Windows NT 10.0; Win64; x64) AppleWebKit/537.36 (KHTML, like Gecko) Chrome/140.0.0.0 Safari/537.36
--------------------------------------------------------------------------------
[2025-09-15 10:29:51] [CUSTOM] [::1] Database connection established successfully
Context: {
    "host": "localhost",
    "database": "voting_system"
}
Request URI: /voting-system/admin/admin.php?page=analytics
User Agent: Mozilla/5.0 (Windows NT 10.0; Win64; x64) AppleWebKit/537.36 (KHTML, like Gecko) Chrome/140.0.0.0 Safari/537.36
--------------------------------------------------------------------------------
[2025-09-15 10:29:51] [EXCEPTION] [::1] analytics.php:150 - mysqli_fetch_assoc(): Argument #1 ($result) must be of type mysqli_result, bool given
Stack Trace:
#0 D:\OFFICE\TpotsProject\www\voting-system\admin\content\analytics.php(150): mysqli_fetch_assoc(false)
#1 D:\OFFICE\TpotsProject\www\voting-system\admin\admin.php(310): include('D:\\OFFICE\\Tpots...')
#2 {main}
Request URI: /voting-system/admin/admin.php?page=analytics
User Agent: Mozilla/5.0 (Windows NT 10.0; Win64; x64) AppleWebKit/537.36 (KHTML, like Gecko) Chrome/140.0.0.0 Safari/537.36
--------------------------------------------------------------------------------
[2025-09-15 10:29:52] [CUSTOM] [::1] Database connection established successfully
Context: {
    "host": "localhost",
    "database": "voting_system"
}
Request URI: /voting-system/admin/admin.php?page=userManagement
User Agent: Mozilla/5.0 (Windows NT 10.0; Win64; x64) AppleWebKit/537.36 (KHTML, like Gecko) Chrome/140.0.0.0 Safari/537.36
--------------------------------------------------------------------------------
[2025-09-15 10:29:52] [CUSTOM] [::1] Database connection established successfully
Context: {
    "host": "localhost",
    "database": "voting_system"
}
Request URI: /voting-system/admin/admin.php?page=userManagement
User Agent: Mozilla/5.0 (Windows NT 10.0; Win64; x64) AppleWebKit/537.36 (KHTML, like Gecko) Chrome/140.0.0.0 Safari/537.36
--------------------------------------------------------------------------------
[2025-09-15 10:29:52] [CUSTOM] [::1] Database connection established successfully
Context: {
    "host": "localhost",
    "database": "voting_system"
}
Request URI: /voting-system/admin/admin.php?page=userManagement
User Agent: Mozilla/5.0 (Windows NT 10.0; Win64; x64) AppleWebKit/537.36 (KHTML, like Gecko) Chrome/140.0.0.0 Safari/537.36
--------------------------------------------------------------------------------
[2025-09-15 10:30:51] [CUSTOM] [::1] Database connection established successfully
Context: {
    "host": "localhost",
    "database": "voting_system"
}
Request URI: /voting-system/common/postLogin.php
User Agent: Mozilla/5.0 (Windows NT 10.0; Win64; x64) AppleWebKit/537.36 (KHTML, like Gecko) Chrome/140.0.0.0 Safari/537.36
--------------------------------------------------------------------------------
[2025-09-15 10:30:51] [AUTH] [::1] User login successful
Context: {
    "user_id": "user001",
    "ip_address": "::1"
}
Request URI: /voting-system/common/postLogin.php
User Agent: Mozilla/5.0 (Windows NT 10.0; Win64; x64) AppleWebKit/537.36 (KHTML, like Gecko) Chrome/140.0.0.0 Safari/537.36
--------------------------------------------------------------------------------
[2025-09-15 10:30:51] [CUSTOM] [::1] Database connection established successfully
Context: {
    "host": "localhost",
    "database": "voting_system"
}
Request URI: /voting-system/users/user.php
User Agent: Mozilla/5.0 (Windows NT 10.0; Win64; x64) AppleWebKit/537.36 (KHTML, like Gecko) Chrome/140.0.0.0 Safari/537.36
--------------------------------------------------------------------------------
[2025-09-15 10:30:51] [CUSTOM] [::1] Database connection established successfully
Context: {
    "host": "localhost",
    "database": "voting_system"
}
Request URI: /voting-system/users/user.php
User Agent: Mozilla/5.0 (Windows NT 10.0; Win64; x64) AppleWebKit/537.36 (KHTML, like Gecko) Chrome/140.0.0.0 Safari/537.36
--------------------------------------------------------------------------------
[2025-09-15 10:30:51] [CUSTOM] [::1] Database connection established successfully
Context: {
    "host": "localhost",
    "database": "voting_system"
}
Request URI: /voting-system/users/user.php
User Agent: Mozilla/5.0 (Windows NT 10.0; Win64; x64) AppleWebKit/537.36 (KHTML, like Gecko) Chrome/140.0.0.0 Safari/537.36
--------------------------------------------------------------------------------
[2025-09-15 10:30:52] [CUSTOM] [::1] Database connection established successfully
Context: {
    "host": "localhost",
    "database": "voting_system"
}
Request URI: /voting-system/users/nominee.php
User Agent: Mozilla/5.0 (Windows NT 10.0; Win64; x64) AppleWebKit/537.36 (KHTML, like Gecko) Chrome/140.0.0.0 Safari/537.36
--------------------------------------------------------------------------------
[2025-09-15 10:30:53] [CUSTOM] [::1] Database connection established successfully
Context: {
    "host": "localhost",
    "database": "voting_system"
}
Request URI: /voting-system/users/nominee.php
User Agent: Mozilla/5.0 (Windows NT 10.0; Win64; x64) AppleWebKit/537.36 (KHTML, like Gecko) Chrome/140.0.0.0 Safari/537.36
--------------------------------------------------------------------------------
[2025-09-15 10:30:53] [CUSTOM] [::1] Database connection established successfully
Context: {
    "host": "localhost",
    "database": "voting_system"
}
Request URI: /voting-system/users/nominee.php
User Agent: Mozilla/5.0 (Windows NT 10.0; Win64; x64) AppleWebKit/537.36 (KHTML, like Gecko) Chrome/140.0.0.0 Safari/537.36
--------------------------------------------------------------------------------
[2025-09-15 10:31:07] [CUSTOM] [::1] Database connection established successfully
Context: {
    "host": "localhost",
    "database": "voting_system"
}
Request URI: /voting-system/users/newNominee.php
User Agent: Mozilla/5.0 (Windows NT 10.0; Win64; x64) AppleWebKit/537.36 (KHTML, like Gecko) Chrome/140.0.0.0 Safari/537.36
--------------------------------------------------------------------------------
[2025-09-15 10:31:18] [CUSTOM] [::1] Database connection established successfully
Context: {
    "host": "localhost",
    "database": "voting_system"
}
Request URI: /voting-system/common/formActions.php
User Agent: Mozilla/5.0 (Windows NT 10.0; Win64; x64) AppleWebKit/537.36 (KHTML, like Gecko) Chrome/140.0.0.0 Safari/537.36
--------------------------------------------------------------------------------
[2025-09-15 10:31:21] [CUSTOM] [::1] Database connection established successfully
Context: {
    "host": "localhost",
    "database": "voting_system"
}
Request URI: /voting-system/users/newNominee.php
User Agent: Mozilla/5.0 (Windows NT 10.0; Win64; x64) AppleWebKit/537.36 (KHTML, like Gecko) Chrome/140.0.0.0 Safari/537.36
--------------------------------------------------------------------------------
[2025-09-15 10:32:12] [CUSTOM] [::1] Database connection established successfully
Context: {
    "host": "localhost",
    "database": "voting_system"
}
Request URI: /voting-system/common/formActions.php
User Agent: Mozilla/5.0 (Windows NT 10.0; Win64; x64) AppleWebKit/537.36 (KHTML, like Gecko) Chrome/140.0.0.0 Safari/537.36
--------------------------------------------------------------------------------
[2025-09-15 10:32:12] [CUSTOM] [::1] Application submitted successfully
Context: {
    "user_id": "user001",
    "name": "John Smith",
    "post": "General Secretary"
}
Request URI: /voting-system/common/formActions.php
User Agent: Mozilla/5.0 (Windows NT 10.0; Win64; x64) AppleWebKit/537.36 (KHTML, like Gecko) Chrome/140.0.0.0 Safari/537.36
--------------------------------------------------------------------------------
[2025-09-15 10:32:12] [CUSTOM] [::1] Database connection established successfully
Context: {
    "host": "localhost",
    "database": "voting_system"
}
Request URI: /voting-system/users/nominee.php
User Agent: Mozilla/5.0 (Windows NT 10.0; Win64; x64) AppleWebKit/537.36 (KHTML, like Gecko) Chrome/140.0.0.0 Safari/537.36
--------------------------------------------------------------------------------
[2025-09-15 10:32:12] [CUSTOM] [::1] Database connection established successfully
Context: {
    "host": "localhost",
    "database": "voting_system"
}
Request URI: /voting-system/users/nominee.php
User Agent: Mozilla/5.0 (Windows NT 10.0; Win64; x64) AppleWebKit/537.36 (KHTML, like Gecko) Chrome/140.0.0.0 Safari/537.36
--------------------------------------------------------------------------------
[2025-09-15 10:32:12] [CUSTOM] [::1] Database connection established successfully
Context: {
    "host": "localhost",
    "database": "voting_system"
}
Request URI: /voting-system/users/nominee.php
User Agent: Mozilla/5.0 (Windows NT 10.0; Win64; x64) AppleWebKit/537.36 (KHTML, like Gecko) Chrome/140.0.0.0 Safari/537.36
--------------------------------------------------------------------------------
[2025-09-15 10:32:14] [CUSTOM] [::1] Database connection established successfully
Context: {
    "host": "localhost",
    "database": "voting_system"
}
Request URI: /voting-system/users/viewNominee.php?name=John%20Smith
User Agent: Mozilla/5.0 (Windows NT 10.0; Win64; x64) AppleWebKit/537.36 (KHTML, like Gecko) Chrome/140.0.0.0 Safari/537.36
--------------------------------------------------------------------------------
[2025-09-15 10:32:20] [CUSTOM] [::1] Database connection established successfully
Context: {
    "host": "localhost",
    "database": "voting_system"
}
Request URI: /voting-system/admin/admin.php?page=userManagement
User Agent: Mozilla/5.0 (Windows NT 10.0; Win64; x64) AppleWebKit/537.36 (KHTML, like Gecko) Chrome/140.0.0.0 Safari/537.36
--------------------------------------------------------------------------------
[2025-09-15 10:32:21] [CUSTOM] [::1] Database connection established successfully
Context: {
    "host": "localhost",
    "database": "voting_system"
}
Request URI: /voting-system/admin/admin.php?page=userManagement
User Agent: Mozilla/5.0 (Windows NT 10.0; Win64; x64) AppleWebKit/537.36 (KHTML, like Gecko) Chrome/140.0.0.0 Safari/537.36
--------------------------------------------------------------------------------
[2025-09-15 10:32:21] [CUSTOM] [::1] Database connection established successfully
Context: {
    "host": "localhost",
    "database": "voting_system"
}
Request URI: /voting-system/admin/admin.php?page=userManagement
User Agent: Mozilla/5.0 (Windows NT 10.0; Win64; x64) AppleWebKit/537.36 (KHTML, like Gecko) Chrome/140.0.0.0 Safari/537.36
--------------------------------------------------------------------------------
[2025-09-15 10:32:23] [CUSTOM] [::1] Database connection established successfully
Context: {
    "host": "localhost",
    "database": "voting_system"
}
Request URI: /voting-system/admin/admin.php?page=applications
User Agent: Mozilla/5.0 (Windows NT 10.0; Win64; x64) AppleWebKit/537.36 (KHTML, like Gecko) Chrome/140.0.0.0 Safari/537.36
--------------------------------------------------------------------------------
[2025-09-15 10:32:23] [CUSTOM] [::1] Database connection established successfully
Context: {
    "host": "localhost",
    "database": "voting_system"
}
Request URI: /voting-system/admin/admin.php?page=applications
User Agent: Mozilla/5.0 (Windows NT 10.0; Win64; x64) AppleWebKit/537.36 (KHTML, like Gecko) Chrome/140.0.0.0 Safari/537.36
--------------------------------------------------------------------------------
[2025-09-15 10:32:23] [CUSTOM] [::1] Database connection established successfully
Context: {
    "host": "localhost",
    "database": "voting_system"
}
Request URI: /voting-system/admin/admin.php?page=applications
User Agent: Mozilla/5.0 (Windows NT 10.0; Win64; x64) AppleWebKit/537.36 (KHTML, like Gecko) Chrome/140.0.0.0 Safari/537.36
--------------------------------------------------------------------------------
[2025-09-15 10:32:24] [CUSTOM] [::1] Database connection established successfully
Context: {
    "host": "localhost",
    "database": "voting_system"
}
Request URI: /voting-system/admin/viewApplicant.php?name=John%20Smith
User Agent: Mozilla/5.0 (Windows NT 10.0; Win64; x64) AppleWebKit/537.36 (KHTML, like Gecko) Chrome/140.0.0.0 Safari/537.36
--------------------------------------------------------------------------------
[2025-09-15 10:32:27] [CUSTOM] [::1] Database connection established successfully
Context: {
    "host": "localhost",
    "database": "voting_system"
}
Request URI: /voting-system/common/formActions.php?name=John%20Smith&attempts=0&status=A&comments=
User Agent: Mozilla/5.0 (Windows NT 10.0; Win64; x64) AppleWebKit/537.36 (KHTML, like Gecko) Chrome/140.0.0.0 Safari/537.36
--------------------------------------------------------------------------------
[2025-09-15 10:32:27] [CUSTOM] [::1] Database connection established successfully
Context: {
    "host": "localhost",
    "database": "voting_system"
}
Request URI: /voting-system/admin/admin.php
User Agent: Mozilla/5.0 (Windows NT 10.0; Win64; x64) AppleWebKit/537.36 (KHTML, like Gecko) Chrome/140.0.0.0 Safari/537.36
--------------------------------------------------------------------------------
[2025-09-15 10:32:27] [CUSTOM] [::1] Database connection established successfully
Context: {
    "host": "localhost",
    "database": "voting_system"
}
Request URI: /voting-system/admin/admin.php
User Agent: Mozilla/5.0 (Windows NT 10.0; Win64; x64) AppleWebKit/537.36 (KHTML, like Gecko) Chrome/140.0.0.0 Safari/537.36
--------------------------------------------------------------------------------
[2025-09-15 10:32:27] [CUSTOM] [::1] Database connection established successfully
Context: {
    "host": "localhost",
    "database": "voting_system"
}
Request URI: /voting-system/admin/admin.php
User Agent: Mozilla/5.0 (Windows NT 10.0; Win64; x64) AppleWebKit/537.36 (KHTML, like Gecko) Chrome/140.0.0.0 Safari/537.36
--------------------------------------------------------------------------------
[2025-09-15 10:32:29] [CUSTOM] [::1] Database connection established successfully
Context: {
    "host": "localhost",
    "database": "voting_system"
}
Request URI: /voting-system/admin/admin.php?page=electionStatus
User Agent: Mozilla/5.0 (Windows NT 10.0; Win64; x64) AppleWebKit/537.36 (KHTML, like Gecko) Chrome/140.0.0.0 Safari/537.36
--------------------------------------------------------------------------------
[2025-09-15 10:32:29] [CUSTOM] [::1] Database connection established successfully
Context: {
    "host": "localhost",
    "database": "voting_system"
}
Request URI: /voting-system/admin/admin.php?page=electionStatus
User Agent: Mozilla/5.0 (Windows NT 10.0; Win64; x64) AppleWebKit/537.36 (KHTML, like Gecko) Chrome/140.0.0.0 Safari/537.36
--------------------------------------------------------------------------------
[2025-09-15 10:32:29] [CUSTOM] [::1] Database connection established successfully
Context: {
    "host": "localhost",
    "database": "voting_system"
}
Request URI: /voting-system/admin/admin.php?page=electionStatus
User Agent: Mozilla/5.0 (Windows NT 10.0; Win64; x64) AppleWebKit/537.36 (KHTML, like Gecko) Chrome/140.0.0.0 Safari/537.36
--------------------------------------------------------------------------------
[2025-09-15 10:32:29] [CUSTOM] [::1] Database connection established successfully
Context: {
    "host": "localhost",
    "database": "voting_system"
}
Request URI: /voting-system/admin/admin.php?page=electionStatus
User Agent: Mozilla/5.0 (Windows NT 10.0; Win64; x64) AppleWebKit/537.36 (KHTML, like Gecko) Chrome/140.0.0.0 Safari/537.36
--------------------------------------------------------------------------------
[2025-09-15 10:32:29] [CUSTOM] [::1] Database connection established successfully
Context: {
    "host": "localhost",
    "database": "voting_system"
}
Request URI: /voting-system/admin/admin.php?page=candidates
User Agent: Mozilla/5.0 (Windows NT 10.0; Win64; x64) AppleWebKit/537.36 (KHTML, like Gecko) Chrome/140.0.0.0 Safari/537.36
--------------------------------------------------------------------------------
[2025-09-15 10:32:29] [CUSTOM] [::1] Database connection established successfully
Context: {
    "host": "localhost",
    "database": "voting_system"
}
Request URI: /voting-system/admin/admin.php?page=candidates
User Agent: Mozilla/5.0 (Windows NT 10.0; Win64; x64) AppleWebKit/537.36 (KHTML, like Gecko) Chrome/140.0.0.0 Safari/537.36
--------------------------------------------------------------------------------
[2025-09-15 10:32:29] [CUSTOM] [::1] Database connection established successfully
Context: {
    "host": "localhost",
    "database": "voting_system"
}
Request URI: /voting-system/admin/admin.php?page=candidates
User Agent: Mozilla/5.0 (Windows NT 10.0; Win64; x64) AppleWebKit/537.36 (KHTML, like Gecko) Chrome/140.0.0.0 Safari/537.36
--------------------------------------------------------------------------------
[2025-09-15 10:32:30] [CUSTOM] [::1] Database connection established successfully
Context: {
    "host": "localhost",
    "database": "voting_system"
}
Request URI: /voting-system/admin/admin.php?page=applications
User Agent: Mozilla/5.0 (Windows NT 10.0; Win64; x64) AppleWebKit/537.36 (KHTML, like Gecko) Chrome/140.0.0.0 Safari/537.36
--------------------------------------------------------------------------------
[2025-09-15 10:32:30] [CUSTOM] [::1] Database connection established successfully
Context: {
    "host": "localhost",
    "database": "voting_system"
}
Request URI: /voting-system/admin/admin.php?page=applications
User Agent: Mozilla/5.0 (Windows NT 10.0; Win64; x64) AppleWebKit/537.36 (KHTML, like Gecko) Chrome/140.0.0.0 Safari/537.36
--------------------------------------------------------------------------------
[2025-09-15 10:32:30] [CUSTOM] [::1] Database connection established successfully
Context: {
    "host": "localhost",
    "database": "voting_system"
}
Request URI: /voting-system/admin/admin.php?page=applications
User Agent: Mozilla/5.0 (Windows NT 10.0; Win64; x64) AppleWebKit/537.36 (KHTML, like Gecko) Chrome/140.0.0.0 Safari/537.36
--------------------------------------------------------------------------------
[2025-09-15 10:32:32] [CUSTOM] [::1] Database connection established successfully
Context: {
    "host": "localhost",
    "database": "voting_system"
}
Request URI: /voting-system/admin/admin.php?page=candidates
User Agent: Mozilla/5.0 (Windows NT 10.0; Win64; x64) AppleWebKit/537.36 (KHTML, like Gecko) Chrome/140.0.0.0 Safari/537.36
--------------------------------------------------------------------------------
[2025-09-15 10:32:32] [CUSTOM] [::1] Database connection established successfully
Context: {
    "host": "localhost",
    "database": "voting_system"
}
Request URI: /voting-system/admin/admin.php?page=candidates
User Agent: Mozilla/5.0 (Windows NT 10.0; Win64; x64) AppleWebKit/537.36 (KHTML, like Gecko) Chrome/140.0.0.0 Safari/537.36
--------------------------------------------------------------------------------
[2025-09-15 10:32:32] [CUSTOM] [::1] Database connection established successfully
Context: {
    "host": "localhost",
    "database": "voting_system"
}
Request URI: /voting-system/admin/admin.php?page=candidates
User Agent: Mozilla/5.0 (Windows NT 10.0; Win64; x64) AppleWebKit/537.36 (KHTML, like Gecko) Chrome/140.0.0.0 Safari/537.36
--------------------------------------------------------------------------------
[2025-09-15 10:36:50] [CUSTOM] [::1] Database connection established successfully
Context: {
    "host": "localhost",
    "database": "voting_system"
}
Request URI: /voting-system/admin/admin.php?page=candidates
User Agent: Mozilla/5.0 (Windows NT 10.0; Win64; x64) AppleWebKit/537.36 (KHTML, like Gecko) Chrome/140.0.0.0 Safari/537.36
--------------------------------------------------------------------------------
[2025-09-15 10:36:50] [CUSTOM] [::1] Database connection established successfully
Context: {
    "host": "localhost",
    "database": "voting_system"
}
Request URI: /voting-system/admin/admin.php?page=candidates
User Agent: Mozilla/5.0 (Windows NT 10.0; Win64; x64) AppleWebKit/537.36 (KHTML, like Gecko) Chrome/140.0.0.0 Safari/537.36
--------------------------------------------------------------------------------
[2025-09-15 10:36:50] [CUSTOM] [::1] Database connection established successfully
Context: {
    "host": "localhost",
    "database": "voting_system"
}
Request URI: /voting-system/admin/admin.php?page=candidates
User Agent: Mozilla/5.0 (Windows NT 10.0; Win64; x64) AppleWebKit/537.36 (KHTML, like Gecko) Chrome/140.0.0.0 Safari/537.36
--------------------------------------------------------------------------------
[2025-09-15 10:36:52] [CUSTOM] [::1] Database connection established successfully
Context: {
    "host": "localhost",
    "database": "voting_system"
}
Request URI: /voting-system/admin/admin.php?page=settings
User Agent: Mozilla/5.0 (Windows NT 10.0; Win64; x64) AppleWebKit/537.36 (KHTML, like Gecko) Chrome/140.0.0.0 Safari/537.36
--------------------------------------------------------------------------------
[2025-09-15 10:36:52] [CUSTOM] [::1] Database connection established successfully
Context: {
    "host": "localhost",
    "database": "voting_system"
}
Request URI: /voting-system/admin/admin.php?page=settings
User Agent: Mozilla/5.0 (Windows NT 10.0; Win64; x64) AppleWebKit/537.36 (KHTML, like Gecko) Chrome/140.0.0.0 Safari/537.36
--------------------------------------------------------------------------------
[2025-09-15 10:36:52] [CUSTOM] [::1] Database connection established successfully
Context: {
    "host": "localhost",
    "database": "voting_system"
}
Request URI: /voting-system/admin/admin.php?page=settings
User Agent: Mozilla/5.0 (Windows NT 10.0; Win64; x64) AppleWebKit/537.36 (KHTML, like Gecko) Chrome/140.0.0.0 Safari/537.36
--------------------------------------------------------------------------------
[2025-09-15 10:36:52] [WARNING] [::1] settings.php:2 - include_once(../../common/connect.php): Failed to open stream: No such file or directory
Request URI: /voting-system/admin/admin.php?page=settings
User Agent: Mozilla/5.0 (Windows NT 10.0; Win64; x64) AppleWebKit/537.36 (KHTML, like Gecko) Chrome/140.0.0.0 Safari/537.36
--------------------------------------------------------------------------------
[2025-09-15 10:36:52] [WARNING] [::1] settings.php:2 - include_once(): Failed opening '../../common/connect.php' for inclusion (include_path='.;C:\php\pear')
Request URI: /voting-system/admin/admin.php?page=settings
User Agent: Mozilla/5.0 (Windows NT 10.0; Win64; x64) AppleWebKit/537.36 (KHTML, like Gecko) Chrome/140.0.0.0 Safari/537.36
--------------------------------------------------------------------------------
[2025-09-15 10:36:52] [WARNING] [::1] settings.php:3 - include_once(../../common/errorLogger.php): Failed to open stream: No such file or directory
Request URI: /voting-system/admin/admin.php?page=settings
User Agent: Mozilla/5.0 (Windows NT 10.0; Win64; x64) AppleWebKit/537.36 (KHTML, like Gecko) Chrome/140.0.0.0 Safari/537.36
--------------------------------------------------------------------------------
[2025-09-15 10:36:52] [WARNING] [::1] settings.php:3 - include_once(): Failed opening '../../common/errorLogger.php' for inclusion (include_path='.;C:\php\pear')
Request URI: /voting-system/admin/admin.php?page=settings
User Agent: Mozilla/5.0 (Windows NT 10.0; Win64; x64) AppleWebKit/537.36 (KHTML, like Gecko) Chrome/140.0.0.0 Safari/537.36
--------------------------------------------------------------------------------
[2025-09-15 10:38:04] [CUSTOM] [::1] Database connection established successfully
Context: {
    "host": "localhost",
    "database": "voting_system"
}
Request URI: /voting-system/admin/admin.php?page=settings
User Agent: Mozilla/5.0 (Windows NT 10.0; Win64; x64) AppleWebKit/537.36 (KHTML, like Gecko) Chrome/140.0.0.0 Safari/537.36
--------------------------------------------------------------------------------
[2025-09-15 10:38:04] [CUSTOM] [::1] Database connection established successfully
Context: {
    "host": "localhost",
    "database": "voting_system"
}
Request URI: /voting-system/admin/admin.php?page=settings
User Agent: Mozilla/5.0 (Windows NT 10.0; Win64; x64) AppleWebKit/537.36 (KHTML, like Gecko) Chrome/140.0.0.0 Safari/537.36
--------------------------------------------------------------------------------
[2025-09-15 10:38:04] [CUSTOM] [::1] Database connection established successfully
Context: {
    "host": "localhost",
    "database": "voting_system"
}
Request URI: /voting-system/admin/admin.php?page=settings
User Agent: Mozilla/5.0 (Windows NT 10.0; Win64; x64) AppleWebKit/537.36 (KHTML, like Gecko) Chrome/140.0.0.0 Safari/537.36
--------------------------------------------------------------------------------
[2025-09-15 10:38:04] [WARNING] [::1] settings.php:2 - include_once(../../common/connect.php): Failed to open stream: No such file or directory
Request URI: /voting-system/admin/admin.php?page=settings
User Agent: Mozilla/5.0 (Windows NT 10.0; Win64; x64) AppleWebKit/537.36 (KHTML, like Gecko) Chrome/140.0.0.0 Safari/537.36
--------------------------------------------------------------------------------
[2025-09-15 10:38:04] [WARNING] [::1] settings.php:2 - include_once(): Failed opening '../../common/connect.php' for inclusion (include_path='.;C:\php\pear')
Request URI: /voting-system/admin/admin.php?page=settings
User Agent: Mozilla/5.0 (Windows NT 10.0; Win64; x64) AppleWebKit/537.36 (KHTML, like Gecko) Chrome/140.0.0.0 Safari/537.36
--------------------------------------------------------------------------------
[2025-09-15 10:38:04] [WARNING] [::1] settings.php:3 - include_once(../../common/errorLogger.php): Failed to open stream: No such file or directory
Request URI: /voting-system/admin/admin.php?page=settings
User Agent: Mozilla/5.0 (Windows NT 10.0; Win64; x64) AppleWebKit/537.36 (KHTML, like Gecko) Chrome/140.0.0.0 Safari/537.36
--------------------------------------------------------------------------------
[2025-09-15 10:38:04] [WARNING] [::1] settings.php:3 - include_once(): Failed opening '../../common/errorLogger.php' for inclusion (include_path='.;C:\php\pear')
Request URI: /voting-system/admin/admin.php?page=settings
User Agent: Mozilla/5.0 (Windows NT 10.0; Win64; x64) AppleWebKit/537.36 (KHTML, like Gecko) Chrome/140.0.0.0 Safari/537.36
--------------------------------------------------------------------------------
[2025-09-15 10:38:12] [CUSTOM] [::1] Database connection established successfully
Context: {
    "host": "localhost",
    "database": "voting_system"
}
Request URI: /voting-system/admin/admin.php?page=settings
User Agent: Mozilla/5.0 (Windows NT 10.0; Win64; x64) AppleWebKit/537.36 (KHTML, like Gecko) Chrome/140.0.0.0 Safari/537.36
--------------------------------------------------------------------------------
[2025-09-15 10:38:12] [CUSTOM] [::1] Database connection established successfully
Context: {
    "host": "localhost",
    "database": "voting_system"
}
Request URI: /voting-system/admin/admin.php?page=settings
User Agent: Mozilla/5.0 (Windows NT 10.0; Win64; x64) AppleWebKit/537.36 (KHTML, like Gecko) Chrome/140.0.0.0 Safari/537.36
--------------------------------------------------------------------------------
[2025-09-15 10:38:12] [CUSTOM] [::1] Database connection established successfully
Context: {
    "host": "localhost",
    "database": "voting_system"
}
Request URI: /voting-system/admin/admin.php?page=settings
User Agent: Mozilla/5.0 (Windows NT 10.0; Win64; x64) AppleWebKit/537.36 (KHTML, like Gecko) Chrome/140.0.0.0 Safari/537.36
--------------------------------------------------------------------------------
[2025-09-15 10:38:12] [WARNING] [::1] settings.php:2 - include_once(../../common/connect.php): Failed to open stream: No such file or directory
Request URI: /voting-system/admin/admin.php?page=settings
User Agent: Mozilla/5.0 (Windows NT 10.0; Win64; x64) AppleWebKit/537.36 (KHTML, like Gecko) Chrome/140.0.0.0 Safari/537.36
--------------------------------------------------------------------------------
[2025-09-15 10:38:12] [WARNING] [::1] settings.php:2 - include_once(): Failed opening '../../common/connect.php' for inclusion (include_path='.;C:\php\pear')
Request URI: /voting-system/admin/admin.php?page=settings
User Agent: Mozilla/5.0 (Windows NT 10.0; Win64; x64) AppleWebKit/537.36 (KHTML, like Gecko) Chrome/140.0.0.0 Safari/537.36
--------------------------------------------------------------------------------
[2025-09-15 10:38:12] [WARNING] [::1] settings.php:3 - include_once(../../common/errorLogger.php): Failed to open stream: No such file or directory
Request URI: /voting-system/admin/admin.php?page=settings
User Agent: Mozilla/5.0 (Windows NT 10.0; Win64; x64) AppleWebKit/537.36 (KHTML, like Gecko) Chrome/140.0.0.0 Safari/537.36
--------------------------------------------------------------------------------
[2025-09-15 10:38:12] [WARNING] [::1] settings.php:3 - include_once(): Failed opening '../../common/errorLogger.php' for inclusion (include_path='.;C:\php\pear')
Request URI: /voting-system/admin/admin.php?page=settings
User Agent: Mozilla/5.0 (Windows NT 10.0; Win64; x64) AppleWebKit/537.36 (KHTML, like Gecko) Chrome/140.0.0.0 Safari/537.36
--------------------------------------------------------------------------------
[2025-09-15 10:38:14] [CUSTOM] [::1] Database connection established successfully
Context: {
    "host": "localhost",
    "database": "voting_system"
}
Request URI: /voting-system/common/voteActions.php
User Agent: Mozilla/5.0 (Windows NT 10.0; Win64; x64) AppleWebKit/537.36 (KHTML, like Gecko) Chrome/140.0.0.0 Safari/537.36
--------------------------------------------------------------------------------
[2025-09-15 10:38:14] [CUSTOM] [::1] Database reset with dummy data by admin
Context: {
    "admin_id": "admin"
}
Request URI: /voting-system/common/voteActions.php
User Agent: Mozilla/5.0 (Windows NT 10.0; Win64; x64) AppleWebKit/537.36 (KHTML, like Gecko) Chrome/140.0.0.0 Safari/537.36
--------------------------------------------------------------------------------
[2025-09-15 10:38:14] [CUSTOM] [::1] Database connection established successfully
Context: {
    "host": "localhost",
    "database": "voting_system"
}
Request URI: /voting-system/admin/admin.php
User Agent: Mozilla/5.0 (Windows NT 10.0; Win64; x64) AppleWebKit/537.36 (KHTML, like Gecko) Chrome/140.0.0.0 Safari/537.36
--------------------------------------------------------------------------------
[2025-09-15 10:38:14] [CUSTOM] [::1] Database connection established successfully
Context: {
    "host": "localhost",
    "database": "voting_system"
}
Request URI: /voting-system/admin/admin.php
User Agent: Mozilla/5.0 (Windows NT 10.0; Win64; x64) AppleWebKit/537.36 (KHTML, like Gecko) Chrome/140.0.0.0 Safari/537.36
--------------------------------------------------------------------------------
[2025-09-15 10:38:14] [CUSTOM] [::1] Database connection established successfully
Context: {
    "host": "localhost",
    "database": "voting_system"
}
Request URI: /voting-system/admin/admin.php
User Agent: Mozilla/5.0 (Windows NT 10.0; Win64; x64) AppleWebKit/537.36 (KHTML, like Gecko) Chrome/140.0.0.0 Safari/537.36
--------------------------------------------------------------------------------
[2025-09-15 10:38:16] [CUSTOM] [::1] Database connection established successfully
Context: {
    "host": "localhost",
    "database": "voting_system"
}
Request URI: /voting-system/admin/admin.php?page=electionStatus
User Agent: Mozilla/5.0 (Windows NT 10.0; Win64; x64) AppleWebKit/537.36 (KHTML, like Gecko) Chrome/140.0.0.0 Safari/537.36
--------------------------------------------------------------------------------
[2025-09-15 10:38:16] [CUSTOM] [::1] Database connection established successfully
Context: {
    "host": "localhost",
    "database": "voting_system"
}
Request URI: /voting-system/admin/admin.php?page=electionStatus
User Agent: Mozilla/5.0 (Windows NT 10.0; Win64; x64) AppleWebKit/537.36 (KHTML, like Gecko) Chrome/140.0.0.0 Safari/537.36
--------------------------------------------------------------------------------
[2025-09-15 10:38:16] [CUSTOM] [::1] Database connection established successfully
Context: {
    "host": "localhost",
    "database": "voting_system"
}
Request URI: /voting-system/admin/admin.php?page=electionStatus
User Agent: Mozilla/5.0 (Windows NT 10.0; Win64; x64) AppleWebKit/537.36 (KHTML, like Gecko) Chrome/140.0.0.0 Safari/537.36
--------------------------------------------------------------------------------
[2025-09-15 10:38:16] [CUSTOM] [::1] Database connection established successfully
Context: {
    "host": "localhost",
    "database": "voting_system"
}
Request URI: /voting-system/admin/admin.php?page=electionStatus
User Agent: Mozilla/5.0 (Windows NT 10.0; Win64; x64) AppleWebKit/537.36 (KHTML, like Gecko) Chrome/140.0.0.0 Safari/537.36
--------------------------------------------------------------------------------
[2025-09-15 10:39:03] [CUSTOM] [::1] Database connection established successfully
Context: {
    "host": "localhost",
    "database": "voting_system"
}
Request URI: /voting-system/admin/admin.php?page=errorLogs
User Agent: Mozilla/5.0 (Windows NT 10.0; Win64; x64) AppleWebKit/537.36 (KHTML, like Gecko) Chrome/140.0.0.0 Safari/537.36
--------------------------------------------------------------------------------
[2025-09-15 10:39:03] [CUSTOM] [::1] Database connection established successfully
Context: {
    "host": "localhost",
    "database": "voting_system"
}
Request URI: /voting-system/admin/admin.php?page=errorLogs
User Agent: Mozilla/5.0 (Windows NT 10.0; Win64; x64) AppleWebKit/537.36 (KHTML, like Gecko) Chrome/140.0.0.0 Safari/537.36
--------------------------------------------------------------------------------
[2025-09-15 10:39:03] [CUSTOM] [::1] Database connection established successfully
Context: {
    "host": "localhost",
    "database": "voting_system"
}
Request URI: /voting-system/admin/admin.php?page=errorLogs
User Agent: Mozilla/5.0 (Windows NT 10.0; Win64; x64) AppleWebKit/537.36 (KHTML, like Gecko) Chrome/140.0.0.0 Safari/537.36
--------------------------------------------------------------------------------
[2025-09-15 10:39:04] [CUSTOM] [::1] Database connection established successfully
Context: {
    "host": "localhost",
    "database": "voting_system"
}
Request URI: /voting-system/admin/downloadLogs.php
User Agent: Mozilla/5.0 (Windows NT 10.0; Win64; x64) AppleWebKit/537.36 (KHTML, like Gecko) Chrome/140.0.0.0 Safari/537.36
--------------------------------------------------------------------------------
[2025-09-15 10:39:04] [WARNING] [::1] downloadLogs.php:4 - Undefined variable $_SESSION
Request URI: /voting-system/admin/downloadLogs.php
User Agent: Mozilla/5.0 (Windows NT 10.0; Win64; x64) AppleWebKit/537.36 (KHTML, like Gecko) Chrome/140.0.0.0 Safari/537.36
--------------------------------------------------------------------------------
[2025-09-15 10:39:04] [WARNING] [::1] downloadLogs.php:4 - Trying to access array offset on value of type null
Request URI: /voting-system/admin/downloadLogs.php
User Agent: Mozilla/5.0 (Windows NT 10.0; Win64; x64) AppleWebKit/537.36 (KHTML, like Gecko) Chrome/140.0.0.0 Safari/537.36
--------------------------------------------------------------------------------
[2025-09-15 10:39:10] [CUSTOM] [::1] Database connection established successfully
Context: {
    "host": "localhost",
    "database": "voting_system"
}
Request URI: /voting-system/admin/clearLogs.php
User Agent: Mozilla/5.0 (Windows NT 10.0; Win64; x64) AppleWebKit/537.36 (KHTML, like Gecko) Chrome/140.0.0.0 Safari/537.36
--------------------------------------------------------------------------------
[2025-09-15 10:39:10] [WARNING] [::1] clearLogs.php:4 - Undefined variable $_SESSION
Request URI: /voting-system/admin/clearLogs.php
User Agent: Mozilla/5.0 (Windows NT 10.0; Win64; x64) AppleWebKit/537.36 (KHTML, like Gecko) Chrome/140.0.0.0 Safari/537.36
--------------------------------------------------------------------------------
[2025-09-15 10:39:10] [WARNING] [::1] clearLogs.php:4 - Trying to access array offset on value of type null
Request URI: /voting-system/admin/clearLogs.php
User Agent: Mozilla/5.0 (Windows NT 10.0; Win64; x64) AppleWebKit/537.36 (KHTML, like Gecko) Chrome/140.0.0.0 Safari/537.36
--------------------------------------------------------------------------------
[2025-09-15 10:39:12] [CUSTOM] [::1] Database connection established successfully
Context: {
    "host": "localhost",
    "database": "voting_system"
}
Request URI: /voting-system/admin/downloadLogs.php
User Agent: Mozilla/5.0 (Windows NT 10.0; Win64; x64) AppleWebKit/537.36 (KHTML, like Gecko) Chrome/140.0.0.0 Safari/537.36
--------------------------------------------------------------------------------
[2025-09-15 10:39:12] [WARNING] [::1] downloadLogs.php:4 - Undefined variable $_SESSION
Request URI: /voting-system/admin/downloadLogs.php
User Agent: Mozilla/5.0 (Windows NT 10.0; Win64; x64) AppleWebKit/537.36 (KHTML, like Gecko) Chrome/140.0.0.0 Safari/537.36
--------------------------------------------------------------------------------
[2025-09-15 10:39:12] [WARNING] [::1] downloadLogs.php:4 - Trying to access array offset on value of type null
Request URI: /voting-system/admin/downloadLogs.php
User Agent: Mozilla/5.0 (Windows NT 10.0; Win64; x64) AppleWebKit/537.36 (KHTML, like Gecko) Chrome/140.0.0.0 Safari/537.36
--------------------------------------------------------------------------------
[2025-09-15 10:40:36] [CUSTOM] [::1] Database connection established successfully
Context: {
    "host": "localhost",
    "database": "voting_system"
}
Request URI: /voting-system/admin/admin.php?page=analytics
User Agent: Mozilla/5.0 (Windows NT 10.0; Win64; x64) AppleWebKit/537.36 (KHTML, like Gecko) Chrome/140.0.0.0 Safari/537.36
--------------------------------------------------------------------------------
[2025-09-15 10:40:36] [CUSTOM] [::1] Database connection established successfully
Context: {
    "host": "localhost",
    "database": "voting_system"
}
Request URI: /voting-system/admin/admin.php?page=analytics
User Agent: Mozilla/5.0 (Windows NT 10.0; Win64; x64) AppleWebKit/537.36 (KHTML, like Gecko) Chrome/140.0.0.0 Safari/537.36
--------------------------------------------------------------------------------
[2025-09-15 10:40:36] [CUSTOM] [::1] Database connection established successfully
Context: {
    "host": "localhost",
    "database": "voting_system"
}
Request URI: /voting-system/admin/admin.php?page=analytics
User Agent: Mozilla/5.0 (Windows NT 10.0; Win64; x64) AppleWebKit/537.36 (KHTML, like Gecko) Chrome/140.0.0.0 Safari/537.36
--------------------------------------------------------------------------------
[2025-09-15 10:40:36] [WARNING] [::1] analytics.php:2 - include_once(../../common/connect.php): Failed to open stream: No such file or directory
Request URI: /voting-system/admin/admin.php?page=analytics
User Agent: Mozilla/5.0 (Windows NT 10.0; Win64; x64) AppleWebKit/537.36 (KHTML, like Gecko) Chrome/140.0.0.0 Safari/537.36
--------------------------------------------------------------------------------
[2025-09-15 10:40:36] [WARNING] [::1] analytics.php:2 - include_once(): Failed opening '../../common/connect.php' for inclusion (include_path='.;C:\php\pear')
Request URI: /voting-system/admin/admin.php?page=analytics
User Agent: Mozilla/5.0 (Windows NT 10.0; Win64; x64) AppleWebKit/537.36 (KHTML, like Gecko) Chrome/140.0.0.0 Safari/537.36
--------------------------------------------------------------------------------
[2025-09-15 10:40:36] [WARNING] [::1] analytics.php:3 - include_once(../../common/errorLogger.php): Failed to open stream: No such file or directory
Request URI: /voting-system/admin/admin.php?page=analytics
User Agent: Mozilla/5.0 (Windows NT 10.0; Win64; x64) AppleWebKit/537.36 (KHTML, like Gecko) Chrome/140.0.0.0 Safari/537.36
--------------------------------------------------------------------------------
[2025-09-15 10:40:36] [WARNING] [::1] analytics.php:3 - include_once(): Failed opening '../../common/errorLogger.php' for inclusion (include_path='.;C:\php\pear')
Request URI: /voting-system/admin/admin.php?page=analytics
User Agent: Mozilla/5.0 (Windows NT 10.0; Win64; x64) AppleWebKit/537.36 (KHTML, like Gecko) Chrome/140.0.0.0 Safari/537.36
--------------------------------------------------------------------------------
[2025-09-15 10:40:44] [CUSTOM] [::1] Database connection established successfully
Context: {
    "host": "localhost",
    "database": "voting_system"
}
Request URI: /voting-system/admin/admin.php?page=voteHistory
User Agent: Mozilla/5.0 (Windows NT 10.0; Win64; x64) AppleWebKit/537.36 (KHTML, like Gecko) Chrome/140.0.0.0 Safari/537.36
--------------------------------------------------------------------------------
[2025-09-15 10:40:44] [CUSTOM] [::1] Database connection established successfully
Context: {
    "host": "localhost",
    "database": "voting_system"
}
Request URI: /voting-system/admin/admin.php?page=voteHistory
User Agent: Mozilla/5.0 (Windows NT 10.0; Win64; x64) AppleWebKit/537.36 (KHTML, like Gecko) Chrome/140.0.0.0 Safari/537.36
--------------------------------------------------------------------------------
[2025-09-15 10:40:44] [CUSTOM] [::1] Database connection established successfully
Context: {
    "host": "localhost",
    "database": "voting_system"
}
Request URI: /voting-system/admin/admin.php?page=voteHistory
User Agent: Mozilla/5.0 (Windows NT 10.0; Win64; x64) AppleWebKit/537.36 (KHTML, like Gecko) Chrome/140.0.0.0 Safari/537.36
--------------------------------------------------------------------------------
[2025-09-15 10:40:44] [EXCEPTION] [::1] voteHistory.php:80 - mysqli_num_rows(): Argument #1 ($result) must be of type mysqli_result, bool given
Stack Trace:
#0 D:\OFFICE\TpotsProject\www\voting-system\admin\content\voteHistory.php(80): mysqli_num_rows(false)
#1 D:\OFFICE\TpotsProject\www\voting-system\admin\admin.php(313): include('D:\\OFFICE\\Tpots...')
#2 {main}
Request URI: /voting-system/admin/admin.php?page=voteHistory
User Agent: Mozilla/5.0 (Windows NT 10.0; Win64; x64) AppleWebKit/537.36 (KHTML, like Gecko) Chrome/140.0.0.0 Safari/537.36
--------------------------------------------------------------------------------
[2025-09-15 10:40:44] [CUSTOM] [::1] Database connection established successfully
Context: {
    "host": "localhost",
    "database": "voting_system"
}
Request URI: /voting-system/admin/admin.php?page=candidates
User Agent: Mozilla/5.0 (Windows NT 10.0; Win64; x64) AppleWebKit/537.36 (KHTML, like Gecko) Chrome/140.0.0.0 Safari/537.36
--------------------------------------------------------------------------------
[2025-09-15 10:40:44] [CUSTOM] [::1] Database connection established successfully
Context: {
    "host": "localhost",
    "database": "voting_system"
}
Request URI: /voting-system/admin/admin.php?page=candidates
User Agent: Mozilla/5.0 (Windows NT 10.0; Win64; x64) AppleWebKit/537.36 (KHTML, like Gecko) Chrome/140.0.0.0 Safari/537.36
--------------------------------------------------------------------------------
[2025-09-15 10:40:44] [CUSTOM] [::1] Database connection established successfully
Context: {
    "host": "localhost",
    "database": "voting_system"
}
Request URI: /voting-system/admin/admin.php?page=candidates
User Agent: Mozilla/5.0 (Windows NT 10.0; Win64; x64) AppleWebKit/537.36 (KHTML, like Gecko) Chrome/140.0.0.0 Safari/537.36
--------------------------------------------------------------------------------
[2025-09-15 10:40:46] [CUSTOM] [::1] Database connection established successfully
Context: {
    "host": "localhost",
    "database": "voting_system"
}
Request URI: /voting-system/admin/admin.php?page=applications
User Agent: Mozilla/5.0 (Windows NT 10.0; Win64; x64) AppleWebKit/537.36 (KHTML, like Gecko) Chrome/140.0.0.0 Safari/537.36
--------------------------------------------------------------------------------
[2025-09-15 10:40:46] [CUSTOM] [::1] Database connection established successfully
Context: {
    "host": "localhost",
    "database": "voting_system"
}
Request URI: /voting-system/admin/admin.php?page=applications
User Agent: Mozilla/5.0 (Windows NT 10.0; Win64; x64) AppleWebKit/537.36 (KHTML, like Gecko) Chrome/140.0.0.0 Safari/537.36
--------------------------------------------------------------------------------
[2025-09-15 10:40:46] [CUSTOM] [::1] Database connection established successfully
Context: {
    "host": "localhost",
    "database": "voting_system"
}
Request URI: /voting-system/admin/admin.php?page=applications
User Agent: Mozilla/5.0 (Windows NT 10.0; Win64; x64) AppleWebKit/537.36 (KHTML, like Gecko) Chrome/140.0.0.0 Safari/537.36
--------------------------------------------------------------------------------
[2025-09-15 10:40:47] [CUSTOM] [::1] Database connection established successfully
Context: {
    "host": "localhost",
    "database": "voting_system"
}
Request URI: /voting-system/admin/admin.php?page=voteHistory
User Agent: Mozilla/5.0 (Windows NT 10.0; Win64; x64) AppleWebKit/537.36 (KHTML, like Gecko) Chrome/140.0.0.0 Safari/537.36
--------------------------------------------------------------------------------
[2025-09-15 10:40:47] [CUSTOM] [::1] Database connection established successfully
Context: {
    "host": "localhost",
    "database": "voting_system"
}
Request URI: /voting-system/admin/admin.php?page=voteHistory
User Agent: Mozilla/5.0 (Windows NT 10.0; Win64; x64) AppleWebKit/537.36 (KHTML, like Gecko) Chrome/140.0.0.0 Safari/537.36
--------------------------------------------------------------------------------
[2025-09-15 10:40:47] [CUSTOM] [::1] Database connection established successfully
Context: {
    "host": "localhost",
    "database": "voting_system"
}
Request URI: /voting-system/admin/admin.php?page=voteHistory
User Agent: Mozilla/5.0 (Windows NT 10.0; Win64; x64) AppleWebKit/537.36 (KHTML, like Gecko) Chrome/140.0.0.0 Safari/537.36
--------------------------------------------------------------------------------
[2025-09-15 10:40:47] [EXCEPTION] [::1] voteHistory.php:80 - mysqli_num_rows(): Argument #1 ($result) must be of type mysqli_result, bool given
Stack Trace:
#0 D:\OFFICE\TpotsProject\www\voting-system\admin\content\voteHistory.php(80): mysqli_num_rows(false)
#1 D:\OFFICE\TpotsProject\www\voting-system\admin\admin.php(313): include('D:\\OFFICE\\Tpots...')
#2 {main}
Request URI: /voting-system/admin/admin.php?page=voteHistory
User Agent: Mozilla/5.0 (Windows NT 10.0; Win64; x64) AppleWebKit/537.36 (KHTML, like Gecko) Chrome/140.0.0.0 Safari/537.36
--------------------------------------------------------------------------------
[2025-09-15 10:48:20] [CUSTOM] [::1] Database connection established successfully
Context: {
    "host": "localhost",
    "database": "voting_system"
}
Request URI: /voting-system/users/user.php
User Agent: Mozilla/5.0 (Windows NT 10.0; Win64; x64) AppleWebKit/537.36 (KHTML, like Gecko) Chrome/140.0.0.0 Safari/537.36
--------------------------------------------------------------------------------
[2025-09-15 10:48:20] [CUSTOM] [::1] Database connection established successfully
Context: {
    "host": "localhost",
    "database": "voting_system"
}
Request URI: /voting-system/users/user.php
User Agent: Mozilla/5.0 (Windows NT 10.0; Win64; x64) AppleWebKit/537.36 (KHTML, like Gecko) Chrome/140.0.0.0 Safari/537.36
--------------------------------------------------------------------------------
[2025-09-15 10:48:20] [CUSTOM] [::1] Database connection established successfully
Context: {
    "host": "localhost",
    "database": "voting_system"
}
Request URI: /voting-system/users/user.php
User Agent: Mozilla/5.0 (Windows NT 10.0; Win64; x64) AppleWebKit/537.36 (KHTML, like Gecko) Chrome/140.0.0.0 Safari/537.36
--------------------------------------------------------------------------------
